5983302,0
6382836,1
4599649,0
6558441,0
9635167,0
9915673,0
3002041,0
3927024,0
6807086,1
2160612,1
3078703,1
8090484,0
2449352,0
3836404,0
3773773,1
2497942,1
8438675,0
3096938,0
3102013,1
2203022,1
4329341,0
6459874,0
7271298,0
5891789,0
6714383,0
206020,1
8387838,1
6523755,0
1937391,1
7205466,0
7699967,1
4358538,0
5863950,0
3477400,0
6143333,0
219318,0
4403642,0
2269622,1
8613168,1
1736152,0
822354,0
1754028,0
7318054,0
3742473,1
6404882,0
8326238,1
675855,0
6557752,0
8377842,0
8552117,0
5683440,0
3808083,1
2004002,1
4318089,0
397715,0
5728275,1
2647462,1
2558552,1
5923630,0
165020,0
1883881,1
9984516,0
8235326,0
7599352,0
9925299,1
44400,1
5812984,0
3794962,0
259255,0
3106875,0
6668677,0
5457545,1
4346434,1
6271658,0
6771181,0
4323234,1
2101090,0
1522251,1
3523240,0
7833230,0
931390,1
1519151,1
2263957,0
7428578,0
1742471,1
2700072,1
1028925,0
799970,1
8241428,1
4323489,0
6851586,1
1682419,0
5418145,1
9054959,0
652928,0
1646304,0
5755575,1
3333149,0
6927184,0
2689392,0
6157640,0
8499948,1
6392936,1
768911,0
789798,0
8136395,0
3898366,0
7309644,0
6871369,0
905090,1
4463644,1
5296468,0
4070784,0
5738375,1
4673264,0
1916019,0
9692315,0
5765922,0
3666711,0
9110005,0
2866682,1
9571522,0
2452456,0
6655566,1
2025202,1
2690962,1
9545459,1
8503336,0
1979765,0
4702386,0
2567807,0
1555446,0
2083802,1
5236899,0
6709076,1
6682866,1
7557851,0
1940013,0
2321388,0
7422430,0
3157841,0
9194919,1
8341085,0
9385344,0
2402042,1
6350720,0
1839746,0
5806085,1
5873115,0
8761495,0
5075705,1
1005676,0
5268742,0
3208847,0
6321236,1
811180,1
4670320,0
7103242,0
9839389,1
2322232,1
9457779,0
6303036,1
1031099,0
4993203,0
8209296,0
8699881,0
8747460,0
5519926,0
3246423,1
6844564,0
9702955,0
5026205,1
85800,1
4223794,0
2660685,0
8925325,0
6379016,0
3409817,0
7474242,0
8934094,0
2665662,1
9115800,0
5032305,1
8471424,0
9328613,0
6455546,1
4044570,0
9789072,0
1935046,0
1122694,0
4458622,0
5084483,0
7339749,0
3588853,1
7990997,1
1876387,0
8188905,0
9044409,1
6610302,0
3082662,0
9730550,0
5835843,0
7098488,0
8078789,0
9766679,1
9718455,0
1159360,0
4635364,1
451366,0
2908092,1
3299454,0
2106264,0
8931172,0
4283824,1
5712268,0
5542939,0
6630366,1
7289076,0
8192152,0
2528335,0
5488717,0
9212343,0
7858567,0
4610921,0
5584855,1
2742433,0
3444443,1
1786871,1
8912226,0
9140419,1
6332398,0
4408044,1
8267507,0
1612161,1
6446375,0
5425309,0
5716171,0
1600204,0
3860093,0
4120612,0
8067608,1
9823375,0
4940494,1
6936359,0
5627265,1
2729272,1
7175919,0
4175327,0
9906099,1
7278470,0
5719439,0
9676769,1
4256524,1
5495945,1
3227981,0
2693331,0
7135895,0
5549819,0
1435585,0
7720962,0
366174,0
8440183,0
2846758,0
8159184,0
4532484,0
3982985,0
4460373,0
2719172,1
3430872,0
6433204,0
9774865,0
1145411,1
4617164,1
3446013,0
8370738,1
5855585,1
3915193,1
1411626,0
1309702,0
1915050,0
3539163,0
3716173,1
8606068,1
3863294,0
7385131,0
5179931,0
522351,0
2877089,0
8920298,1
2739372,1
3170133,0
8545131,0
7028207,1
7986867,0
233575,0
6788876,1
2849791,0
5485845,1
1022201,1
7482329,0
5601065,1
1900582,0
6223226,1
4621264,1
5905095,1
4035474,0
3698218,0
9674321,0
7046007,0
4864170,0
8176718,1
6965365,0
2376034,0
4788120,0
9180819,1
4341303,0
3866683,1
518090,0
1718574,0
7663667,1
3050156,0
4545692,0
888262,0
264231,0
8784395,0
1070753,0
6213408,0
4248424,1
7158517,1
8567955,0
4879784,1
5666665,1
3321403,0
5874785,1
2161952,0
3791973,1
5019105,1
752130,0
5845485,1
2637362,1
9550346,0
4495489,0
3039303,1
2060961,0
4020837,0
9232458,0
1249421,1
3806209,0
9613169,1
8247494,0
4427591,0
9418149,1
620260,1
6068165,0
6190559,0
4128204,0
8013599,0
9694853,0
6483846,1
4920062,0
5161615,1
9920205,0
3052503,1
1502520,0
9631701,0
67593,0
5995995,1
1127948,0
8506058,1
6354536,1
8586084,0
9046643,0
3918193,1
8269101,0
499585,0
3144442,0
835676,0
3625730,0
9354535,0
8848095,0
8645468,1
7483013,0
2833041,0
5817269,0
7632874,0
7543054,0
6540523,0
8971985,0
3132389,0
6753281,0
5836953,0
3593953,1
9597796,0
1309806,0
5973968,0
5283825,1
679395,0
4968039,0
1967814,0
7794833,0
2408266,0
435949,0
1542451,1
1148196,0
4118114,1
4063020,0
8198987,0
7338337,1
2408177,0
9203240,0
5935570,0
6445017,0
7718177,1
5985895,1
6995522,0
9284527,0
4632364,1
7452626,0
8644567,0
2957592,1
629553,0
2849049,0
5999170,0
8606533,0
5322303,0
7367637,1
8184351,0
7228227,1
3191245,0
1025201,1
3833383,1
771815,0
6540456,1
7316976,0
3459585,0
4560654,1
1505702,0
7274381,0
6366636,1
3369834,0
9654569,1
63958,0
6176716,1
2443852,0
2434783,0
8122001,0
7251528,0
4057084,0
5501055,1
7031307,1
9098566,0
3433343,1
5883885,1
1101011,1
8044148,0
9699217,0
2904979,0
9812145,0
3882673,0
3351255,0
3760678,0
1530567,0
1261598,0
8223405,0
1268621,1
5564916,0
8583119,0
7195368,0
5885885,1
5690608,0
1305031,1
7833175,0
1412277,0
796129,0
8240091,0
4817479,0
8881427,0
3836873,0
9031815,0
9315171,0
1979791,1
1353635,0
3252270,0
5819185,1
1565651,1
2323799,0
3499381,0
4719521,0
9574472,0
6710738,0
4900831,0
222899,0
5806000,0
5097905,1
3752573,1
133511,0
6603066,1
1321534,0
4341081,0
2501495,0
2746472,1
7686292,0
6505813,0
4337787,0
8877788,1
1752571,1
8643646,0
317678,0
2331074,0
561650,1
6789876,1
3840483,1
5883763,0
1955625,0
1459995,0
9705357,0
4535354,1
6187567,0
3060114,0
3628250,0
7264132,0
7677744,0
4546191,0
7455547,1
9374589,0
9911679,0
2485842,1
9227154,0
8777778,1
1096901,1
8317138,1
3942493,1
5859585,1
6413146,1
5924338,0
6842486,1
5485509,0
6781542,0
8872788,1
8991544,0
8979798,1
1598120,0
4510728,0
1550672,0
4240424,1
8041408,1
9332589,0
3601346,0
2523970,0
9658187,0
3635509,0
7422770,0
7780573,0
8901190,0
8745571,0
2365866,0
4807182,0
5855418,0
9730379,1
4985125,0
527152,0
1401833,0
5184725,0
8154039,0
6632288,0
2055502,1
5081805,1
6025127,0
9015215,0
5899635,0
9695093,0
2856917,0
1232540,0
271707,0
1463159,0
2762977,0
7132479,0
2802221,0
8846109,0
7974570,0
6958971,0
5794618,0
2289822,1
3892633,0
5939080,0
3499943,1
4704469,0
7598957,1
2909447,0
3590953,1
3714173,1
4554554,1
2619162,1
9335058,0
6009427,0
7459,0
3692963,1
7189568,0
5934395,1
7090856,0
8758767,0
6815903,0
2332557,0
8202028,1
8008674,0
3808278,0
3768673,1
2442442,1
5352668,0
1542172,0
7652567,1
3939393,1
4325290,0
2128314,0
403447,0
351530,1
8956963,0
2050502,1
616055,0
1984953,0
6085998,0
3639363,1
5146726,0
6916984,0
576422,0
3850583,1
8776778,1
2642462,1
2606873,0
5264625,1
8783878,1
605887,0
4380834,1
4258321,0
2917670,0
1622889,0
8003770,0
6197331,0
1045868,0
9645648,0
1567755,0
4080613,0
4266729,0
5988863,0
6564659,0
1592951,1
5092800,0
6982623,0
6538033,0
5492183,0
8104839,0
9338339,1
3385040,0
8113003,0
6028988,0
4202383,0
5630365,1
4975042,0
7956171,0
6661060,0
4874144,0
8051508,1
9318396,0
4449786,0
2627599,0
5166615,1
8706443,0
2043033,0
6270218,0
6487515,0
7720693,0
1897464,0
7747477,1
3740756,0
8436348,1
4140966,0
2344182,0
8982547,0
1695252,0
5581605,0
5241425,1
3877684,0
3718173,1
304688,0
4519355,0
5051830,0
4146414,1
3860337,0
5443445,1
3512944,0
9348825,0
3516439,0
2998221,0
6676766,1
6618915,0
9496576,0
5060083,0
1935339,0
6168511,0
4854584,1
8200028,1
7420730,0
8744052,0
3128999,0
8297172,0
3696825,0
4016440,0
9775779,1
7158884,0
8819925,0
4412076,0
2904292,0
5787491,0
868680,1
2334448,0
5410145,1
4597825,0
5236325,1
9767163,0
8983868,0
6496695,0
5494945,1
5471647,0
57783,0
1090665,0
5605338,0
5905859,0
6637366,1
6278983,0
2864682,1
4454544,1
8847816,0
8218445,0
5413014,0
1829387,0
5309035,1
7965998,0
7561657,1
6113282,0
6878197,0
4530354,1
355909,0
9834741,0
133310,1
4967067,0
1771771,1
8697968,1
5265689,0
5736375,1
7175717,1
8415442,0
2901092,1
1642142,0
3466247,0
2280822,1
1714152,0
9362294,0
9284463,0
1970791,1
382376,0
3975242,0
2199181,0
8248428,1
8837450,0
7338717,0
7344370,0
7870825,0
3665482,0
4303074,0
5663293,0
84931,0
3341423,0
1687548,0
5633365,1
3795973,1
2083179,0
8189388,0
8035308,1
4741782,0
1953474,0
1679227,0
1768420,0
7769137,0
1667661,1
9156994,0
453677,0
6683119,0
7363467,0
9128219,1
855917,0
6429246,1
2296268,0
7483760,0
5309039,0
2681590,0
5875971,0
4974794,1
1977362,0
1004550,0
8727278,1
2305380,0
583957,0
5327026,0
4827284,1
6606066,1
7634367,1
3489843,1
9757109,0
4740198,0
8285828,1
2848482,1
3497943,1
7946099,0
6863686,1
9493047,0
9706132,0
1425241,1
8363921,0
808080,1
7772777,1
6405901,0
1572751,1
8633750,0
8738130,0
7108017,1
4027204,1
3849686,0
4223734,0
667312,0
3398213,0
7312960,0
2696547,0
6434021,0
8556893,0
9224229,1
9080662,0
1316713,0
298982,0
1879390,0
1149411,1
7045153,0
6768051,0
1747471,1
3270723,1
3445443,1
4815184,1
1890981,1
2011697,0
5961989,0
4156070,0
498860,0
6739376,1
3036391,0
9353539,1
6553768,0
2759317,0
5135109,0
2872782,1
1266156,0
9189087,0
8839472,0
2817698,0
4962694,1
7256700,0
6858586,1
2737984,0
7535357,1
6620969,0
7263627,1
8490924,0
262962,0
2148412,1
9975658,0
3768094,0
2275722,1
1694256,0
1364733,0
2288822,1
5507584,0
1678761,1
2614274,0
9833389,1
252375,0
6612166,1
8006313,0
9123940,0
1745228,0
6416146,1
4675764,1
481440,0
1768427,0
9429740,0
2172712,1
8451548,1
4984894,1
4284824,1
9859176,0
3321314,0
207043,0
9675317,0
1639377,0
9379768,0
2732538,0
5606193,0
9215391,0
8586872,0
1271655,0
4419419,0
3717896,0
7052507,1
38922,0
9117845,0
5385030,0
4158514,1
6219653,0
4712174,1
1193911,1
8215926,0
964690,1
9282829,1
2454542,1
5620505,0
9921767,0
4450986,0
1940963,0
2999992,1
8197438,0
1549975,0
3791612,0
1448441,1
7148932,0
6726003,0
971790,1
9242429,1
2801364,0
4216124,1
8429512,0
3848840,0
9394939,1
6822754,0
178820,0
486578,0
5991909,0
1692548,0
3240627,0
9558487,0
1225450,0
6080806,1
5571025,0
1629261,1
1481841,1
7714177,1
7703254,0
3056694,0
7137943,0
555945,0
2962287,0
7963714,0
534350,1
7258312,0
6517156,1
7941106,0
8591465,0
8944476,0
2159168,0
4382834,1
2890253,0
6239214,0
3275952,0
5932529,0
4199575,0
8843606,0
7705914,0
4336497,0
7097907,1
1698554,0
735574,0
6764676,1
470593,0
2709337,0
6779740,0
4777382,0
6708287,0
1705071,1
886843,0
3710173,1
7580417,0
7440447,1
9334324,0
5386835,1
871780,1
3484513,0
7113147,0
4780695,0
1505570,0
2332168,0
5175945,0
4737394,0
7944959,0
3376565,0
6593956,1
6064544,0
917190,1
2724157,0
8191916,0
2150340,0
8886192,0
6240215,0
6377575,0
8083808,1
3771773,1
720270,1
6399808,0
581379,0
3687863,1
4754574,1
962,0
3348032,0
1872910,0
2804849,0
4840686,0
3133938,0
6440756,0
1043362,0
8338338,1
629830,0
1272750,0
203042,0
792732,0
1391931,1
7171831,0
4576978,0
1788922,0
8199182,0
4972421,0
1378269,0
5589855,1
2103166,0
679093,0
7871919,0
4496700,0
1594,0
2687040,0
647787,0
4723363,0
8224354,0
4970524,0
7963364,0
5152829,0
859717,0
4046204,0
1940491,1
3072758,0
5834411,0
2646462,1
2882882,1
4949939,0
6977003,0
4235587,0
7338888,0
4837384,1
7448645,0
2358742,0
9621139,0
7413147,1
9805146,0
8000288,0
9805674,0
3120213,1
5576494,0
9746474,0
5016182,0
1927708,0
3119198,0
9393881,0
5118474,0
1373127,0
7893676,0
6880299,0
9043409,1
3517153,1
1570751,1
6310113,0
8823391,0
3859079,0
8795978,1
7709077,1
3278781,0
8036308,1
5569655,1
8080504,0
3376733,1
8076708,1
3831457,0
1636030,0
5825904,0
4067604,1
2354726,0
5245503,0
2532352,1
8856288,0
4043487,0
4276275,0
7589852,0
9612197,0
5226492,0
3003097,0
2492753,0
3391617,0
9639888,0
4081261,0
4485844,1
1774957,0
1289301,0
4117024,0
6767676,1
4539,0
4764312,0
3284557,0
9865786,0
7856812,0
2745572,0
3661663,1
9917577,0
6374738,0
9509985,0
7947497,1
5092786,0
4510050,0
6945402,0
7162964,0
3640541,0
3820370,0
5522883,0
4009004,1
9466572,0
258520,1
6990996,1
5986400,0
2737372,1
8540485,0
2416168,0
4640289,0
1762236,0
5882940,0
4412316,0
8094139,0
4375782,0
6758576,1
2732172,0
1669661,1
6681866,1
9655737,0
9569738,0
6823308,0
5058371,0
8040408,1
4173407,0
7986897,1
7212093,0
7903097,1
3977868,0
6358591,0
1920291,1
3571170,0
8446562,0
3800718,0
482840,1
7290487,0
986890,1
3032303,1
8430282,0
8608382,0
5195123,0
5242596,0
4934956,0
6957182,0
5200117,0
2246926,0
7741881,0
2557552,1
3372733,1
5644465,1
8146597,0
7247299,0
5994995,1
9187845,0
148822,0
7119117,1
9473568,0
6386467,0
1022218,0
5954401,0
579750,1
4815821,0
8704126,0
3272701,0
6358871,0
5129677,0
6795688,0
9571425,0
8187365,0
8496948,1
3986990,0
3725157,0
8085422,0
2028860,0
7412924,0
8780443,0
3248332,0
407377,0
972790,1
7053939,0
2981732,0
175881,0
8146418,1
2496075,0
4285824,1
2063169,0
8646644,0
5654804,0
9396908,0
3229446,0
4885884,1
964421,0
6501958,0
4213124,1
5987895,1
8728556,0
5190653,0
9589343,0
9394182,0
5063605,1
9266011,0
7692967,1
1178711,1
2770772,1
2062390,0
6296926,1
8011667,0
2403042,1
9898989,1
4138833,0
6007006,1
2673551,0
708070,1
2641951,0
3688053,0
7345437,1
6354212,0
1646625,0
1735299,0
2757721,0
8971737,0
9532929,0
9931021,0
3073369,0
9306039,1
7276642,0
3218123,1
7998964,0
362630,1
6083806,1
4191914,1
5220256,0
4170165,0
7217939,0
3568318,0
5903,0
2059431,0
2160562,0
1980414,0
1031681,0
9531545,0
7887580,0
2840989,0
6122532,0
9630737,0
7593003,0
5779901,0
1440539,0
5250333,0
4474576,0
1753176,0
3463067,0
7540408,0
3500797,0
6545087,0
8518969,0
9985899,1
2688306,0
9439349,1
4983894,1
4367634,1
2879707,0
9256398,0
5779833,0
8846488,1
7036816,0
4449722,0
9292929,1
9865807,0
4731966,0
97900,1
6627200,0
3830875,0
5336065,0
4996577,0
2431342,1
5111902,0
8018387,0
3342469,0
9308852,0
9686869,1
8984120,0
2976792,1
7755577,1
6010332,0
698944,0
5337855,0
6220074,0
2947492,1
2433342,1
3785381,0
4962535,0
8978475,0
9026473,0
3522384,0
2199009,0
9695969,1
1513789,0
5451153,0
4948148,0
8328238,1
3427870,0
4781043,0
2840200,0
2099902,1
4417957,0
8746478,1
278706,0
5732375,1
4835209,0
2750881,0
9560662,0
5257525,1
3600764,0
2560590,0
9132040,0
6490978,0
9656164,0
3200323,0
1632361,1
1799694,0
4184808,0
2955390,0
5279727,0
6276327,0
8524258,1
9131319,1
352530,1
2059310,0
586967,0
1190337,0
9794077,0
3071073,0
2650562,1
7711718,0
9565582,0
9848528,0
690403,0
6876858,0
8339435,0
2673183,0
910349,0
9348963,0
1710171,1
6708692,0
4175451,0
9711553,0
1941368,0
7897895,0
3922311,0
382864,0
1997160,0
8160683,0
5202470,0
8135881,0
8553558,1
6661666,1
6133316,1
5453545,1
2141736,0
8815188,1
1553551,1
422708,0
5567938,0
6184863,0
7511160,0
1050084,0
3775641,0
8132318,1
7625692,0
5416087,0
4908785,0
6294926,1
856462,0
9400469,0
4738732,0
4045404,1
8609727,0
435340,1
9486849,1
9758120,0
3000,1
4190190,0
5209025,1
4267927,0
5254429,0
6896206,0
2761460,0
2466160,0
3380521,0
6439084,0
6224226,1
1776380,0
9283829,1
8002008,1
428755,0
1602792,0
8054508,1
3609676,0
2222569,0
1743179,0
396194,0
1677959,0
9460473,0
8375056,0
738201,0
851580,1
2377859,0
6525158,0
285835,0
2908851,0
3644541,0
2813017,0
6642509,0
4177542,0
8485848,1
9582832,0
5223559,0
7161190,0
1333331,1
7565460,0
1621294,0
4447364,0
9004107,0
7918650,0
3613630,0
8106047,0
4894987,0
2374046,0
2048939,0
885619,0
104437,0
3538707,0
7046407,1
9372244,0
2581636,0
7537357,1
8041689,0
4776234,0
8091103,0
2738947,0
8600068,1
7366350,0
752460,0
1631315,0
3529850,0
6827455,0
3222223,1
6159958,0
417930,0
1379459,0
8963870,0
656560,1
7164272,0
3984713,0
6079365,0
4034304,1
8732765,0
7353537,1
3284921,0
704145,0
6362636,1
9123219,1
4208651,0
1103011,1
6444247,0
7360637,1
5007202,0
3103300,0
2076386,0
9007972,0
7967041,0
654560,1
2774718,0
3166728,0
8176483,0
9567378,0
8753737,0
9727486,0
8568546,0
9782874,0
1377731,1
5516676,0
7694474,0
4582924,0
4604741,0
1678602,0
8866415,0
6934939,0
8091064,0
4254524,1
4503687,0
9685869,1
50500,1
6706076,1
8393938,1
2111062,0
1548108,0
6877308,0
2247461,0
525332,0
9124019,0
9838074,0
8799338,0
6708076,1
2066602,1
5878141,0
1876428,0
3266623,1
6031715,0
5170750,0
2898972,0
2459743,0
1137853,0
7512671,0
323708,0
8063981,0
6092383,0
3646289,0
7864578,0
383427,0
3586760,0
9225229,1
9862961,0
7951425,0
714170,1
1355907,0
4267677,0
8475422,0
5430269,0
5808039,0
5228699,0
2507052,1
3153004,0
5582439,0
6596725,0
9721279,1
6007632,0
2581621,0
5995573,0
2862019,0
5399935,1
4274794,0
2624250,0
9994127,0
6201026,1
9550979,0
6869223,0
7336875,0
6088806,1
7133630,0
2085078,0
476820,0
7200725,0
4761576,0
2852946,0
449546,0
1760917,0
5363635,1
6408354,0
6228878,0
1000,1
3045403,1
7066744,0
5888039,0
55500,1
9557465,0
3328052,0
7613963,0
1039618,0
4173893,0
3048720,0
2404042,1
4654564,1
211916,0
9405049,1
432784,0
1009839,0
3654059,0
2363285,0
3206188,0
1756571,1
6262626,1
632147,0
1868067,0
9713302,0
6535356,1
1112627,0
960690,1
456506,0
5908095,1
8470748,1
409824,0
1992991,1
1534351,1
5673866,0
945072,0
3378733,1
3729428,0
1128211,1
3713173,1
2808161,0
227988,0
536350,1
9610354,0
8390580,0
9382357,0
8720952,0
2105712,0
7852591,0
4209542,0
5222225,1
3769144,0
8599390,0
7883027,0
4125214,1
5248425,1
7341437,1
8942950,0
9125553,0
8919740,0
6405137,0
3452358,0
6498861,0
1955746,0
8021208,1
2534797,0
9652770,0
6896855,0
2009492,0
3269406,0
4806895,0
5671076,0
7987730,0
9204425,0
4299843,0
536537,0
1352083,0
158510,1
3612163,1
5489569,0
8927298,1
7153517,1
8373738,1
4590954,1
9264512,0
8594958,1
1237599,0
8952658,0
2621123,0
1306391,0
1330115,0
6191018,0
6166331,0
507242,0
1698221,0
3306033,1
2629440,0
941839,0
8161955,0
4417144,1
9217226,0
2225222,1
2309854,0
5933251,0
4426129,0
2521218,0
2776772,1
553550,1
3345436,0
8231328,1
7126217,1
624260,1
6171433,0
6797615,0
2983324,0
6401541,0
9037498,0
7277845,0
7419147,1
5586206,0
2832382,1
555550,1
8289828,1
3424243,1
3466643,1
5215125,1
333106,0
7228508,0
2980930,0
8052589,0
8816524,0
444055,0
3849880,0
7578757,1
7276727,1
1478741,1
2354314,0
6150516,1
6533356,1
1615667,0
6929069,0
6263145,0
12100,1
2307458,0
9138060,0
5797231,0
1009001,1
3048983,0
6778145,0
1007403,0
3095743,0
7170717,1
4462284,0
9759579,1
4301946,0
6553346,0
1954591,1
8021815,0
8948498,1
226040,0
6916691,0
2416142,1
4593947,0
401040,1
4640464,1
4581861,0
724270,1
4967286,0
5351237,0
4505054,1
7458696,0
123662,0
7775777,1
5638996,0
6047406,1
6664666,1
6125876,0
7941863,0
6485760,0
6724276,1
4803458,0
4890317,0
6594111,0
4391934,1
9382990,0
9408049,1
8273499,0
4790753,0
9241162,0
4663664,1
1775071,0
818196,0
6100669,0
503316,0
7051507,1
1696527,0
1194282,0
4354534,1
9151132,0
6964306,0
4227285,0
5466645,1
1896243,0
183761,0
1860681,1
9813189,1
1387831,1
2817346,0
2062896,0
7018593,0
4433741,0
7806087,1
9902597,0
3422584,0
4161928,0
9673769,1
3758519,0
1652508,0
441380,0
1005001,1
6157516,1
4220014,0
7027853,0
27851,0
4052120,0
858388,0
8207838,0
9522259,1
9954409,0
9020173,0
6298237,0
1945905,0
6659566,1
6968696,1
4355645,0
9997007,0
971701,0
2363870,0
8052120,0
318130,1
9352139,0
9402791,0
6657047,0
3891983,1
9637934,0
3639548,0
5632424,0
4108584,0
3705071,0
3103119,0
191494,0
4961241,0
5695965,1
5969695,1
8832119,0
2868982,0
2423492,0
8174708,0
6720828,0
3468181,0
1462928,0
8317701,0
454962,0
2455720,0
4013518,0
3235968,0
2647828,0
1961896,0
2568652,1
6588856,1
666976,0
556975,0
1433687,0
1060742,0
994608,0
5286244,0
3336841,0
801080,1
6740621,0
6636366,1
6654426,0
2058105,0
7835615,0
4517154,1
3606465,0
6423553,0
3819455,0
9157784,0
4891984,1
6638544,0
5307981,0
5231454,0
3821283,1
279275,0
8863688,1
9525162,0
752124,0
5116148,0
9650628,0
5437345,1
4898302,0
1142099,0
5702394,0
525125,0
311790,0
871246,0
1350531,1
4567654,1
7316632,0
6718279,0
1196430,0
8616078,0
6988719,0
7664271,0
2148489,0
3142605,0
2680962,0
272519,0
4144315,0
6315136,1
8047239,0
170030,0
5697901,0
8893503,0
9716630,0
6451955,0
1783537,0
1787407,0
7487638,0
2812534,0
7430347,1
8792845,0
4435350,0
7415555,0
763670,1
279634,0
4060948,0
1764350,0
8927937,0
6423567,0
3751731,0
1354531,1
7124676,0
5295925,1
8755783,0
1997991,1
8490107,0
1262621,1
7733377,1
5182203,0
6749299,0
1465638,0
1755566,0
1256420,0
6461128,0
4160554,0
4723356,0
263715,0
1057376,0
6457233,0
1126467,0
7957431,0
6571540,0
9486481,0
9024297,0
2173697,0
1829281,1
7550941,0
6305414,0
5981956,0
5525255,1
5316840,0
2126212,1
6939844,0
1741471,1
2716868,0
4702408,0
8586389,0
2323091,0
4527169,0
8883270,0
7003186,0
2760059,0
7589856,0
948826,0
6769676,1
6661116,0
4462566,0
2778772,1
7980305,0
3605063,1
3031696,0
1392341,0
2991148,0
2340432,1
7358537,1
5329235,1
6558539,0
4349434,1
987924,0
7416278,0
3007381,0
5915195,1
3817445,0
3624591,0
795180,0
9875437,0
4044471,0
3458462,0
4000178,0
999484,0
3137246,0
2118117,0
5617421,0
6158439,0
5475357,0
9268459,0
7932023,0
4334513,0
2829091,0
6776776,1
8197918,1
5086529,0
2179462,0
694378,0
564152,0
7802232,0
4209263,0
6002006,1
889401,0
1104011,1
3211222,0
8080808,1
5631365,1
7571088,0
4189537,0
738256,0
1496659,0
3472595,0
3054819,0
4995435,0
9087062,0
9798352,0
7971537,0
3022750,0
290058,0
4593359,0
7409094,0
7947285,0
1021396,0
9107349,0
5991752,0
7425247,1
9946032,0
8666209,0
5467487,0
3999196,0
2063219,0
3680563,0
8498234,0
5280396,0
6285826,1
9929172,0
4683025,0
7956645,0
2626460,0
7738940,0
9721112,0
4188814,1
2744472,1
4996162,0
9883607,0
166610,1
3207023,1
6318136,1
1955814,0
3752337,0
5313630,0
8735371,0
7046803,0
8695834,0
3995993,1
8526258,1
9699681,0
6632366,1
9331214,0
9599959,1
4746139,0
5269950,0
6027476,0
2081802,1
6192349,0
5458545,1
3936393,1
9284236,0
721990,0
8656590,0
6694173,0
9388405,0
4900569,0
4552500,0
7295927,1
70700,1
4750574,1
6598339,0
8089125,0
7571003,0
8030338,0
1510236,0
2017118,0
6948066,0
2667662,1
9210347,0
5006005,1
5712294,0
3594953,1
7985518,0
6448446,1
7992296,0
2474742,1
7003668,0
1922887,0
2742290,0
1284821,1
6408998,0
7919429,0
8467675,0
1529251,1
7196917,1
5882885,1
7307893,0
9458549,1
219807,0
4628929,0
9237329,1
3933014,0
236984,0
9258529,1
5595955,1
7602866,0
2351670,0
8335141,0
2883251,0
5806140,0
8388578,0
1728163,0
8668904,0
9539359,1
9408829,0
484116,0
9712324,0
9425355,0
2215009,0
6853969,0
3013103,1
8854737,0
7139935,0
5368889,0
7456547,1
8916198,1
1797933,0
4557554,1
5324209,0
6543123,0
1843481,1
9523298,0
2007488,0
8466622,0
3893803,0
5045020,0
3763673,1
6209300,0
4996917,0
7265627,1
8270554,0
3432409,0
6876466,0
2595577,0
9393866,0
4968694,1
5884779,0
4867196,0
1024149,0
7242427,1
8700864,0
4363634,1
7775324,0
6938070,0
7605686,0
8689868,1
7784380,0
5588152,0
2263622,1
7328289,0
2034302,1
8138175,0
3653563,1
8257578,0
663660,1
3550553,1
5024929,0
3022203,1
5936326,0
9480849,1
4363432,0
9709797,0
1235321,1
102807,0
3538232,0
8382866,0
4948916,0
4665190,0
4306615,0
7236259,0
246124,0
7274046,0
2563479,0
639088,0
6681103,0
7994014,0
981797,0
5665422,0
6078428,0
6599629,0
2998051,0
3646212,0
6269375,0
4146530,0
9895772,0
7514403,0
2606511,0
2268686,0
8597958,1
5515073,0
1317846,0
2975792,1
2348674,0
6094464,0
9098212,0
7196420,0
1659522,0
7577757,1
4386271,0
1200021,1
1686185,0
1353821,0
4538354,1
5216461,0
4181814,1
414878,0
3523253,1
6532356,1
8359058,0
7231149,0
2865682,1
3159513,1
3650020,0
5636158,0
5735561,0
2528252,1
9619273,0
2514154,0
7222227,1
2654671,0
3643941,0
7069542,0
6793976,1
6680866,1
486840,1
6112517,0
5734754,0
370730,1
5135108,0
7638367,1
434738,0
3687194,0
5208354,0
9039781,0
4711298,0
1677761,1
4821069,0
9321239,1
4730400,0
2097461,0
5924295,1
6529256,1
914190,1
9176719,1
1317498,0
9713179,1
3358281,0
7708616,0
5094194,0
2848607,0
340659,0
59500,1
2584080,0
4954461,0
8390938,1
9066609,1
8685484,0
756372,0
8671768,1
2914838,0
7868923,0
6305328,0
5523255,1
74917,0
9800352,0
2783605,0
8171990,0
7471840,0
4258746,0
5589159,0
4097773,0
6369636,1
8815415,0
4181691,0
3356533,1
5654565,1
5285154,0
5966695,1
6109016,1
387351,0
9555559,1
2948753,0
568311,0
5226225,1
7244427,1
6700738,0
5405708,0
6687234,0
9970616,0
4555554,1
9343439,1
1494009,0
9334369,0
6919167,0
101409,0
3088476,0
6049806,0
3079873,0
9464329,0
8444436,0
7878787,1
8725509,0
5403045,1
5417279,0
4420962,0
9996789,0
8056368,0
7651653,0
7343437,1
537350,1
4281380,0
6421158,0
3312490,0
1017348,0
6240426,1
5043402,0
9360167,0
4017559,0
3472608,0
9221915,0
5214125,1
6747275,0
632438,0
6438346,1
8253987,0
5965883,0
1636481,0
2514152,1
6862686,1
794197,0
4747305,0
9297607,0
617186,0
8493948,1
3850113,0
264620,1
5281986,0
3672667,0
9998647,0
10340,0
4803019,0
806831,0
8262628,1
9050012,0
6956596,1
6265342,0
6261957,0
8663077,0
5891985,1
4325331,0
4582161,0
8654877,0
2081772,0
8235832,0
5998995,1
395869,0
2130442,0
1122874,0
3303033,1
3580853,1
7372406,0
5487447,0
4535834,0
8435260,0
7447554,0
8740047,0
2672045,0
3515153,1
7308632,0
7586392,0
5233325,1
6065606,1
855580,1
328230,1
2760192,0
8205081,0
6769876,0
5581855,1
2946650,0
1364542,0
6181816,1
394930,1
3398933,1
649460,1
9950599,1
999737,0
1507638,0
4825284,1
7314917,0
7657567,1
2013102,1
1217121,1
7247427,1
8293928,1
1944491,1
2291472,0
2408256,0
1762788,0
2375275,0
1790405,0
1747704,0
771816,0
45400,1
9945499,1
2649866,0
3083188,0
9822424,0
3160525,0
3408953,0
3832141,0
7248885,0
6366890,0
480831,0
4695964,1
8300555,0
3915218,0
2514751,0
7690044,0
452540,1
5918195,1
5803090,0
5780987,0
3027203,1
7142811,0
9419961,0
9459131,0
8799030,0
2144786,0
7436297,0
6617539,0
7831160,0
6460192,0
8658395,0
4728327,0
1880881,1
8778846,0
9865989,0
6855814,0
438786,0
8763787,0
7973803,0
48400,1
1435430,0
1096734,0
2461464,0
5288825,1
3668729,0
1340431,1
3965735,0
3146413,1
7965697,1
6342683,0
3094714,0
3456361,0
316130,1
1016554,0
1394102,0
3921293,1
6379736,1
660666,0
948957,0
909233,0
1163611,1
776092,0
8527816,0
3531,0
5932395,1
183810,1
3381964,0
9584859,1
5110115,1
9134011,0
9100555,0
6808086,1
2185812,1
9992327,0
8170718,1
3621263,1
7588857,1
3691690,0
4633859,0
3655375,0
9863226,0
8663668,1
23200,1
6220623,0
7183723,0
9741629,0
9714794,0
8425732,0
4400402,0
2214587,0
5474309,0
6278726,1
2909066,0
4795974,1
3368002,0
3504609,0
7707419,0
1697961,1
7649584,0
6821286,1
4498025,0
5984920,0
2220222,1
7927297,1
3725786,0
6602991,0
6492590,0
1078894,0
2669766,0
5487785,0
9513159,1
6270170,0
9370739,1
5780156,0
7644757,0
7139296,0
2390932,1
4598176,0
9023618,0
4581854,1
2476742,1
3882883,1
2272323,0
9315139,1
9488010,0
7905151,0
9043154,0
2429563,0
1692961,1
608186,0
4185448,0
7614819,0
7886579,0
8410148,1
2737386,0
1964691,1
1395895,0
7835655,0
1489603,0
6161059,0
960767,0
844702,0
2121212,1
3409677,0
4081186,0
2255522,1
7320668,0
640862,0
1790423,0
7656567,1
4694372,0
5437587,0
9927299,1
1611161,1
2542727,0
6327560,0
6905658,0
4631779,0
4924294,1
912356,0
2223222,1
5081468,0
2921368,0
7623982,0
5195654,0
86957,0
3783992,0
5074004,0
8959400,0
6714973,0
2615162,1
3185801,0
4700492,0
4909094,1
9147886,0
353529,0
2655562,1
6737280,0
3219123,1
3953593,1
9627534,0
9388839,1
7066607,1
3470594,0
107092,0
9001009,1
1427586,0
2954592,1
6089008,0
6214064,0
4392934,1
3709073,1
6755417,0
9048409,1
6079122,0
5182841,0
1861411,0
6044621,0
3164613,1
6256154,0
9332339,1
6432890,0
4411288,0
5714175,1
3423011,0
9606643,0
2080051,0
7180817,1
420898,0
2391702,0
4489549,0
3407128,0
6481329,0
3310133,1
1672543,0
8348184,0
8144500,0
7592957,1
3119607,0
7775374,0
6935396,1
8659192,0
7249490,0
2576033,0
9107019,1
4573494,0
7636367,1
3401043,1
4999850,0
1872781,1
9108430,0
3571753,1
4864742,0
340252,0
315847,0
6260398,0
14535,0
5788875,1
3635939,0
4948494,1
6543745,0
53690,0
5438345,1
7528558,0
4505321,0
2354532,1
6604181,0
7766559,0
5882292,0
3735177,0
9919199,1
792835,0
686560,0
5364203,0
4616475,0
5310135,1
8808395,0
9647572,0
2681131,0
9743604,0
5923219,0
189810,1
4710120,0
971622,0
7855689,0
1212121,1
2735210,0
18436,0
3927293,1
6696966,1
7131317,1
1630653,0
9635421,0
9014109,1
7169365,0
3135288,0
1441021,0
1177507,0
4535325,0
6012965,0
8676768,1
3966693,1
8794835,0
7631542,0
4692597,0
5392203,0
7411108,0
6865686,1
5496952,0
2213251,0
6924296,1
1902492,0
2978699,0
4333716,0
3290163,0
4174714,1
7424139,0
6518156,1
5824338,0
5976881,0
4305171,0
9011109,1
9186819,1
9605069,1
5805077,0
7209681,0
8681619,0
7906091,0
1695961,1
4652721,0
9669787,0
1994673,0
1728744,0
866277,0
1863432,0
4001382,0
6796653,0
8660668,1
6996337,0
1199911,1
602431,0
1656233,0
5200604,0
8723278,1
7030515,0
8406910,0
8582338,0
8065826,0
5608281,0
1735849,0
9341038,0
9909884,0
7549659,0
2038302,1
4788300,0
4154364,0
8098615,0
6720262,0
3159454,0
2263478,0
4278210,0
6552556,1
2759051,0
8068011,0
6206026,1
8637368,1
6224663,0
3301199,0
9820289,1
7948497,1
5202025,1
7999430,0
6652918,0
1296661,0
8059421,0
7999837,0
4547534,0
2353532,1
7659567,1
5746475,1
9502105,0
313354,0
9708760,0
4735374,1
6598956,1
8566283,0
178710,1
4655017,0
4764674,1
1899813,0
8706136,0
8037574,0
3336350,0
3536608,0
1050909,0
7135413,0
4503054,1
2850471,0
907090,1
6455,0
4988963,0
282820,1
3906321,0
6599889,0
88718,0
8938024,0
9184858,0
8219635,0
7690450,0
8795282,0
574587,0
6886635,0
7324738,0
2216100,0
2464642,1
6025372,0
7404341,0
4997656,0
3772897,0
9731427,0
9113427,0
8484332,0
4823523,0
1132092,0
2133273,0
4106014,1
9460068,0
3724299,0
96994,0
5551687,0
2791594,0
6759576,1
9682492,0
8943498,1
9662669,1
342768,0
4549705,0
5894600,0
2500052,1
2151167,0
6419864,0
8249217,0
8732378,1
4256959,0
9411601,0
3987184,0
4208745,0
7918197,1
8589661,0
6272726,1
2331771,0
9182054,0
1918621,0
4773905,0
8037479,0
2373945,0
8110118,1
2346687,0
1791608,0
2056502,1
1654561,1
3255146,0
3927995,0
7690288,0
3366633,1
4663520,0
8600069,0
1062145,0
893857,0
5137776,0
3823283,1
4284924,0
9206029,1
208417,0
3806961,0
8471755,0
4800288,0
884815,0
8521258,1
7605465,0
6729352,0
9070676,0
3374742,0
3134510,0
719170,1
7029986,0
5465811,0
8356746,0
3561135,0
3741416,0
5656386,0
3508130,0
838380,1
6830448,0
3887883,1
2698962,1
1895611,0
6930959,0
7297161,0
9774423,0
9900509,0
8795750,0
2282822,1
5294319,0
6239326,1
5811348,0
5796373,0
4037167,0
8666486,0
2001855,0
5846485,1
9188361,0
915147,0
953369,0
546496,0
8511158,1
9571759,1
2728813,0
1557682,0
1235518,0
2711565,0
7407326,0
3376801,0
8203028,1
2950592,1
20200,1
3943493,1
833380,1
901090,1
6711399,0
3338507,0
7580673,0
5282361,0
7343937,0
1195585,0
1570891,0
652187,0
8532948,0
2815182,1
8902098,1
641248,0
3934231,0
661038,0
9349749,0
8834388,1
6370736,1
8494948,1
6870907,0
1680361,0
7201027,1
5427328,0
3729273,1
2535139,0
1457035,0
9541132,0
7495947,1
2869222,0
5789255,0
7044862,0
5717635,0
1202807,0
3564762,0
1235,0
6887293,0
5304554,0
6994184,0
5620966,0
4376511,0
9675769,1
8935357,0
3354361,0
7220227,1
7081264,0
1274721,1
4534880,0
9254391,0
378629,0
3147696,0
1989652,0
3169613,1
9043536,0
2204218,0
3204617,0
7969232,0
5149958,0
2106205,0
6426404,0
8914198,1
603060,1
790970,1
5336335,1
8491979,0
6448169,0
9052509,1
9864264,0
3560361,0
9963579,0
1304486,0
1152491,0
962944,0
1020201,1
8841330,0
8281516,0
3148851,0
83248,0
4113114,1
3667663,1
7529160,0
9508680,0
3591214,0
1369780,0
8838392,0
9025340,0
5513498,0
9318139,1
3702793,0
2921325,0
2228222,1
4897139,0
618160,1
9637633,0
9308932,0
5922535,0
8588236,0
3665037,0
8296010,0
8910748,0
8527081,0
2465642,1
9702648,0
2593952,1
7940893,0
8046363,0
7318074,0
4299924,1
7748265,0
224448,0
5452545,1
3716274,0
8711566,0
4596539,0
8451487,0
6255943,0
7557770,0
4768674,1
1853942,0
6984896,1
30300,1
8869846,0
5157941,0
3473941,0
3179732,0
7851282,0
7136105,0
3507053,1
8976585,0
5050505,1
6428953,0
4954594,1
3377733,1
2068630,0
433340,1
2920292,1
9955599,1
5676266,0
9467649,1
153886,0
804450,0
1852581,1
41815,0
2032099,0
401730,0
6030579,0
4542849,0
2504693,0
3449443,1
2946888,0
9109019,1
9000,1
4752625,0
2206192,0
1757595,0
9496949,1
1254661,0
629228,0
9093909,1
4717251,0
1389163,0
2176070,0
8245428,1
9202645,0
8900098,1
5479745,1
9623539,0
3827283,1
2311132,1
7664673,0
5075730,0
5844485,1
2627262,1
7050002,0
4656352,0
5462882,0
3910821,0
5434345,1
3516153,1
3093637,0
7545212,0
414330,0
5039061,0
2147515,0
6538410,0
6066077,0
504522,0
3590570,0
4393966,0
3341433,1
5470745,1
3016196,0
3770501,0
9776779,1
9119119,1
3402264,0
1824645,0
18240,0
4326060,0
108847,0
1060097,0
7716683,0
7872033,0
295488,0
6442135,0
9181819,1
3510465,0
1527205,0
4039725,0
4842552,0
9908099,1
1384445,0
6421246,1
5563684,0
1263610,0
4281640,0
5280803,0
428240,1
6880745,0
8295311,0
2107718,0
3080898,0
9600862,0
1918863,0
4585975,0
1732487,0
8757341,0
3771014,0
4416144,1
5096605,0
6783561,0
2890998,0
409040,1
2047402,1
1146141,0
8992620,0
7431347,1
9185819,1
8259834,0
5464731,0
6256526,1
4764396,0
5311847,0
9347893,0
329230,1
9640469,1
5542455,1
868620,0
7184920,0
5569390,0
654418,0
3052458,0
9815071,0
4191048,0
1766671,1
4211745,0
9523259,1
7069877,0
3218686,0
8224717,0
4898348,0
938122,0
1202571,0
13100,1
2571277,0
2181312,0
3383833,1
5098905,1
2171712,1
2648747,0
9150055,0
2002132,0
9488096,0
7471304,0
8071708,1
6184054,0
8733378,1
3867683,1
3857293,0
646905,0
269620,1
8131972,0
4655597,0
5480845,1
381767,0
4234324,1
5999684,0
5188629,0
4202172,0
6515288,0
2162667,0
2941891,0
7431242,0
5167339,0
5203089,0
8019108,1
9907627,0
6008401,0
4059936,0
4383756,0
4652146,0
505607,0
859898,0
7042575,0
8159611,0
9210570,0
7444869,0
5050678,0
4475744,1
6747476,1
527525,0
6769465,0
8904814,0
5216125,1
8673042,0
8858663,0
5538235,0
4478106,0
905234,0
8872675,0
8542738,0
1846153,0
716767,0
5854129,0
4824702,0
4839946,0
6783367,0
6627114,0
6604798,0
4788486,0
8601068,1
769670,1
7611107,0
7402020,0
1946491,1
4422138,0
2741085,0
7108838,0
4314226,0
3714457,0
7368595,0
843480,1
9339339,1
4391548,0
6082644,0
1985484,0
7194951,0
6106314,0
1517151,1
6024069,0
7518042,0
5800730,0
5376380,0
6499946,1
2857681,0
6441593,0
1737371,1
2043402,1
8632368,1
7598934,0
8895988,1
649241,0
491514,0
5559908,0
9275059,0
187810,1
6070706,1
8867550,0
350530,1
9778779,1
581540,0
109241,0
252520,1
1558551,1
8424988,0
6826286,1
208523,0
4967303,0
5709075,1
1404041,1
5785875,1
5369635,1
51500,1
7087270,0
5224265,0
1094374,0
2367741,0
7278946,0
5645465,1
4183952,0
8707078,1
1691184,0
2852582,1
3482532,0
7780877,1
498940,1
5178238,0
2887460,0
6963721,0
3373449,0
8113595,0
2011626,0
100010,1
1531554,0
2409562,0
8958598,1
8959792,0
1587977,0
3881297,0
2954646,0
3059873,0
7259457,0
6630138,0
702299,0
632360,1
848986,0
3160714,0
4122214,1
5534532,0
5563408,0
1116050,0
4859456,0
4348183,0
8823816,0
9921838,0
5392935,1
2807870,0
3050503,1
4916194,1
6092906,1
9314981,0
9732687,0
6833765,0
2493942,1
1831725,0
6550731,0
4760611,0
3637502,0
2151922,0
6360753,0
7025630,0
16528,0
2299922,1
9706428,0
6328725,0
8425162,0
4898046,0
3329233,1
1075701,1
4604678,0
413177,0
3076240,0
5485673,0
9688620,0
4404044,1
1436341,1
6277472,0
8219225,0
3621586,0
1407041,1
6459144,0
5277368,0
2505052,1
614961,0
2490805,0
6688206,0
8286828,1
5490945,1
9771256,0
6546299,0
8866192,0
3173713,1
3216975,0
5949266,0
6849486,1
4191496,0
9815189,1
5057013,0
1255649,0
7004983,0
3627263,1
3219405,0
1686759,0
9798979,1
5543455,1
5886531,0
5565655,1
2120469,0
4644884,0
5395375,0
1347657,0
5552138,0
1737580,0
9472749,1
7371531,0
1484841,1
6694225,0
996066,0
5153515,1
2985328,0
9151519,1
6710176,1
9530842,0
4876614,0
3117385,0
7557775,0
1536449,0
8495948,1
2548500,0
6215728,0
9188819,1
4148610,0
4895681,0
9328441,0
4493134,0
7921850,0
8440283,0
8924354,0
1782835,0
561994,0
9820187,0
2430342,1
2875301,0
2273353,0
519691,0
7374063,0
146056,0
8087283,0
7859325,0
9645536,0
996075,0
9895041,0
6217617,0
8405738,0
2615011,0
5520255,1
9093105,0
2034243,0
7779576,0
2072702,1
9656804,0
2375732,1
5349206,0
6940312,0
8765666,0
2181812,1
8749063,0
5925158,0
5588855,1
6543247,0
989429,0
215969,0
8748747,0
9728279,1
6731724,0
3083803,1
553965,0
6709723,0
8134318,1
1014147,0
2323337,0
1847481,1
7898284,0
4918294,0
7633955,0
1146411,1
9802089,1
5237664,0
8009971,0
166803,0
1092414,0
9307039,1
9826552,0
7308037,1
2791972,1
8658568,1
9648527,0
7185245,0
9100418,0
6388051,0
216120,1
5529556,0
291920,1
5134686,0
7852587,1
3887578,0
2591924,0
1068601,1
2091498,0
3438001,0
7141041,0
7727277,1
9877169,0
8102051,0
8044668,0
9455549,1
7411780,0
9724206,0
567574,0
2754283,0
1757571,1
1566651,1
7218127,1
2029259,0
3520785,0
7255312,0
2943924,0
2466642,1
8245258,0
5449370,0
2201022,1
1325108,0
7584061,0
8696875,0
4454744,0
261479,0
6600482,0
8734519,0
4322506,0
6187686,0
994990,1
4833750,0
9739237,0
985147,0
7809087,1
7638605,0
7782905,0
873780,1
4627264,1
599454,0
6035166,0
8642242,0
2392932,1
6060983,0
6145041,0
5629926,0
1218121,1
5051507,0
3343137,0
3181094,0
6093855,0
1173217,0
9864904,0
2382909,0
2094902,1
9673738,0
1845085,0
3671493,0
6947165,0
467640,1
8772723,0
827147,0
7790170,0
4514154,1
3759558,0
5480571,0
9911199,1
1580851,1
4444444,1
7754577,1
9820984,0
912772,0
6413566,0
7118546,0
5669696,0
8534129,0
9279762,0
7862687,1
7438611,0
2768629,0
6700126,0
9281013,0
6074840,0
6264377,0
7648330,0
6129216,1
6513902,0
4910194,1
3633361,0
5589007,0
9300039,1
4918194,1
8680582,0
2796972,1
5519726,0
8945498,1
8873895,0
9602387,0
6661100,0
8777562,0
558214,0
2756795,0
3910193,1
8582942,0
1766958,0
2831168,0
6368432,0
1388351,0
8944034,0
4883043,0
9667443,0
8456548,1
4264170,0
9574866,0
6508056,1
8298658,0
3314321,0
7855587,1
8974029,0
1926406,0
2450542,1
1690084,0
3798973,1
8421827,0
1684649,0
3933429,0
126202,0
2533401,0
4484444,0
2161378,0
7548793,0
1504686,0
2894002,0
204100,0
10496,0
3906104,0
2840680,0
596950,1
436864,0
7260100,0
7054201,0
1971791,1
8171998,0
3651158,0
3065931,0
6499487,0
2444442,1
8615275,0
1866681,1
1485051,0
5065849,0
4583037,0
6795782,0
486885,0
8153447,0
6138769,0
4079449,0
1956070,0
4818194,0
1522986,0
1276036,0
8198045,0
6182917,0
6945789,0
950590,1
4139314,1
855868,0
2812549,0
2940431,0
6911938,0
9822289,1
9552559,1
1057526,0
8391938,1
3756079,0
5053815,0
2597952,1
6410163,0
7016107,1
3191704,0
7177396,0
4431344,1
3039064,0
186810,1
3585853,1
6827278,0
8187818,1
2909818,0
3579803,0
7626567,0
65041,0
7952772,0
2476394,0
7475940,0
4543229,0
1026984,0
78607,0
9488500,0
6675398,0
9926299,1
6906373,0
6876828,0
7115743,0
980890,1
1158773,0
6822946,0
1621258,0
3350510,0
1826281,1
1593951,1
4418491,0
6487846,1
2608062,1
7958597,1
3743473,1
7312137,1
3351182,0
1965076,0
284820,1
6945496,1
5769931,0
8101172,0
2899013,0
4447444,1
7480847,1
9720279,1
3645846,0
2784181,0
508050,1
1304031,1
511788,0
1365476,0
5022169,0
4229916,0
9623628,0
7064922,0
6711376,0
9063504,0
8491948,1
7332337,1
1069242,0
4797534,0
8912007,0
5608368,0
9816015,0
8004466,0
7413650,0
5265232,0
4327413,0
2025331,0
648460,1
3221223,1
3271513,0
162189,0
1427241,1
932467,0
5012519,0
8614111,0
9818189,1
4626204,0
8845805,0
4649464,1
410913,0
2669662,1
2157512,1
3119422,0
6047536,0
5828021,0
2782244,0
3114897,0
4369610,0
8053169,0
8464165,0
5008904,0
5119713,0
9503059,1
4987237,0
3092448,0
4531192,0
145410,1
7780938,0
4713423,0
1037767,0
1506051,1
9275609,0
9099001,0
2769322,0
544095,0
2956592,1
4356079,0
3441489,0
915201,0
4996130,0
6359744,0
9537018,0
2464247,0
2121199,0
3129064,0
9602980,0
3234592,0
8842730,0
2358289,0
5764695,0
2229910,0
1990949,0
5514155,1
8598629,0
4731874,0
5190628,0
779250,0
5204025,1
8843488,1
8897537,0
4724274,1
4492944,1
7536357,1
5031854,0
4397846,0
1072701,1
5279725,1
2933367,0
2741612,0
7808659,0
2074999,0
9724279,1
6572318,0
2903985,0
9863698,0
4035304,1
452732,0
1032301,1
4762674,1
6477746,1
9851589,1
8468652,0
1659561,1
1426980,0
6314912,0
5870117,0
212120,1
180731,0
5200356,0
8266277,0
5447445,1
386900,0
4756574,1
5043273,0
7063686,0
2062602,1
1550078,0
6619610,0
8867158,0
735116,0
2560621,0
3037412,0
3918919,0
9814370,0
9987388,0
2391932,1
2788872,1
5084449,0
9568856,0
9578763,0
9047149,0
5884437,0
7751577,1
6467346,0
3652563,1
3365977,0
4094883,0
8072353,0
7655567,1
7789315,0
3649002,0
1910210,0
5125215,1
6439837,0
9125401,0
6485770,0
2371985,0
8613099,0
2632415,0
1234588,0
9049208,0
7519794,0
2872096,0
2739873,0
8139254,0
719957,0
7674525,0
8208028,1
1035394,0
7382837,1
9068609,1
1482841,1
5651547,0
1738371,1
342430,1
9248965,0
9957108,0
7791718,0
1365631,1
9922292,0
1298079,0
8703286,0
6439211,0
5606065,1
9147553,0
6682435,0
6668666,1
2192912,1
934390,1
2364632,1
6964649,0
6649466,1
4483476,0
7924953,0
8256528,1
8989404,0
5226983,0
4719047,0
2844482,1
8963568,0
1645773,0
177393,0
696519,0
481958,0
1050501,1
4327813,0
6816496,0
3029203,1
9194026,0
2368754,0
2087802,1
6338530,0
357530,1
3981367,0
7061008,0
8438112,0
2968304,0
4150930,0
4539811,0
8005016,0
943095,0
3731713,0
2718181,0
4151699,0
7758906,0
7144417,1
8499950,0
7997997,1
9758002,0
8984738,0
1757938,0
8468648,1
8251444,0
5762783,0
2456542,1
6698966,1
3741181,0
3473743,1
398930,1
33184,0
8800088,1
5144366,0
1452868,0
638074,0
7149414,0
4054267,0
7443447,1
4770507,0
627073,0
4233139,0
7865217,0
6908822,0
9183104,0
6437148,0
6688925,0
2427242,1
4466051,0
816180,1
3297923,1
4657564,1
9077428,0
5244403,0
2568950,0
3705073,1
7889887,1
839638,0
4614821,0
4855584,1
3951600,0
4101014,1
9170719,1
9533000,0
168336,0
1098654,0
8135318,1
742072,0
3349150,0
8549802,0
4983986,0
7836297,0
578750,1
6401417,0
5436345,1
6514856,0
7694546,0
2190872,0
8472901,0
9650755,0
8150354,0
7089807,1
3596469,0
3325565,0
845960,0
8435590,0
7795977,1
1399359,0
5179970,0
1755861,0
1152854,0
8799322,0
7330197,0
7234783,0
9412183,0
2537859,0
6050940,0
8446047,0
3155928,0
8449995,0
2033045,0
3512774,0
9781859,0
2539352,1
6934376,0
3774430,0
9875789,1
5109654,0
6559556,1
5435635,0
7607067,1
9430349,1
5113115,1
5545455,1
6545023,0
1760671,1
1230321,1
8808776,0
6478976,0
8269936,0
8869894,0
2874782,1
7676433,0
793453,0
3547453,1
1862026,0
2080828,0
1591697,0
2035195,0
1673761,1
6511506,0
9467957,0
5367635,1
4262623,0
7325909,0
6080841,0
225790,0
7678767,1
2618236,0
3711676,0
2338916,0
3091960,0
6216126,1
5507055,1
4438344,1
4323047,0
752570,1
9660148,0
1618883,0
6336336,1
9176301,0
7781877,1
5540455,1
6770776,1
350255,0
717621,0
839499,0
4686472,0
4452236,0
508792,0
3333000,0
4358233,0
7207027,1
7470340,0
8573094,0
8878424,0
468530,0
6261626,1
2713595,0
6367416,0
1942491,1
627968,0
8124326,0
7631555,0
7358788,0
7844139,0
8591262,0
5167181,0
8632219,0
1864681,1
9606069,1
4734374,1
6516156,1
3187233,0
2559266,0
5531807,0
3171713,1
4281553,0
9871789,1
4115726,0
8794622,0
8659568,1
4101539,0
8940600,0
7800915,0
2828302,0
4009937,0
1073751,0
126863,0
8856517,0
1081900,0
4096718,0
3623404,0
9659161,0
9941710,0
5480875,0
3370395,0
464004,0
9826289,1
1409041,1
5006883,0
2616162,1
7212061,0
972289,0
2212007,0
469959,0
483840,1
1142411,1
1271721,1
5647970,0
576750,1
9649469,1
8037998,0
8835634,0
4781909,0
5099905,1
5069294,0
8337354,0
2881882,1
3379300,0
8748318,0
8056144,0
7477747,1
5723275,1
8721913,0
8059382,0
2397132,0
8069608,1
3054503,1
3911193,1
9127380,0
5241236,0
2949627,0
9855966,0
7817187,1
1374422,0
4576332,0
4269624,1
7745431,0
3813183,1
7347070,0
5727275,1
8088369,0
9913362,0
7966920,0
438734,0
8475244,0
6600787,0
721503,0
959527,0
9996223,0
215120,1
3085064,0
1153695,0
4084786,0
405040,1
5143415,1
81319,0
3846732,0
6208028,0
6908096,1
7117117,1
2308511,0
7976530,0
162149,0
9716575,0
6527256,1
2483859,0
4259520,0
5726866,0
5552043,0
4044961,0
665660,1
9128420,0
6827286,1
5170489,0
3830814,0
5450538,0
4840749,0
886880,1
7159562,0
7966782,0
5487845,1
4460603,0
9671428,0
1889030,0
2741472,1
1061822,0
781257,0
4014578,0
2573092,0
6935839,0
8551558,1
4298719,0
8946717,0
5878431,0
683117,0
3121895,0
4021204,1
5034305,1
3063431,0
2929292,1
1741593,0
6659647,0
5415253,0
3952593,1
1306848,0
9024468,0
6665577,0
4329234,1
5714797,0
7802917,0
4564654,1
8328101,0
6881077,0
9211129,1
3770413,0
6591752,0
331565,0
9290961,0
4826284,1
4104014,1
8145527,0
1534715,0
556550,1
3417143,1
9737615,0
4902036,0
4146451,0
1765451,0
1286422,0
3809435,0
9962699,1
4629725,0
4054547,0
9069361,0
3842734,0
3694963,1
2471736,0
2222781,0
2090902,1
3116748,0
9579252,0
4923220,0
8376953,0
933704,0
9358014,0
8359894,0
4649358,0
8131318,1
1680529,0
9385093,0
7642842,0
7722277,1
3890929,0
1754571,1
8119213,0
2969523,0
617480,0
4846079,0
9200543,0
7753967,0
5591612,0
6939396,1
3405833,0
5200513,0
8012530,0
7949497,1
9494031,0
9858866,0
3298923,1
3584120,0
9379373,0
3591953,1
8229228,1
1023363,0
6719187,0
7423247,1
9907099,1
8795402,0
5076009,0
6410877,0
4871547,0
5471944,0
5175715,1
9230329,1
8440681,0
3611484,0
4066557,0
4174497,0
1081801,1
3730040,0
6725276,1
9006009,1
2394500,0
1725941,0
7988394,0
7726277,1
3555437,0
6942496,1
501876,0
9709921,0
1962968,0
4335381,0
4267886,0
7136317,1
1554551,1
3974082,0
6952596,1
6299926,1
3955059,0
2748718,0
7341321,0
8975990,0
3480827,0
3949461,0
6503056,1
3391643,0
5568731,0
6231713,0
5540078,0
2834891,0
5385603,0
3316592,0
6124778,0
6801236,0
4075573,0
2849482,1
2564796,0
9455892,0
8948122,0
6171975,0
4831968,0
2427871,0
8471480,0
4647464,1
7219149,0
8404607,0
6879075,0
6831627,0
1416792,0
3456543,1
3407043,1
5055505,1
5703811,0
8444217,0
4464216,0
1519649,0
5894048,0
5860637,0
2341432,1
2923688,0
4300948,0
4930394,1
3837518,0
3312133,1
8359538,1
9172719,1
9816507,0
439340,1
3606984,0
3535353,1
7824268,0
8352606,0
7603945,0
1351269,0
4243467,0
993082,0
9049658,0
3035508,0
947830,0
7786868,0
9419938,0
9074959,0
4845382,0
4768497,0
6831882,0
1264621,1
6337605,0
5487599,0
6204084,0
6511690,0
5184202,0
263016,0
4483844,1
2089280,0
4490084,0
2616036,0
5548157,0
7950703,0
2007937,0
5201025,1
3366808,0
8452549,0
2409258,0
1499854,0
4545375,0
1559146,0
1474604,0
4581401,0
7003502,0
3856383,0
450889,0
9069066,0
8625268,1
5049405,1
5850194,0
1367631,1
2559639,0
3017022,0
4687058,0
930390,1
1351531,1
3395362,0
6449864,0
3317133,1
3975793,1
4453747,0
6846495,0
3846483,1
6642466,1
6390369,0
7767677,1
4865684,1
9574759,1
6616166,1
6454035,0
8413883,0
7475785,0
9269559,0
3706718,0
9411332,0
3333333,1
7719177,1
4488604,0
9416149,1
9459549,1
7303037,1
5743475,1
3630473,0
4980515,0
2238016,0
951110,0
17100,1
2953592,1
4563609,0
8584877,0
309934,0
6930017,0
3220223,1
1558254,0
4422682,0
9121219,1
8027208,1
8876840,0
4848740,0
367630,1
5151555,0
7608067,1
9743637,0
9102012,0
3476641,0
5903326,0
9355024,0
6076706,1
5378760,0
998990,1
8755150,0
8798565,0
7447585,0
2841143,0
1695804,0
679760,1
8325331,0
9336698,0
6951263,0
4130740,0
9769679,1
601736,0
4633309,0
8890631,0
9066734,0
3805810,0
9685046,0
826280,1
8876788,1
3426243,1
4350649,0
4483936,0
2243422,1
7595439,0
3370733,1
7636840,0
6814190,0
6772797,0
9693630,0
7467798,0
2918192,1
9702079,1
7773566,0
9646469,1
2876782,1
4296489,0
1251028,0
7579118,0
1951591,1
7385837,1
1783871,1
7890865,0
5520062,0
4527198,0
1744276,0
331156,0
9291929,1
7674767,1
40400,1
4327055,0
6069606,1
2192432,0
9577597,0
9207029,1
9811247,0
7040099,0
5030785,0
650560,1
8564584,0
2215851,0
1994991,1
7016077,0
1722706,0
1661336,0
3543453,1
4930500,0
771844,0
7681867,1
9722010,0
782122,0
8065459,0
8352008,0
7010217,0
3899535,0
3112145,0
9676152,0
935611,0
7792977,1
474149,0
9305346,0
4647280,0
9237504,0
6598920,0
477163,0
7402047,1
2529252,1
5083197,0
69600,1
603507,0
7769451,0
8464698,0
1637119,0
4296247,0
2580852,1
1553536,0
1321395,0
2086698,0
4479387,0
5014105,1
1220221,1
2015636,0
8244541,0
7025497,0
3580832,0
9526259,1
5352598,0
9742479,1
3685508,0
6882961,0
4223224,1
6451925,0
8318138,1
1966374,0
5797119,0
4574255,0
369630,1
4093450,0
659877,0
6613166,1
8050027,0
9327129,0
7894778,0
680407,0
4108417,0
3816183,1
3016637,0
6534678,0
7660206,0
1365209,0
7628698,0
6434903,0
1669924,0
955590,1
6480532,0
1219267,0
4508584,0
8782182,0
8052508,1
2407257,0
1182167,0
2409976,0
507050,1
8712178,1
3185980,0
8101574,0
6457635,0
181865,0
4678084,0
5030043,0
6308801,0
5791574,0
1127389,0
1290921,1
9258976,0
2500101,0
684827,0
8112538,0
2206022,1
7632672,0
8658450,0
7572522,0
150229,0
360067,0
9649640,0
5919195,1
2117112,1
918190,1
2127841,0
7668818,0
6750576,1
7336632,0
3731373,1
6344298,0
3499247,0
2196578,0
4791974,1
1868440,0
6890986,1
9509609,0
9831643,0
1235610,0
6011603,0
8270728,1
116051,0
8364638,1
7605067,1
4805647,0
8513477,0
6174321,0
9086507,0
8633368,1
6243895,0
5333330,0
9164156,0
9651569,1
967690,1
4745474,1
857643,0
9495562,0
9425249,1
5216220,0
3458381,0
67574,0
6094906,1
3278848,0
7247494,0
442336,0
1290579,0
7476862,0
7637367,1
6860105,0
2560034,0
7241396,0
6927191,0
6667666,1
360706,0
1782480,0
6611171,0
8006943,0
5877785,1
4982287,0
4531270,0
3011103,1
7639367,1
6343823,0
1271055,0
8486160,0
4228806,0
4673764,1
4589854,1
1548047,0
2895057,0
4259524,1
9271319,0
6543456,1
3645463,1
7217787,0
1477741,1
7759571,0
4864682,0
4372461,0
8326283,0
9233299,0
570421,0
2655733,0
5565129,0
2707950,0
6170459,0
418956,0
3134313,1
4828284,1
7735377,1
4355916,0
587111,0
8005008,1
1941519,0
5301035,1
5435345,1
4456544,1
586427,0
5459472,0
4312134,1
8184670,0
1868906,0
8086843,0
5129362,0
2013151,0
3410428,0
3100347,0
1389021,0
1382537,0
3084518,0
4291114,0
4924044,0
167445,0
873385,0
2721894,0
4943494,1
7054533,0
8191918,1
7853248,0
4682864,1
2819590,0
8714417,0
2935550,0
9492627,0
5538220,0
1549796,0
6122216,1
745321,0
6563656,1
3708123,0
1069955,0
9088770,0
5194295,0
1016101,1
6177171,0
1891604,0
2968692,1
1194337,0
8892703,0
9878244,0
7816187,1
5655565,1
7409579,0
9160046,0
5103804,0
3574961,0
7035001,0
631293,0
5261746,0
5384336,0
8929298,1
1166513,0
3221642,0
9592416,0
6632381,0
3629282,0
9748370,0
4557365,0
3445911,0
6551995,0
4725146,0
7083807,1
455683,0
7335935,0
6832872,0
4209997,0
3999717,0
380830,1
1183729,0
1769156,0
5883297,0
9954941,0
3331254,0
3996094,0
2764320,0
363305,0
7988119,0
7384673,0
7239843,0
4394541,0
6599252,0
1965691,1
3170713,1
9927785,0
2057502,1
225220,1
4111756,0
1358531,1
3783873,1
6291498,0
5860767,0
2805082,1
4317649,0
1210121,1
9381900,0
6800086,1
2925310,0
5070459,0
9010974,0
8996998,1
5828598,0
2208017,0
2692270,0
7646063,0
2576275,0
4224941,0
6171397,0
628513,0
4202112,0
5857784,0
6834373,0
478740,1
9496425,0
5344580,0
1072282,0
1378731,1
577750,1
1725216,0
8105018,1
8877332,0
6120216,1
3324148,0
6891527,0
6896840,0
6079895,0
9758988,0
7555997,0
5151808,0
9373881,0
9544459,1
545566,0
8363106,0
8318217,0
9212835,0
3625773,0
689277,0
6238007,0
3373733,1
7145123,0
8284043,0
394115,0
3340073,0
986191,0
5794975,1
1443042,0
1129139,0
8837388,1
1049159,0
244420,1
6000006,1
7661167,0
9759250,0
5498160,0
4006768,0
50824,0
4866350,0
8704410,0
634474,0
3484881,0
680698,0
3123340,0
4962871,0
1298804,0
3708073,1
9259529,1
6797976,1
1679795,0
650540,0
9302039,1
6085889,0
4942312,0
8703175,0
4880884,1
6408046,1
960055,0
7909944,0
7366637,1
5580855,1
5481189,0
6140416,1
4173714,1
7374737,1
9870616,0
9496454,0
4905805,0
6957953,0
4757655,0
371730,1
2829282,1
9678373,0
684240,0
2247422,1
7169617,1
5938931,0
4400077,0
6537868,0
7580857,1
6012146,0
1133003,0
6627097,0
7451547,1
1494117,0
4569918,0
5864685,1
7496847,0
681783,0
6446446,1
5235833,0
7490423,0
5268625,1
2841360,0
1436689,0
195910,1
8294800,0
3835029,0
7090907,1
6801086,1
3695749,0
512275,0
4918740,0
3424727,0
992514,0
4287417,0
2425242,1
629575,0
6412146,1
7727973,0
1807463,0
6167999,0
60998,0
2622262,1
2809085,0
2221155,0
2783245,0
6428246,1
3051503,1
9369664,0
3831394,0
4679220,0
1108459,0
7906097,1
587850,1
5899985,1
751570,1
3203152,0
8366414,0
74468,0
5304925,0
3085366,0
4733374,1
9710165,0
2828222,0
8134893,0
7460977,0
487840,1
7280891,0
8068608,1
1565240,0
36300,1
7984183,0
5430857,0
9698969,1
1037156,0
8860688,1
3239333,0
5914788,0
565360,0
3665151,0
9718179,1
5829038,0
3343900,0
2975927,0
4622193,0
9311754,0
1258521,1
3737254,0
1774345,0
9366481,0
4337575,0
3602063,1
3873783,1
5664146,0
975390,0
5277914,0
4833662,0
9659301,0
1239321,1
5580007,0
3355573,0
7398624,0
3033944,0
5260625,1
4477435,0
3180330,0
716170,1
7293764,0
7186850,0
506316,0
6450546,1
7643288,0
3748473,1
8937534,0
1563648,0
1952886,0
1810520,0
9724521,0
4074704,1
3811992,0
5778318,0
3844445,0
6398936,1
4369634,1
1844662,0
8144638,0
9521691,0
732906,0
8065695,0
3929172,0
8591958,1
9866964,0
1005059,0
3527253,1
1203218,0
5723374,0
1881881,1
1493449,0
2821289,0
1171510,0
540450,1
7364929,0
5671582,0
4264079,0
3471743,1
8831686,0
5484845,1
4105014,1
3488226,0
5713944,0
3583853,1
9520402,0
7891659,0
7849767,0
1309031,1
9783879,1
1248152,0
5242436,0
8553756,0
4990078,0
9703079,1
4538760,0
7199673,0
1125211,1
2237162,0
6552399,0
3166391,0
5971453,0
379111,0
4345956,0
4758362,0
8678768,1
4164614,1
5478000,0
1369568,0
1822116,0
7812144,0
5831004,0
9795648,0
8219295,0
3305947,0
7182069,0
4428843,0
1933391,1
9456730,0
7443790,0
9735072,0
4669291,0
7999762,0
3087770,0
3588457,0
8812731,0
6834604,0
2136348,0
6971796,1
904090,1
6090847,0
5193915,1
3325233,1
128030,0
220484,0
9605737,0
8288644,0
8611421,0
4261998,0
699388,0
1755181,0
1436524,0
4143414,1
6330100,0
5347435,1
8416148,1
2657259,0
3871749,0
2045176,0
9407108,0
9668461,0
9771254,0
9917199,1
3364633,1
3852472,0
6247864,0
7783877,1
6884886,1
4515154,1
2659081,0
4328902,0
9944475,0
4946702,0
5556319,0
4700074,1
3619452,0
9874137,0
191581,0
4671602,0
6411146,1
5244425,1
3836399,0
447440,1
4423640,0
9746138,0
6128691,0
5349103,0
5456010,0
979849,0
6077835,0
8556558,1
3940855,0
4346731,0
1999087,0
4674764,1
7610706,0
7894987,1
9100653,0
702954,0
5542123,0
4539391,0
9429574,0
2863538,0
3185813,1
9077709,1
9588692,0
895282,0
6861911,0
570127,0
3038662,0
258196,0
7746869,0
6831057,0
3379997,0
32300,1
9829289,1
8973596,0
443227,0
3331681,0
7536978,0
3145964,0
6482093,0
6621266,1
6234326,1
8813801,0
4653147,0
8073126,0
3632226,0
8539358,1
8782878,1
2175848,0
8282828,1
2818182,1
9396825,0
8304038,1
8615898,0
5277022,0
2652562,1
3946493,1
5246439,0
8092376,0
927160,0
2183519,0
7295601,0
6919196,1
472740,1
2958592,1
8817820,0
7967718,0
6530778,0
2601185,0
341312,0
333330,1
5126438,0
2273722,1
969875,0
4102307,0
5169449,0
9414149,1
4218725,0
2588852,1
7132317,1
3248574,0
7902416,0
9577759,1
2644462,1
9545347,0
7298927,1
1325509,0
2621444,0
1269039,0
2152560,0
5148824,0
2418538,0
8841736,0
6041406,1
3158858,0
9993854,0
9996331,0
4332186,0
2125212,1
6967272,0
9583091,0
1063179,0
3415237,0
2924292,1
6158690,0
785170,0
4915786,0
165173,0
8597095,0
8507798,0
5413510,0
4870784,1
9398333,0
1098349,0
3624534,0
7361637,1
8626369,0
5428892,0
3394933,1
2249141,0
1823300,0
9235992,0
2084802,1
9028167,0
1295403,0
6505056,1
5335851,0
6283134,0
1781573,0
2499267,0
8002940,0
1254071,0
4163319,0
6673120,0
6442961,0
594478,0
239320,1
2394011,0
3267711,0
2130809,0
9192919,1
2970287,0
1902091,1
5192915,1
7597957,1
3221302,0
2752202,0
3735796,0
1652042,0
9221229,1
6263733,0
8897230,0
9166302,0
1723606,0
5542194,0
5847505,0
7858627,0
6838246,0
1589150,0
7326695,0
6471938,0
6799909,0
2785872,1
5345377,0
2232065,0
3441471,0
9195581,0
9303384,0
410249,0
224042,0
7139685,0
9716179,1
6955596,1
9277729,1
3437124,0
996990,1
1838831,0
5999995,1
1153511,1
454654,0
9565378,0
8338702,0
1406041,1
229017,0
7387335,0
99900,1
9894371,0
6124237,0
1471741,1
220531,0
757236,0
4128681,0
2122212,1
8418504,0
5247010,0
474441,0
514662,0
6543239,0
3024203,1
7129122,0
4672764,1
607475,0
5814503,0
7415816,0
4787964,0
3666663,1
474849,0
6683866,1
370163,0
8810353,0
3215123,1
6738794,0
6134316,1
4402283,0
5574161,0
4257903,0
3933444,0
978080,0
7142381,0
86691,0
3084207,0
9018943,0
3875783,1
5982895,1
5231357,0
7854961,0
8379738,1
7321089,0
3400926,0
4563204,0
8178293,0
2771344,0
4871784,1
7610167,1
311581,0
1995642,0
7504121,0
3603063,1
4305871,0
6745144,0
6977452,0
9438971,0
9253529,1
6362453,0
2451320,0
836380,1
5931395,1
2951174,0
9523807,0
1681861,1
2016306,0
4636987,0
2152175,0
83407,0
4083727,0
8181434,0
2702482,0
5296893,0
4566644,0
6831351,0
444564,0
9845725,0
4705735,0
7460306,0
5634365,1
8277071,0
2614161,0
5913195,1
258465,0
8234164,0
3446433,0
3237323,1
8058508,1
4244424,1
6586448,0
1713171,1
949490,1
4386985,0
3365772,0
7590231,0
292376,0
1603061,1
8892521,0
1585803,0
9956219,0
1365450,0
2658562,1
716505,0
6605454,0
334482,0
4396934,1
7104573,0
9931022,0
8004278,0
3313578,0
5537355,1
18100,1
5417541,0
8179255,0
1497941,1
8358784,0
5195176,0
9026122,0
7982885,0
8194531,0
103010,1
4552554,1
9298272,0
13477,0
9567962,0
8474049,0
3856583,1
2631039,0
5337335,1
5869617,0
7831418,0
660176,0
8870305,0
6089094,0
5895985,1
2456881,0
4283196,0
2486726,0
8313999,0
6235326,1
9616878,0
505199,0
5394973,0
6681348,0
4871338,0
6647136,0
1992348,0
933373,0
4659201,0
1000001,1
2776981,0
6935402,0
2490472,0
6144416,1
2885940,0
1521884,0
6274726,1
2519848,0
7261189,0
6581856,1
4177714,1
9465102,0
5937788,0
2303044,0
6656497,0
3200042,0
9503484,0
5843977,0
8333338,1
9999743,0
2360632,1
4388834,1
5241089,0
6998064,0
8543458,1
8217947,0
2490084,0
4577089,0
5960802,0
3527121,0
3335527,0
1650469,0
8863993,0
6093906,1
3652275,0
2591952,1
4316134,1
4411144,1
4643464,1
2105071,0
6221226,1
3290923,1
1829695,0
6970009,0
6774557,0
6127216,1
9511159,1
7697967,1
7679334,0
8592409,0
8223228,1
1870781,1
2593173,0
6472746,1
6822197,0
5899151,0
1555696,0
8395938,1
9217953,0
5715806,0
7296956,0
2682862,1
9706517,0
7188817,1
721245,0
661660,1
1893981,1
4796538,0
3728124,0
9281829,1
9645223,0
8985898,1
7348437,1
3770773,1
6108241,0
1599175,0
8666668,1
3272336,0
3782873,1
7292796,0
7487937,0
8695295,0
4729274,1
4633364,1
7664584,0
9396145,0
2347830,0
4539354,1
8478458,0
5650535,0
4648352,0
6608066,1
3393933,1
8762458,0
8729285,0
7439439,0
2724907,0
7950236,0
126827,0
4141008,0
9473484,0
9340439,1
4006431,0
8572114,0
6416682,0
4087098,0
1230832,0
2987242,0
9292486,0
7890439,0
885880,1
1489841,1
3607290,0
6622625,0
942136,0
5681379,0
8735378,1
5482845,1
490940,1
2443624,0
735752,0
5349435,1
6748474,0
5459052,0
5674421,0
7043833,0
3881614,0
5021991,0
4408428,0
2351696,0
2177468,0
8386784,0
8833472,0
1577542,0
8997634,0
1355531,1
2334332,1
3350533,1
8441536,0
3266011,0
7716718,0
3249423,1
9910199,1
2443064,0
1684861,1
619450,0
8349793,0
4786917,0
2030302,1
5582412,0
6857185,0
7774180,0
482005,0
9396612,0
8516191,0
5564647,0
1255521,1
6369335,0
507057,0
8466308,0
789833,0
3092018,0
240758,0
7040751,0
2659978,0
1752911,0
8246405,0
1758571,1
3071703,1
2813182,1
9746925,0
9757323,0
4927294,1
9120986,0
7915462,0
1172711,1
731627,0
8999402,0
2605488,0
4455897,0
3263315,0
8648468,1
3304435,0
2752789,0
2212902,0
1395931,1
1572741,0
6755531,0
8093273,0
6145355,0
1059907,0
1409189,0
1444188,0
4729330,0
1785871,1
7255527,1
1246132,0
7436109,0
2759572,1
832392,0
1325641,0
7095907,1
9094116,0
975380,0
8058059,0
6456736,0
6220206,0
8523258,1
6058548,0
4091904,1
4821284,1
317165,0
417586,0
9076154,0
2209702,0
1996991,1
7418048,0
949241,0
5756575,1
8273728,1
5940181,0
3988769,0
4037262,0
5971795,1
7527612,0
9505874,0
1341145,0
3041534,0
7473914,0
196886,0
3724273,1
4992994,1
2278391,0
5302035,1
6365636,1
2877711,0
6776206,0
9109077,0
7408303,0
273108,0
2663172,0
1655419,0
2421337,0
733370,1
9167323,0
5819333,0
8443895,0
7910197,1
5134315,1
3575756,0
4422555,0
7450049,0
590787,0
9547832,0
6878529,0
9655594,0
6068174,0
5399411,0
7137972,0
4319161,0
4258524,1
2167612,1
152510,1
6666666,1
5872785,1
2972786,0
9605697,0
6975265,0
8843300,0
6974257,0
8927648,0
2888882,1
2937844,0
2820929,0
10465,0
9295697,0
7650567,1
9411121,0
2725272,1
5818762,0
3687285,0
3102488,0
9928299,1
2198373,0
2592860,0
3273723,1
8053508,1
5300035,1
3514648,0
3929293,1
1028414,0
4859584,1
9738083,0
8654571,0
7948969,0
7304037,1
3397992,0
2605648,0
9675515,0
4953798,0
9393244,0
6471538,0
509506,0
2011357,0
7010314,0
8323156,0
7264547,0
554062,0
8750199,0
220950,0
5464645,1
312130,1
3556448,0
1373686,0
4980927,0
2460801,0
6479746,1
5893985,1
7463832,0
7069146,0
1801749,0
950507,0
818180,0
8350970,0
8006629,0
3926293,1
5158839,0
9708079,1
5086243,0
6423665,0
3232323,1
975790,1
6244622,0
1797971,1
975788,0
6674160,0
2910942,0
5814597,0
1369631,1
808813,0
8401584,0
5939609,0
2718872,0
1989891,1
7452575,0
6839222,0
17957,0
1206189,0
279720,1
1918862,0
2718172,1
7572096,0
732944,0
9139319,1
2373775,0
8897051,0
4832045,0
133812,0
6514711,0
8753578,1
8644972,0
2459668,0
506121,0
3431343,1
4953793,0
4359534,1
6107016,1
130310,1
2655570,0
4511246,0
8734134,0
414140,1
6351995,0
9845618,0
9366879,0
9493949,1
1757901,0
735370,1
9510128,0
9234974,0
2115812,0
3271227,0
5917362,0
3977793,1
6880886,1
7230417,0
4812111,0
9652863,0
2614229,0
3675763,1
2428684,0
5280913,0
5736154,0
3152974,0
9714227,0
694658,0
2782872,1
304030,1
3859583,1
2613162,1
9507281,0
9707227,0
8010108,1
3252523,1
348430,1
9937300,0
5637612,0
1836172,0
4730586,0
4029216,0
4098358,0
2269206,0
5114115,1
628001,0
7343808,0
8533501,0
6090906,1
2609785,0
9819189,1
2810250,0
3797973,1
1220415,0
5355535,1
1686861,1
7049407,1
3486251,0
5008894,0
1989707,0
7929807,0
7452742,0
3600729,0
8147794,0
3373211,0
7180564,0
6140094,0
4082804,1
3213123,1
1969087,0
1399314,0
5283629,0
7668169,0
1311347,0
786855,0
4247424,1
7532357,1
3841041,0
4892572,0
7424520,0
3268785,0
3907093,1
5384835,1
1159037,0
2299624,0
3547513,0
4011372,0
5503299,0
5478915,0
7527719,0
6292926,1
8878653,0
1876781,1
3200680,0
3331752,0
7803087,1
2261252,0
4950136,0
9399118,0
7350101,0
8039623,0
2407469,0
3054817,0
9933307,0
4930669,0
685860,1
8559547,0
8475742,0
4563465,0
3650937,0
5051886,0
7621889,0
8055626,0
6699203,0
5472732,0
3799973,1
618141,0
518400,0
2843482,1
6030314,0
374314,0
6267626,1
2137312,1
677944,0
9309039,1
5090629,0
2796029,0
2529777,0
1407307,0
2140878,0
8536648,0
2090061,0
3002137,0
5711241,0
7821432,0
7645467,1
3956907,0
110767,0
3246332,0
1119111,1
3996552,0
9420249,1
4211051,0
1300801,0
4292924,1
3709112,0
3685899,0
2633048,0
1127738,0
7811298,0
7070497,0
7686867,1
2661027,0
5236240,0
1315020,0
6062391,0
2720046,0
3846147,0
8842281,0
5653323,0
897202,0
5999882,0
8675768,1
5719175,1
6753946,0
1676761,1
9993827,0
4101553,0
9221854,0
151510,1
7359054,0
4874427,0
4556554,1
4609590,0
9444152,0
8796149,0
2731372,1
9064541,0
54295,0
5649465,1
8661668,1
3368633,1
5722275,1
9547909,0
8781042,0
9405056,0
8279119,0
7618853,0
5021205,1
780873,0
791165,0
2913820,0
6579756,1
809080,1
4132981,0
2168612,1
859580,1
8371738,1
1529734,0
1096657,0
6109783,0
4565212,0
417957,0
5689637,0
3812587,0
8414275,0
8073708,1
396930,1
2777772,1
5556838,0
1658434,0
1586537,0
4845026,0
9261503,0
6298667,0
7033225,0
2859582,1
6298769,0
340119,0
4511154,1
5742018,0
9323181,0
4808954,0
789757,0
5707694,0
1902724,0
6802878,0
3324838,0
6625266,1
658429,0
3686934,0
5788146,0
6482023,0
7300413,0
2313132,1
5041405,1
7562522,0
8392615,0
5276725,1
1895981,1
7193660,0
3167538,0
1913403,0
6601088,0
7024207,1
1030898,0
5585855,1
3425672,0
3903564,0
9056813,0
2986753,0
5345668,0
9406063,0
8562122,0
2096558,0
8400321,0
6948496,1
854174,0
4289824,1
464041,0
6648217,0
1581647,0
1833165,0
1473080,0
6596620,0
9368639,1
9426453,0
3595804,0
1275898,0
1264122,0
2664668,0
7542310,0
8084099,0
3266217,0
646509,0
8394066,0
9519159,1
6275434,0
550745,0
7667061,0
8766401,0
9376439,0
1915209,0
4493944,1
8073904,0
2302156,0
2149412,1
5345222,0
6763676,1
9426549,0
4816184,1
7792307,0
7300037,1
5743333,0
9672073,0
464460,0
7955558,0
2371732,1
7652593,0
53456,0
689860,1
8604628,0
4353155,0
1573762,0
1845422,0
4791546,0
6193814,0
9218095,0
7921215,0
6056404,0
5090059,0
3165884,0
4686442,0
6083306,0
5686865,1
2065602,1
6344197,0
8551548,0
7932032,0
5598298,0
7680610,0
8848488,1
5229968,0
5967695,1
4847484,1
7985751,0
4225842,0
7378652,0
5525741,0
2204555,0
1029201,1
8320238,1
7552192,0
2720272,1
6878543,0
8923298,1
8828191,0
1405815,0
5821658,0
2872526,0
3325549,0
3844350,0
5979663,0
6762965,0
5473355,0
7443298,0
9594959,1
8130318,1
6938032,0
5000,1
6377736,1
2376448,0
219120,1
8491699,0
2693211,0
7823705,0
6183602,0
9746479,1
4968907,0
3755573,1
4260992,0
6514286,0
5121150,0
2170712,1
18659,0
7697544,0
9188125,0
1440441,1
4068368,0
7446518,0
3283675,0
856312,0
6681241,0
7590957,1
5692159,0
7396590,0
4655564,1
9407106,0
3843109,0
7452040,0
2292874,0
1720779,0
5037305,1
7529560,0
1896981,1
5358535,1
1366208,0
6757093,0
3043403,1
1377391,0
1533571,0
8022727,0
5017105,1
4941494,1
7790859,0
2193912,1
6884904,0
8169519,0
2537102,0
7115677,0
3093903,1
7460021,0
1598891,0
268445,0
3342015,0
2955638,0
2009002,1
5100015,1
6475746,1
1703665,0
9791293,0
4600264,0
7322237,1
6675410,0
1789118,0
7195970,0
1330778,0
9263629,1
5217924,0
7414732,0
1818537,0
6812187,0
9725104,0
6703430,0
4003154,0
3695769,0
1146215,0
5243425,1
1308251,0
3119956,0
8516158,1
656138,0
4760674,1
3193147,0
7001007,1
6599977,0
8150071,0
8506130,0
2249429,0
3700088,0
9892444,0
3629563,0
3185267,0
8443086,0
3778245,0
8599988,0
6139126,0
8946006,0
3846863,0
7384837,1
335009,0
5419671,0
153510,1
7427247,1
9182819,1
6446426,0
7567520,0
4796328,0
5413562,0
178423,0
9474455,0
553008,0
7338703,0
5503759,0
8030308,1
9278729,1
1811387,0
3251523,1
409422,0
626911,0
9347763,0
9190592,0
505122,0
9859589,1
7475747,1
9139671,0
9245096,0
3890513,0
8264628,1
9610169,1
919021,0
3462685,0
5593052,0
6071538,0
2077624,0
3277723,1
3967524,0
8386037,0
4383949,0
7538824,0
2934420,0
78784,0
5575964,0
331139,0
1679761,1
5689873,0
5445541,0
837421,0
5211976,0
3188813,1
4316850,0
7426247,1
6453289,0
6921734,0
8108792,0
2793972,1
1403041,1
6709551,0
8617052,0
877705,0
4569654,1
9630207,0
5630891,0
3390709,0
4090317,0
501624,0
3435243,0
3750573,1
5828285,1
3629716,0
8699968,1
5741475,1
1407452,0
3620057,0
7459073,0
6835968,0
4197580,0
6601099,0
8772295,0
6333336,1
3384502,0
1740849,0
2501925,0
7487833,0
3974307,0
7966341,0
4985924,0
1821281,1
850659,0
4836465,0
5204819,0
6525957,0
9129703,0
9354539,1
3578831,0
9319139,1
2364134,0
9495870,0
5651565,1
6378736,1
3184813,1
4267624,1
4644610,0
1179711,1
9945712,0
273874,0
5608301,0
4765683,0
5854585,1
2469642,1
9692969,1
688860,1
5750575,1
22013,0
9884889,1
892570,0
4208844,0
1757924,0
8302038,1
7954597,1
4063641,0
5100452,0
4096904,1
8962345,0
9608069,1
3408043,1
7908557,0
5462420,0
2671801,0
761067,0
894980,1
3835262,0
9314687,0
3661106,0
8764678,1
9318405,0
5697885,0
6500056,1
9165619,1
8345793,0
6467928,0
4080804,1
2477331,0
5756702,0
8185543,0
8935755,0
519778,0
9303096,0
145429,0
8791978,1
5632179,0
7805087,1
7058531,0
9197579,0
2314716,0
4432451,0
6639079,0
3703073,1
6760402,0
4470744,1
822280,1
8114781,0
9198556,0
6985896,1
3209770,0
1676485,0
8341438,1
1338331,1
3300033,1
6751640,0
9906084,0
4442444,1
4947494,1
2593226,0
1658561,1
6537660,0
1113111,1
7389109,0
2392531,0
9344846,0
6623929,0
6233705,0
7577559,0
4981584,0
3440443,1
1329231,1
6557556,1
8531725,0
667429,0
8788878,1
2789724,0
6904198,0
6352487,0
308643,0
3172893,0
6439952,0
6870887,0
2534352,1
2449540,0
7848105,0
4554797,0
8274033,0
6395091,0
9121440,0
2580337,0
4153405,0
1334238,0
254642,0
7675767,1
9037309,1
5042697,0
5461656,0
1108011,1
5408491,0
8871491,0
8973990,0
6786876,1
2469956,0
847228,0
8079819,0
1531994,0
5450112,0
8889888,1
4412307,0
9331516,0
1608132,0
2155512,1
6035171,0
5080358,0
1451295,0
8097276,0
5818947,0
1736371,1
283820,1
9778903,0
5818829,0
6963680,0
9096704,0
8266366,0
1732195,0
4657379,0
7512413,0
6922130,0
29113,0
7172717,1
4030844,0
7091904,0
6236326,1
607897,0
9818064,0
9995999,1
4883670,0
306011,0
6312245,0
2633362,1
2021515,0
4818707,0
3608063,1
8009767,0
1192911,1
9365217,0
4014847,0
4506958,0
2095902,1
6196811,0
6602066,1
9406819,0
7658061,0
8072708,1
5205064,0
9772192,0
6021186,0
1683861,1
3930393,1
3036216,0
5294911,0
8932224,0
9297128,0
9404381,0
589424,0
9117923,0
143410,1
8938398,1
8464518,0
2610915,0
740470,1
7089797,0
6143897,0
5444445,1
8554866,0
3611163,1
6827340,0
9737037,0
1270159,0
3645545,0
7731377,1
5862685,1
9815171,0
1372731,1
9479924,0
690960,1
1249575,0
4571754,1
921290,1
302302,0
4176560,0
457540,1
5315135,1
3521274,0
9246958,0
5782601,0
2255832,0
3326974,0
6810186,1
8018480,0
5158515,1
7209295,0
5249880,0
2333226,0
9203065,0
9669815,0
3554553,1
3191857,0
156385,0
7981051,0
8206768,0
4359350,0
6067588,0
468640,1
6482213,0
9756327,0
6727727,0
735412,0
5997393,0
265620,1
6344436,1
1448607,0
5914017,0
427618,0
8816188,1
2171991,0
1743471,1
4132553,0
5940495,1
1642076,0
2644314,0
1945214,0
710662,0
4390934,1
4773927,0
1053252,0
3458543,1
9173174,0
2779468,0
5779055,0
8480673,0
2997992,1
3093889,0
4644043,0
9414211,0
4062884,0
7529956,0
3948493,1
1375731,1
4042080,0
9751986,0
2913797,0
4331334,1
2756572,1
8143626,0
908286,0
9893989,1
1874583,0
1454541,1
8062608,1
156510,1
9135773,0
2293922,1
6406046,1
9197919,1
1690961,1
779770,1
6033094,0
5191783,0
3682863,1
1400041,1
5291334,0
2230888,0
1115111,1
5228810,0
6911109,0
7401099,0
3977158,0
9924299,1
7598775,0
9102019,1
3874915,0
6041414,0
1785312,0
1607238,0
5933746,0
2831382,1
3409966,0
1542076,0
7850983,0
9345439,1
2921292,1
6338593,0
2236968,0
9837389,1
4219105,0
7779019,0
2843922,0
1290820,0
1123995,0
8224228,1
8557114,0
5030274,0
8155559,0
3784873,1
5418169,0
1435287,0
5896791,0
8181818,1
6468646,1
715008,0
9520259,1
2916727,0
1108126,0
3841602,0
2979792,1
2259522,1
2274118,0
2073642,0
5989165,0
221242,0
6050183,0
6909255,0
3200633,0
88138,0
5202732,0
3970041,0
8658006,0
7355013,0
6576756,1
631360,1
4332640,0
3255523,1
5975571,0
1436213,0
3371701,0
7085855,0
6593389,0
4520254,1
1205021,1
8003008,1
7057507,1
7264340,0
8315321,0
582054,0
6648276,0
6342323,0
3171973,0
8557721,0
9124081,0
7471747,1
8150518,1
4206024,1
1500051,1
7244799,0
8601567,0
9313760,0
2377732,1
7543407,0
9357539,1
3181777,0
6149593,0
3523523,0
8295226,0
6268626,1
4705995,0
2558249,0
879377,0
2848299,0
5700260,0
7579757,1
1904091,1
8464883,0
6716557,0
8277728,1
3248423,1
2865906,0
1808081,1
5301662,0
7972797,1
705887,0
2651562,1
4233324,1
4115114,1
9727689,0
9499401,0
646038,0
7810240,0
4890051,0
8805088,1
6447979,0
844925,0
3531461,0
5168955,0
2213231,0
3615430,0
1986891,1
6571929,0
9499949,1
7197319,0
4896482,0
6050295,0
5671228,0
9659426,0
7449762,0
8107018,1
3819673,0
7939421,0
8395326,0
4656703,0
2674839,0
6269908,0
8162550,0
7708077,1
710614,0
7406786,0
8846383,0
4890984,1
5351429,0
6475684,0
8649733,0
5809085,1
2727678,0
6023538,0
9892337,0
2388684,0
5010857,0
5144415,1
5202486,0
1391277,0
9687869,1
5149823,0
2917192,1
9941499,1
2828144,0
2439622,0
9407049,1
4159514,1
2973369,0
5429884,0
63832,0
4311740,0
6406210,0
1914191,1
4004072,0
5314922,0
9988,0
2304669,0
4349075,0
3240839,0
9195896,0
7143396,0
2117313,0
362684,0
9923200,0
4309645,0
9237936,0
9544807,0
6648492,0
7690639,0
679756,0
748470,1
2926380,0
1589786,0
1360467,0
7338298,0
8519158,1
3000132,0
9657106,0
2256378,0
8119349,0
1629078,0
1864266,0
6401840,0
270318,0
9647138,0
557642,0
5180843,0
9946384,0
1865512,0
5034964,0
8324015,0
4220891,0
6036813,0
8253528,1
8118118,1
6893007,0
4502615,0
1931391,1
6604472,0
8124218,1
4169611,0
4217124,1
4744658,0
1747322,0
7197073,0
8509058,1
5609065,1
3740506,0
5466376,0
7307037,1
3308812,0
5861685,1
6766676,1
1396931,1
3596101,0
9045409,1
4515376,0
1073803,0
6458496,0
7835514,0
6555772,0
7814069,0
4499068,0
1001373,0
9321745,0
7544457,1
4354710,0
7995997,1
3619534,0
2633757,0
2092516,0
1273494,0
604060,1
3166613,1
2747472,1
584182,0
5691743,0
6789465,0
7659693,0
5176810,0
5460583,0
4269050,0
3151806,0
6808850,0
1373176,0
9874429,0
9303039,1
2461242,0
7445447,1
493586,0
9477749,1
9137065,0
8877091,0
5073705,1
1100205,0
9937399,1
7940497,1
6160984,0
8728023,0
9341751,0
2324411,0
5527445,0
7499947,1
3916193,1
274603,0
3109762,0
8430348,1
4817184,1
9279023,0
1361744,0
1648201,0
9686378,0
1483843,0
5177207,0
3373639,0
3551187,0
6300549,0
8084304,0
3140413,1
5811813,0
3542453,1
7936397,1
9474560,0
2662223,0
1574518,0
823280,1
5414058,0
7751651,0
7837826,0
2527012,0
8581853,0
6894664,0
3432706,0
8714544,0
5389032,0
4978139,0
1596679,0
1536351,1
1634153,0
8009740,0
582856,0
5329727,0
5879916,0
2800735,0
2278240,0
5083337,0
9011782,0
173710,1
2408042,1
3488703,0
9547191,0
1664873,0
6408397,0
4903490,0
9052732,0
2341717,0
2652746,0
9051509,1
1759571,1
9269993,0
3349080,0
1918515,0
1034245,0
4028142,0
909725,0
6662666,1
9466214,0
4364634,1
1498941,1
2910960,0
8490946,0
3997097,0
2732284,0
1841481,1
1264930,0
4241424,1
6651706,0
4006751,0
796861,0
2955476,0
4227540,0
2378732,1
4520476,0
3327129,0
300030,1
1198911,1
3934393,1
1847694,0
2772772,1
4964497,0
8796670,0
3018246,0
6794976,1
3512225,0
3198913,1
9685004,0
6182627,0
2150015,0
5483272,0
3278567,0
4335835,0
2578286,0
7375718,0
6820956,0
6564656,1
8852588,1
3058503,1
7714566,0
6120475,0
167478,0
7932397,1
6208039,0
9532559,0
8613917,0
689377,0
9166612,0
157432,0
7264865,0
4232324,1
8041522,0
3018911,0
947787,0
1344431,1
7138274,0
3367633,1
1712202,0
8465326,0
1694961,1
2895479,0
7407300,0
2954280,0
1390931,1
1814524,0
8536440,0
6261874,0
300773,0
2405806,0
2817165,0
4318134,1
6691352,0
8040453,0
6156362,0
3911065,0
7266774,0
764128,0
9969880,0
60112,0
1199426,0
8618168,1
9504465,0
6250227,0
8009008,1
3418664,0
4743474,1
4652154,0
9859539,0
9550562,0
4186814,1
4870399,0
5909095,1
1525251,1
6505843,0
8809967,0
1905900,0
1778749,0
4212124,1
3208023,1
6203026,1
9406630,0
3026206,0
4755574,1
9615049,0
4000004,1
8245598,0
8983543,0
2898559,0
9792487,0
6217126,1
4742530,0
5930488,0
8955598,1
3225223,1
6437589,0
6832322,0
9542632,0
1524251,1
8950049,0
8129218,1
5875196,0
1161611,1
8290469,0
5551653,0
3900093,1
9518571,0
646606,0
3010103,1
9414893,0
9067609,1
4287980,0
8618276,0
7098546,0
4719174,1
4537354,1
4827137,0
4998295,0
8510790,0
4263646,0
7234517,0
7943497,1
1734371,1
9216129,1
4989937,0
66600,1
9623248,0
4019969,0
5470548,0
4249424,1
5226719,0
8791464,0
8584858,1
847976,0
7236105,0
8515158,1
6570378,0
5254511,0
7992178,0
319456,0
6615770,0
6021028,0
9441744,0
3756166,0
2778768,0
7937397,1
4270943,0
428529,0
4487511,0
9784715,0
4036337,0
7430253,0
423311,0
3066603,1
3917193,1
9215007,0
805185,0
6690779,0
5507923,0
6098188,0
1994333,0
9753579,1
5577755,1
7865687,1
2721272,1
3536837,0
1038300,0
824603,0
2645462,1
2037357,0
5261122,0
0,1
6509598,0
1277189,0
9807089,1
5489845,1
5234325,1
4073704,1
1766290,0
8886976,0
9116271,0
9052793,0
8209038,0
527655,0
4935575,0
516962,0
4066604,1
8608068,1
4272077,0
7811187,1
1589851,1
160121,0
9335419,0
1021201,1
7813415,0
5737184,0
6797768,0
2231322,1
6663888,0
280820,1
1801081,1
2260883,0
9618169,1
8813281,0
3763340,0
92649,0
1832185,0
3428806,0
2100195,0
3164694,0
2884882,1
5193825,0
2828282,1
3440944,0
5079705,1
3165613,1
5742475,1
7160112,0
2975691,0
3179987,0
1409630,0
2897982,1
3191913,1
4553304,0
5018718,0
3844482,0
9730060,0
7923297,1
7511971,0
4987894,1
4578673,0
3470743,1
6997791,0
1317024,0
4602297,0
3975931,0
8461648,1
1467262,0
7793119,0
3617811,0
6575756,1
9063609,1
2959199,0
1608194,0
2281822,1
9585612,0
3448620,0
7059507,1
4896386,0
6476905,0
8420262,0
9659093,0
8572758,1
6016577,0
628131,0
9573438,0
2175712,1
3195913,1
1775648,0
6455525,0
4896984,1
9636177,0
3921154,0
5478164,0
9764419,0
4137314,1
3065603,1
5308208,0
7460647,1
1214121,1
6652015,0
5899008,0
8670082,0
4732755,0
2648754,0
7938463,0
4500079,0
1345431,1
668409,0
8025208,1
4715264,0
3957541,0
5564655,1
8701854,0
8488848,1
8335072,0
9546238,0
5965013,0
8722278,1
4237446,0
1059961,0
1978499,0
1755571,1
8702551,0
9565659,1
2689497,0
3968728,0
6917196,1
8324238,1
328712,0
9623294,0
3564653,1
3325511,0
2655672,0
6971634,0
4014104,1
598032,0
5501029,0
9524433,0
7641199,0
9686092,0
3294855,0
6886791,0
8005015,0
4963382,0
7182631,0
3815183,1
2496634,0
4566663,0
6442605,0
531434,0
2263821,0
7981063,0
7177717,1
8272728,1
9037641,0
1912467,0
4972208,0
2523902,0
8976798,1
4519739,0
9396513,0
5426740,0
4016104,1
6125313,0
4100135,0
5378735,1
6633467,0
3542806,0
8611168,1
6509214,0
9681726,0
6276129,0
2120631,0
2898982,1
1799678,0
648575,0
4842484,1
2182812,1
4890350,0
5599600,0
9656920,0
298133,0
9539497,0
8607068,1
9888575,0
4411482,0
227219,0
6541456,1
1913183,0
3016103,1
2854678,0
6737376,1
2030685,0
3994729,0
7730377,1
7311838,0
8617168,1
6045475,0
8703887,0
493940,1
725563,0
4131314,1
4960694,1
5498945,1
8946807,0
2734086,0
8935398,1
3226223,1
4293924,1
7766736,0
4155899,0
2732372,1
2130722,0
6975798,0
6736376,1
1789404,0
2567980,0
4949494,1
6537187,0
728201,0
1815181,1
3816513,0
2871334,0
9065609,1
4585854,1
3706430,0
9634842,0
5791696,0
8829439,0
9737379,1
6098684,0
639411,0
2670762,1
9731379,1
1510402,0
2904102,0
6831465,0
719249,0
8607453,0
7575602,0
3821318,0
8091107,0
2209720,0
5455557,0
7041407,1
6057874,0
1283897,0
5042853,0
1224796,0
8284532,0
5294113,0
5598762,0
8422454,0
6112116,1
2495112,0
7951597,1
700031,0
9887306,0
5228225,1
795627,0
2954703,0
6198737,0
5620334,0
3160354,0
5803397,0
881806,0
2874188,0
9222954,0
6690014,0
3303964,0
6751576,1
9845489,1
4987025,0
9331339,1
7297321,0
1306294,0
6298171,0
3558553,1
5375163,0
8958952,0
7823582,0
3306821,0
8690968,1
6772387,0
6149416,1
5439062,0
9360106,0
957965,0
4577234,0
3878388,0
4526254,1
7587928,0
7356580,0
4378844,0
8216365,0
8625594,0
191910,1
88800,1
9000672,0
9551442,0
7683193,0
2992083,0
3366518,0
5514149,0
1533064,0
384042,0
3904093,1
7885887,1
9745479,1
4613632,0
266620,1
7557526,0
2270722,1
6705741,0
1536412,0
635360,1
8497872,0
2538978,0
6949177,0
5114843,0
8543216,0
7496706,0
3938833,0
2136913,0
7879787,1
3634408,0
7203315,0
108010,1
8355445,0
1859581,1
9118119,1
5641679,0
8053327,0
8798978,1
9441346,0
4229621,0
3068828,0
8054460,0
4080556,0
6290926,1
9053081,0
4458576,0
6999996,1
5943495,1
8931398,1
8085786,0
4731374,1
7159517,1
7724277,1
8173718,1
6514156,1
4894984,1
9080607,0
2204589,0
186479,0
6703001,0
6963234,0
962332,0
2660315,0
9371536,0
5438638,0
3998441,0
4117569,0
656582,0
9136560,0
1645490,0
4807084,1
4307988,0
612885,0
2302032,1
9679769,1
7779453,0
3212464,0
9691969,1
7297441,0
1002903,0
5352949,0
2679784,0
6947496,1
4192672,0
8233736,0
3956593,1
2891351,0
2930903,0
616962,0
6287702,0
4750306,0
3121079,0
3849683,0
9705724,0
1995839,0
2321055,0
3062603,1
265059,0
5894985,1
7770007,0
185810,1
8239328,1
1162611,1
7289187,0
6162616,1
3782352,0
4708931,0
9244327,0
2424242,1
2164612,1
8244662,0
2068602,1
3004396,0
9373426,0
3837383,1
7466554,0
8542458,1
472897,0
7013107,1
6513572,0
4255901,0
2011638,0
1832357,0
4201200,0
6353536,1
1217011,0
6451842,0
5913243,0
3211405,0
1349207,0
112986,0
8595958,1
7432317,0
1283153,0
1533351,1
6771524,0
2421242,1
4553554,1
248020,0
6623040,0
3203023,1
2209240,0
3732373,1
4216869,0
5841375,0
281820,1
3939927,0
3856803,0
3867344,0
8237196,0
930709,0
3796973,1
9544794,0
890980,1
6871854,0
504012,0
8691188,0
4401300,0
4640703,0
6327879,0
9789879,1
8704913,0
7963383,0
8034308,1
9602646,0
3991993,1
3975745,0
3012918,0
886490,0
1938391,1
5461137,0
2699962,1
5217177,0
9003817,0
6278752,0
717170,1
8143418,1
8893988,1
5478581,0
7305037,1
1477907,0
9909560,0
1838029,0
7692781,0
6744476,1
2219464,0
9187819,1
5515450,0
5832926,0
1882733,0
9226229,1
9362427,0
2489639,0
3513962,0
509777,0
9419149,1
6653566,1
6121346,0
9579891,0
2539280,0
146410,1
5082225,0
3783927,0
6996578,0
1468862,0
5736248,0
9361821,0
2156468,0
3971851,0
5549004,0
616773,0
5535081,0
3819194,0
3605072,0
3583221,0
179710,1
885226,0
5113184,0
4881360,0
9097874,0
6785751,0
6584856,1
2386667,0
7486078,0
8568716,0
1561651,1
5697965,1
7919424,0
5477372,0
3338333,1
8234601,0
7579912,0
887880,1
6775776,1
9597959,1
772507,0
4993400,0
6609336,0
2805055,0
7610225,0
6148416,1
1987312,0
4461949,0
985366,0
3318133,1
8175170,0
1580392,0
7992283,0
5874737,0
5100648,0
1247925,0
5003163,0
1936093,0
3194977,0
1955591,1
9802289,0
7130909,0
8056508,1
1522585,0
2660662,1
8669668,1
848132,0
8332121,0
4204551,0
8263628,1
8241830,0
1903964,0
1700071,1
509393,0
535509,0
4228853,0
102244,0
6905096,1
31534,0
1955504,0
924290,1
6841779,0
5611165,1
6670098,0
208214,0
5160944,0
7551296,0
8049129,0
965026,0
875780,1
5743301,0
1401425,0
3425243,1
2923292,1
1815785,0
8523262,0
3157120,0
5572075,0
2771904,0
7478747,1
4046404,1
7930846,0
6276726,1
2720841,0
830380,1
3688863,1
4390773,0
9587091,0
5637153,0
415181,0
400554,0
9394886,0
4572222,0
4121893,0
5456545,1
6694966,1
1659343,0
9022670,0
6023480,0
4646845,0
281372,0
451540,1
369608,0
9302263,0
7363450,0
9599093,0
6575686,0
8895450,0
4713174,1
852244,0
3152106,0
1739371,1
7100519,0
5076705,1
6577179,0
9798230,0
6670665,0
3906093,1
8420248,1
3972676,0
8973524,0
6724634,0
7243239,0
7625593,0
846317,0
2586852,1
8475201,0
3012103,1
5737580,0
993513,0
6080899,0
5402810,0
1467641,1
683959,0
3996194,0
1004001,1
2743004,0
9004870,0
9992064,0
2914412,0
7434933,0
3933393,1
6750238,0
2689862,1
9484734,0
8157863,0
1490941,1
3493943,1
2182338,0
9527722,0
5776731,0
7711434,0
4493090,0
8515162,0
2080227,0
9300522,0
5123215,1
3432194,0
6025621,0
1773636,0
8939398,1
9264902,0
3803242,0
7138317,1
7609423,0
1726077,0
9163979,0
4087804,1
3517030,0
5589890,0
5829285,1
1117345,0
8769514,0
2682361,0
7505057,1
6222816,0
5835385,1
4525761,0
434340,1
292589,0
7299118,0
8305038,1
5136108,0
8538247,0
6568335,0
1316131,1
3762185,0
8418347,0
8030630,0
117110,1
2495287,0
5073109,0
3924009,0
5278609,0
4640361,0
6675766,1
2863682,1
8156518,1
8571022,0
870405,0
5634503,0
4511998,0
2538630,0
7352157,0
1637591,0
1878351,0
4070996,0
1130311,1
1513675,0
673760,1
5321484,0
4718873,0
2689032,0
1833707,0
2771291,0
5612165,1
3458806,0
8625403,0
1722090,0
4263624,1
90900,1
2944876,0
8390030,0
8839388,1
5639365,1
582143,0
6073636,0
6829150,0
9016109,1
7424888,0
3806967,0
2339024,0
2406042,1
9753241,0
9550559,1
4469644,1
6460155,0
9665669,1
1420921,0
2678517,0
163610,1
7278251,0
3116647,0
2462642,1
4363386,0
7890589,0
406040,1
8098637,0
1541221,0
8028208,1
5709883,0
3130313,1
2661662,1
7535702,0
6032306,1
1293921,1
1039551,0
1044401,1
270662,0
6259532,0
3279806,0
4302034,1
7392150,0
511421,0
6283277,0
7247686,0
6546208,0
598950,1
8360648,0
6126216,1
4268624,1
4597138,0
6591455,0
6164190,0
6016391,0
8982898,1
6441446,1
5657676,0
4027862,0
6733972,0
5860495,0
8619168,1
4335251,0
9618431,0
7865766,0
4634860,0
459540,1
2096697,0
5165129,0
557802,0
7823196,0
5728821,0
491940,1
5116347,0
1009362,0
1634630,0
7839798,0
3836869,0
1603045,0
8528258,1
5765336,0
6519422,0
3829283,1
1447441,1
880476,0
1551551,1
949572,0
5925463,0
5111440,0
9999229,0
3755829,0
4805793,0
7188174,0
3710699,0
5054505,1
9560659,1
2159128,0
1733260,0
3543940,0
7022142,0
7141417,1
6091906,1
8255040,0
8624153,0
3038303,1
3224223,1
2410142,1
394360,0
2965886,0
1689861,1
5897985,1
3412143,1
1867681,1
2000145,0
5846684,0
3188477,0
2495177,0
1533688,0
1107158,0
7183817,1
5378987,0
8857627,0
6445446,1
7970805,0
1938758,0
9248461,0
3957593,1
7793722,0
6247581,0
9801199,0
2829075,0
2503052,1
785302,0
3366312,0
8737706,0
8048641,0
7086807,1
7966399,0
9231329,1
4041261,0
5424245,1
3645911,0
8242905,0
4471087,0
487744,0
5857585,1
4321234,1
3836796,0
7802315,0
4784820,0
1293256,0
5462645,1
7561381,0
5018158,0
5003487,0
5255525,1
9817189,1
8032308,1
8527673,0
3101013,1
5040972,0
3486588,0
6538305,0
7988669,0
3602344,0
6584170,0
8175950,0
6423246,1
7192558,0
3579411,0
51031,0
6891986,1
5710084,0
7276722,0
2213896,0
340430,1
8285018,0
5975795,1
2984892,1
7344144,0
7598290,0
377670,0
95438,0
9866896,0
7431959,0
9055786,0
3185777,0
8814523,0
9968699,1
8866688,1
7098158,0
7955840,0
3320233,1
6109057,0
4652564,1
6805086,1
625090,0
8030808,0
5238609,0
6049406,1
5442402,0
2281956,0
7469635,0
3913193,1
2558156,0
4248795,0
6640871,0
1151763,0
6589856,1
494530,0
947490,1
2032302,1
7277652,0
4860205,0
8744310,0
4903479,0
3310199,0
1614653,0
6884696,0
8246680,0
1783798,0
2309032,1
5687121,0
7866553,0
5431372,0
5290367,0
9375739,1
5830475,0
3714558,0
7529474,0
4659601,0
2475798,0
3491703,0
7626267,1
836977,0
7732377,1
7467070,0
245325,0
7386285,0
4141723,0
3253507,0
1380685,0
9871781,0
5426118,0
9752577,0
9122432,0
7016701,0
39954,0
6083642,0
4008540,0
3591168,0
6178697,0
6855341,0
9073963,0
1130171,0
8692381,0
7105966,0
3864683,1
3016044,0
2499942,1
709270,0
3866194,0
8453548,1
7103849,0
2592952,1
5308035,1
9824981,0
2049721,0
6171716,1
2890570,0
6001174,0
1767025,0
5295350,0
9705079,1
8478995,0
7604236,0
4274806,0
2484842,1
5829591,0
2330332,1
3522253,1
3888883,1
4630364,1
7283827,1
4422244,1
5177807,0
9363025,0
5354535,1
5425245,1
455842,0
5309841,0
4971794,1
3371631,0
417140,1
7983662,0
6089625,0
6585856,1
7424247,1
3223223,1
7297927,1
2879513,0
8014108,1
3068763,0
4081108,0
3359533,1
9692321,0
733769,0
1320231,1
1530351,1
8581858,1
3899885,0
3176943,0
1370356,0
9939399,1
6079143,0
5703385,0
9250098,0
9808698,0
8258462,0
7801878,0
8346489,0
3495888,0
7806228,0
528565,0
9763679,1
1310081,0
2282302,0
952075,0
9451549,1
7396595,0
785931,0
8228333,0
9765853,0
6040406,1
2187629,0
4281824,1
6638366,1
4324517,0
3452408,0
4384834,1
756570,1
4199903,0
6603678,0
1499481,0
9664608,0
1386831,1
7489433,0
181307,0
6168136,0
2600062,1
6572290,0
1595645,0
8253949,0
4574293,0
620469,0
4183899,0
1415375,0
7107241,0
5246554,0
5072175,0
725513,0
1101031,0
5250765,0
4875231,0
1532351,1
9412760,0
8151779,0
9550829,0
3298406,0
3236323,1
7148417,1
7182024,0
9054466,0
4666664,1
6147165,0
6567444,0
3690240,0
3257523,1
3613163,1
2486273,0
2792074,0
7061849,0
3933881,0
276748,0
118826,0
808053,0
3605154,0
4438784,0
3305978,0
7397299,0
9496974,0
4571455,0
2985892,1
951769,0
1854573,0
5277606,0
8368638,1
7291287,0
8469014,0
9065730,0
9584870,0
4678764,1
1151724,0
3893460,0
6237285,0
4207024,1
5744774,0
9368655,0
7677767,1
1152182,0
3374913,0
2524857,0
5408683,0
9534146,0
3066613,0
7048631,0
4597688,0
721107,0
3736373,1
1989726,0
35300,1
2513226,0
8094908,1
3217555,0
2290922,1
4303566,0
8555558,1
7886520,0
2406198,0
3504037,0
6266724,0
5229693,0
1932391,1
2712827,0
7060812,0
4228108,0
8504595,0
8246428,1
5936511,0
9468838,0
2849440,0
7443997,0
6621796,0
5657879,0
7995305,0
2425614,0
6446471,0
8506838,0
1779658,0
5001740,0
8299928,1
9010423,0
559251,0
5349377,0
8218128,1
4895624,0
4765855,0
7986196,0
4778774,1
2238853,0
7210127,1
8369489,0
6273726,1
1166684,0
8317211,0
4733806,0
8801834,0
618113,0
4894966,0
5433988,0
1014101,1
206348,0
4976986,0
3674763,1
3159729,0
7154963,0
5448445,1
4345675,0
9042409,1
2488435,0
9321987,0
8776056,0
7150216,0
2579679,0
3950593,1
1806081,1
8455548,1
5985366,0
3020203,1
3796446,0
5630568,0
9115986,0
5990995,1
6004808,0
8000008,1
8930943,0
6045671,0
8705078,1
1254521,1
7581796,0
4326521,0
765821,0
2292922,1
709367,0
8142664,0
1212054,0
9852998,0
4323878,0
5598864,0
3549674,0
6986896,1
5121632,0
5234678,0
1017942,0
1428615,0
6989896,1
8482221,0
8579758,1
6291138,0
5966379,0
3131695,0
5689099,0
6771949,0
9243460,0
6653734,0
9551211,0
8528221,0
6524516,0
9670769,1
5596955,1
4085241,0
6384570,0
8211128,1
9528924,0
2505967,0
1597951,1
7546457,1
1551423,0
8353816,0
8995071,0
3430235,0
1124733,0
71700,1
8028647,0
4597224,0
7109018,0
3139683,0
9395620,0
6013948,0
4276724,1
20520,0
899980,1
8733979,0
6963657,0
9799574,0
3807720,0
3931879,0
9478749,1
4785434,0
3422243,1
7425675,0
74979,0
3978793,1
5164615,1
7985897,1
8713849,0
7614074,0
286705,0
250197,0
83128,0
5359011,0
1913302,0
4394934,1
1581669,0
1528251,1
4679764,1
6414344,0
7329113,0
9180696,0
9358523,0
5728035,0
1107565,0
221220,1
397098,0
3538879,0
6924859,0
9380512,0
996902,0
6716176,1
300502,0
5164785,0
3509186,0
3953107,0
5455689,0
4391509,0
9054509,1
4286962,0
5998346,0
3073549,0
6050982,0
6737247,0
7241086,0
4497402,0
9568929,0
8548830,0
6907570,0
2318132,1
2294922,1
1271460,0
5221702,0
286819,0
8687868,1
1795971,1
7544122,0
1958619,0
2039908,0
4680864,1
7323237,1
5404045,1
2375953,0
3619375,0
6424194,0
3079021,0
3903093,1
8898988,1
1808121,0
9106724,0
9334127,0
1249253,0
4989567,0
1180811,1
5358430,0
1894981,1
721875,0
5533541,0
3028048,0
7151348,0
4174986,0
2909755,0
4509802,0
5594123,0
2269248,0
5266625,1
3314133,1
5967785,0
7504057,1
4160614,1
7091301,0
7854238,0
3143413,1
9200710,0
7156334,0
4441500,0
3838383,1
3177726,0
4721944,0
5707345,0
2653460,0
5672754,0
7309379,0
4409044,1
4190893,0
2088547,0
822293,0
7989688,0
1026990,0
7483847,1
208020,1
2074535,0
4934182,0
9708443,0
284556,0
9828395,0
6997049,0
2764511,0
2588414,0
446440,1
6873786,1
5147415,1
2671762,1
845004,0
4379609,0
4067030,0
4285248,0
2977507,0
3170067,0
7594186,0
6963509,0
8346626,0
9855440,0
9087865,0
8153489,0
6338380,0
4202024,1
8531475,0
2629262,1
1101676,0
3978565,0
549450,1
8393126,0
7526262,0
7955725,0
6097024,0
1857246,0
6007229,0
1729558,0
8618992,0
2885882,1
8802088,1
9852846,0
7284479,0
9672215,0
9226342,0
2697962,1
3040403,1
8765678,1
6077397,0
5896016,0
434864,0
322230,1
9132928,0
9435206,0
9019109,1
9229433,0
2051502,1
6382390,0
9772770,0
1856581,1
5899167,0
3075128,0
3536353,1
1172568,0
4986894,1
9187629,0
6743476,1
251269,0
3810183,1
3894877,0
6941426,0
3915082,0
6226931,0
5140415,1
3542780,0
4270724,1
3049619,0
5785565,0
277146,0
8411835,0
1397819,0
4251524,1
330536,0
2338332,1
8215128,1
5287825,1
8103018,1
1127010,0
8027113,0
8888888,1
7330337,1
4199914,1
7782943,0
8228851,0
8076483,0
5664044,0
9479321,0
2753800,0
2384264,0
4760307,0
9958599,1
6150356,0
5435064,0
5911630,0
9059509,1
7831250,0
1407794,0
582590,0
2920412,0
9961699,1
293920,1
4805030,0
8192670,0
1702432,0
5500227,0
6593741,0
7436558,0
3008673,0
5422411,0
3816945,0
6272553,0
5886885,1
1797145,0
8111118,1
6465646,1
1142568,0
2520252,1
4195541,0
2127027,0
8186669,0
2461413,0
383830,1
6432346,1
9274578,0
465725,0
1558431,0
8226264,0
9671769,1
4352534,1
4908094,1
4066559,0
4339745,0
9062731,0
2565652,1
8679768,1
137962,0
2238423,0
5789168,0
439913,0
8865291,0
2052502,1
9195013,0
944251,0
5511226,0
332700,0
2217900,0
6326236,1
2730372,1
3662793,0
320543,0
2487258,0
1925859,0
9104019,1
4785874,1
5624850,0
5503933,0
738370,1
7704897,0
1735590,0
9890989,1
4938394,1
6837386,1
6441505,0
647311,0
9462649,1
4271724,1
8690548,0
9161443,0
771770,1
4318,0
4856158,0
2339803,0
7727304,0
5871038,0
3008506,0
7459824,0
4155981,0
3542087,0
789870,1
8111036,0
4395117,0
7161077,0
4940861,0
3371128,0
8976428,0
5905695,0
5500931,0
6639366,1
190965,0
4208257,0
7905097,1
6386540,0
6895429,0
323833,0
2233209,0
9517056,0
5334335,1
8734124,0
138310,1
7435634,0
6489846,1
7655530,0
789253,0
2104896,0
3623209,0
676760,1
7471434,0
3591021,0
8771376,0
1054569,0
4345434,1
5658565,1
2150512,1
6228723,0
2037619,0
539350,1
8635832,0
44779,0
9107629,0
2520413,0
1201666,0
8021319,0
2191912,1
92922,0
8914760,0
2219198,0
5689865,1
9395345,0
1213121,1
521250,1
7465727,0
4112184,0
2127111,0
9245931,0
6697158,0
307058,0
9078312,0
9784569,0
2838652,0
7746766,0
7563657,1
305375,0
7280732,0
4814696,0
7423662,0
7672216,0
1253188,0
4024848,0
6174109,0
6749374,0
679774,0
8921001,0
674775,0
3352301,0
8556854,0
4726274,1
2329484,0
1701071,1
7899805,0
3478743,1
1378714,0
4263563,0
6615081,0
436532,0
3567653,1
6877786,1
6271023,0
535350,1
9126662,0
2787200,0
8046590,0
8133262,0
4572754,1
4300034,1
7612167,1
6625455,0
1644189,0
554899,0
8777286,0
1751571,1
7646834,0
207020,1
8460648,1
7315137,1
354746,0
9419154,0
7035825,0
3848186,0
4805084,1
5924609,0
3325718,0
4560700,0
2802082,1
7195917,1
2749952,0
5713155,0
2049309,0
2118779,0
9529762,0
1989378,0
17783,0
569144,0
2895982,1
4964352,0
8510158,1
312800,0
6024274,0
6178084,0
1985891,1
6742476,1
7237990,0
3343433,1
2456336,0
5263262,0
6510827,0
7521419,0
4452713,0
6741476,1
7921829,0
8449308,0
3443581,0
9839078,0
4688864,1
7814187,1
2136312,1
4532354,1
1603429,0
7334337,1
1683262,0
5987312,0
2763724,0
8591875,0
6998996,1
563650,1
6708396,0
2904153,0
7196545,0
4512400,0
871645,0
3064603,1
5415697,0
8538311,0
277720,1
1774357,0
8019238,0
6878619,0
1597736,0
9695464,0
7713602,0
2760042,0
9243429,1
4684736,0
7841335,0
3132452,0
4440256,0
562650,1
6364853,0
2880882,1
1653561,1
353335,0
8445673,0
1749321,0
6611166,1
9922708,0
9319189,0
3060892,0
9598959,1
958590,1
3505053,1
3864953,0
2609062,1
8427773,0
3854082,0
3170745,0
8477748,1
8606962,0
9771755,0
499189,0
6342436,1
5094511,0
4725274,1
6627306,0
5370735,1
6310136,1
1316584,0
2197527,0
652210,0
1451539,0
4456498,0
3927050,0
365693,0
6888587,0
5559832,0
8344585,0
1367829,0
8952858,0
7371515,0
1796650,0
3440983,0
7078798,0
4046722,0
1357140,0
9977799,1
5259056,0
6493550,0
3654563,1
7268243,0
6402046,1
517150,1
5106672,0
4589619,0
9402049,1
5531786,0
5131315,1
2758011,0
3557455,0
3585961,0
2612531,0
6883886,1
2513152,1
4615832,0
5134591,0
2936392,1
5856998,0
9799252,0
3996073,0
6045406,1
7666493,0
2838382,1
9074700,0
195195,0
3962984,0
1422478,0
6839386,1
67818,0
4282075,0
2043492,0
8921298,1
1665661,1
992002,0
4231517,0
9225530,0
325287,0
9534359,1
6906096,1
1819460,0
5974891,0
3841800,0
8788759,0
6236457,0
2163674,0
8419960,0
306030,1
6724036,0
2577908,0
384830,1
8206383,0
1644256,0
2021348,0
9682869,1
9060609,1
667660,1
6452365,0
9790979,1
776802,0
7360545,0
165433,0
2998243,0
7912197,1
4160937,0
862107,0
4557502,0
2136638,0
216030,0
9596101,0
1729838,0
65600,1
6077706,1
4687929,0
2236343,0
6955890,0
4488844,1
2071702,1
5242425,1
1969152,0
3541397,0
5663731,0
3108013,1
3854142,0
4124273,0
709963,0
5767912,0
412863,0
4769674,1
3087592,0
6624136,0
6900356,0
47256,0
8250528,1
1318131,1
5393835,0
3847483,1
2839382,1
6722272,0
3254824,0
458800,0
6183816,1
1812592,0
5222827,0
7789877,1
3529053,0
7339966,0
9220706,0
5682103,0
5319918,0
9609646,0
7216776,0
9914199,1
1387072,0
415957,0
8281,0
5218654,0
8582983,0
5520720,0
218727,0
6249678,0
4654154,0
7520068,0
7408026,0
4004555,0
3048049,0
6687866,1
408040,1
7140699,0
7950975,0
5302986,0
734370,1
531708,0
4266693,0
3949493,1
334097,0
4960824,0
3820230,0
159643,0
2984076,0
4509043,0
9575678,0
9996877,0
4930782,0
1627032,0
823278,0
983890,1
4416213,0
715124,0
7006607,0
9934144,0
6452715,0
249004,0
2380832,1
2859168,0
721270,1
4811963,0
9806089,1
5016105,1
5710760,0
1237321,1
9057780,0
2508705,0
3648428,0
3492562,0
2969692,1
3631363,1
5618533,0
5167905,0
7623051,0
2336233,0
435285,0
496137,0
9906543,0
7069027,0
466640,1
941567,0
7343540,0
3353936,0
1381690,0
695190,0
90511,0
2875782,1
3063546,0
5615165,1
9979831,0
8287366,0
4875033,0
5382835,1
8835388,1
2852785,0
3354982,0
131923,0
7042407,1
1838381,1
2165612,1
7145417,1
854580,1
5219695,0
8967698,1
707206,0
1836381,1
6576247,0
7761571,0
2477035,0
7160358,0
4091051,0
1152511,1
3103965,0
4339892,0
9198125,0
9938399,1
393402,0
6105723,0
5799975,1
6494825,0
758276,0
3655802,0
6247354,0
8723897,0
6400479,0
8288351,0
4319533,0
9269627,0
8818936,0
9018987,0
6060021,0
4951594,1
1879781,1
4993950,0
2771484,0
1212680,0
2001002,1
3424139,0
4689864,1
2196912,1
4917194,1
3447991,0
3422161,0
7399937,1
8701078,1
7383949,0
4335334,1
3874783,1
3268344,0
9841489,1
7178640,0
6771776,1
6380962,0
228220,1
7673767,1
435543,0
8828122,0
9047409,1
990990,1
6914196,1
1668820,0
2433118,0
773523,0
142813,0
8295928,1
5506055,1
1543250,0
7280036,0
6180787,0
5091905,1
7480482,0
4394035,0
2332332,1
3175342,0
883371,0
2346789,0
6379137,0
1390823,0
3597743,0
5628574,0
9542459,1
3140734,0
182810,1
5106165,0
4432759,0
9057389,0
1694285,0
1809557,0
621924,0
8308108,0
4820496,0
2438752,0
3905093,1
1911191,1
7453547,1
660660,1
4416240,0
2805686,0
1064601,1
669554,0
9377739,1
2656719,0
1501051,1
6435307,0
338796,0
3387833,1
3335333,1
2468264,0
1436016,0
7589515,0
1754628,0
7609067,1
6379507,0
654486,0
9880388,0
5265019,0
8641468,1
2947523,0
1349431,1
2906092,1
2543257,0
1690326,0
6276236,0
1477996,0
6363636,1
8770778,1
4696836,0
611187,0
3012104,0
9761015,0
323230,1
5130705,0
8462648,1
3150513,1
3014958,0
2853582,1
223220,1
2105891,0
8569658,1
8693968,1
9757068,0
974790,1
3650563,1
6755576,1
120210,1
3251955,0
6017806,0
4636045,0
7717177,1
8121218,1
6875660,0
8134997,0
6697139,0
782309,0
9928866,0
6684866,1
4863142,0
7108871,0
3543731,0
1197911,1
8576746,0
4650359,0
5757575,1
81800,1
8767678,1
8033879,0
6059548,0
1231575,0
8996733,0
5067710,0
3416610,0
8233060,0
9363639,1
7258028,0
1747925,0
6367807,0
3795646,0
6874217,0
372447,0
6716211,0
2537634,0
445308,0
7887887,1
6724766,0
2427086,0
6435455,0
1652342,0
1584185,0
442215,0
9081684,0
4939394,1
7265462,0
4786198,0
3803083,1
7096907,1
1735639,0
4151021,0
8202339,0
2530350,0
3731974,0
6119456,0
4821451,0
9498949,1
9795811,0
7618167,1
7317748,0
2334181,0
5365141,0
5746556,0
4754569,0
7631090,0
4877139,0
7753058,0
8579641,0
8471748,1
268620,1
6228475,0
2493951,0
9647222,0
2234322,1
9612391,0
4065285,0
1253657,0
1942778,0
7830005,0
3475743,1
6001006,1
1192590,0
1720271,1
3715319,0
8276973,0
4873042,0
3707096,0
4778877,0
5404015,0
1987445,0
5073709,0
4423244,1
255520,1
8459548,1
1727271,1
7644467,1
8287289,0
7449208,0
5938370,0
4617693,0
7252510,0
3993933,0
8747478,1
7984586,0
3679047,0
1077673,0
9090996,0
5331335,1
8260142,0
2784598,0
7892595,0
1144301,0
9950169,0
1126786,0
3180813,1
1100219,0
5936395,1
4579754,1
4722274,1
6247310,0
5617165,1
2452556,0
7319592,0
4757574,1
7458672,0
2176712,1
253089,0
5858119,0
9560085,0
8090132,0
1877781,1
6409046,1
6106549,0
535463,0
206422,0
5063373,0
9183728,0
5566616,0
5538216,0
6963869,0
1669016,0
437802,0
3929758,0
8394307,0
6824286,1
4300363,0
8123819,0
9500597,0
1379609,0
4570754,1
5553555,1
3414143,1
9081871,0
8794479,0
7342607,0
5872604,0
7398111,0
3338790,0
6997996,1
2991550,0
5396935,1
507660,0
4860684,1
8863928,0
852580,1
4304165,0
3204023,1
2488321,0
1259521,1
4263044,0
3938197,0
4823284,1
8682868,1
6836386,1
4270329,0
1282821,1
1976791,1
1317057,0
5267625,1
8303038,1
9323644,0
8795992,0
9533122,0
9841382,0
187035,0
3332806,0
3339333,1
3247423,1
8252073,0
3075094,0
2059083,0
1398899,0
7118338,0
2010871,0
6128216,1
9897989,1
4790974,1
8459836,0
2742457,0
131916,0
6082223,0
5626749,0
1256521,1
9386839,1
6188050,0
8726516,0
8656568,1
1628261,1
9792923,0
1971687,0
1357531,1
4876352,0
3889180,0
4846484,1
1336331,1
4890665,0
9362639,1
8051890,0
7818998,0
7671767,1
6979444,0
1270312,0
4659564,1
6684067,0
1008261,0
6648287,0
8092966,0
5420084,0
6557324,0
9996227,0
5067275,0
5461153,0
5871767,0
807199,0
9544708,0
7139232,0
8199995,0
1852548,0
9156519,1
9798574,0
8321986,0
9168803,0
3487335,0
4707074,1
8567594,0
9589809,0
2774772,1
5742253,0
8661062,0
4680755,0
4353820,0
2835301,0
4410335,0
3435343,1
7496947,1
5861621,0
196910,1
8843767,0
9394407,0
8102989,0
7790961,0
5910445,0
5850881,0
3837133,0
7213127,1
1871781,1
4075007,0
3197913,1
3051159,0
4595602,0
7923248,0
7612634,0
3943866,0
8812352,0
3872783,1
5113384,0
7227242,0
8835405,0
6103612,0
7189817,1
4029967,0
4055959,0
5638365,1
1037020,0
7532536,0
7481550,0
9069609,1
7434347,1
8949109,0
5594117,0
3399854,0
4870907,0
4644464,1
2804194,0
5771288,0
4842677,0
3227282,0
177710,1
8180264,0
1069616,0
7961332,0
4969827,0
6608273,0
4234150,0
2503510,0
5428756,0
5527255,1
6826774,0
3428143,0
999710,0
4048891,0
9114424,0
173993,0
6202751,0
4458555,0
8237328,1
4189814,1
273127,0
8501093,0
6321142,0
8343283,0
5423844,0
2493759,0
671117,0
9414198,0
4276522,0
971210,0
7830760,0
9171719,1
1234260,0
1835088,0
7498271,0
8229714,0
7396403,0
7226227,1
7841956,0
121477,0
8118835,0
4111358,0
5737267,0
7129071,0
2758477,0
5816886,0
9966585,0
2773019,0
1144411,1
8724278,1
4022224,0
8803498,0
9774797,0
8343438,1
7253527,1
1270112,0
3603420,0
438883,0
2350532,1
6703569,0
4367115,0
1263855,0
4517746,0
6374736,1
385830,1
8586989,0
5055160,0
6942689,0
5131531,0
8371745,0
7789502,0
6936757,0
606667,0
710739,0
8010527,0
425240,1
8012108,1
9396939,1
2806329,0
8832872,0
8264056,0
1639966,0
6560758,0
211120,1
4481536,0
4147839,0
3028196,0
7850085,0
7043400,0
5452224,0
5942984,0
4518154,1
7439046,0
9333877,0
7799977,1
1661040,0
4955594,1
8502058,1
3335618,0
3562286,0
4063604,1
196235,0
1819181,1
3082807,0
9484948,0
7703231,0
5495595,0
3356563,0
4600765,0
792979,0
9320239,1
1449112,0
2320232,1
4331017,0
4119114,1
3996243,0
927630,0
7660667,1
2448442,1
4937182,0
9579576,0
6683563,0
9149516,0
4654332,0
9581256,0
4616164,1
2975301,0
3090903,1
6866851,0
4984385,0
3856839,0
1931930,0
1787539,0
8187121,0
5422056,0
8215178,0
3899525,0
9869950,0
4527254,1
9285717,0
3923860,0
4028204,1
9506059,1
7992305,0
5236584,0
235489,0
1335331,1
773770,1
7026577,0
9289853,0
8001944,0
432151,0
2666662,1
6416494,0
7915633,0
6573756,1
5867685,1
91900,1
152803,0
1352074,0
4781874,1
5497024,0
9572062,0
4947382,0
5049127,0
8294799,0
5786875,1
9565653,0
7588464,0
2972537,0
6288994,0
2523571,0
8334338,1
6426246,1
3487843,1
1896248,0
5979795,1
954730,0
2768385,0
1426949,0
7248427,1
3734045,0
2153512,1
8657568,1
8086808,1
7226423,0
7578280,0
7168617,1
9294206,0
2297922,1
3686630,0
3126091,0
7128055,0
2776132,0
1815878,0
3552103,0
9057798,0
2475451,0
6818186,1
765828,0
5608616,0
8468192,0
1535351,1
7700301,0
1886396,0
3253568,0
1866230,0
4842686,0
5691965,1
8754132,0
4067548,0
8490164,0
3144082,0
5662665,1
6008378,0
4024080,0
1566531,0
4621068,0
6791861,0
9977431,0
9078709,1
7894687,0
3805083,1
2189751,0
8004008,1
731786,0
5494027,0
7108077,0
3233324,0
2601062,1
6340769,0
1127211,1
4820284,1
5954244,0
3246963,0
9701079,1
3689863,1
9183819,1
4653764,0
2735372,1
4721519,0
7575675,0
109010,1
7473614,0
8006202,0
331330,1
9654077,0
3742860,0
5994474,0
3477743,1
4915897,0
2802941,0
4481844,1
2600024,0
9940350,0
6731794,0
6362856,0
640612,0
7544257,0
9438349,1
3790973,1
2932392,1
1335321,0
2412142,1
8633959,0
4325234,1
3260039,0
7691967,1
2317427,0
4114409,0
8774460,0
2983247,0
4151668,0
4494353,0
7948503,0
7685396,0
5128722,0
6286826,1
7600106,0
9015371,0
832034,0
1122211,1
8951156,0
5869715,0
3726273,1
1983891,1
7125217,1
1233059,0
6864564,0
8322980,0
3543616,0
9282466,0
8902459,0
7982391,0
2143238,0
7840505,0
382779,0
6757126,0
571482,0
5976747,0
7008007,1
2922292,1
1057016,0
608060,1
3908976,0
5350534,0
3305033,1
4574907,0
7533752,0
7177822,0
9155908,0
596440,0
8119118,1
4211915,0
7751296,0
6717176,1
8582758,0
7196894,0
4592969,0
6608492,0
9603069,1
6995996,1
4993994,1
8197556,0
5805888,0
3702073,1
7464647,1
4062701,0
5364886,0
746082,0
3636210,0
5006907,0
9229644,0
6404169,0
3178352,0
4140414,1
5834238,0
8385590,0
4141414,1
2949036,0
9583362,0
3534353,1
3031,0
3247628,0
7757272,0
8796864,0
8688868,1
8239157,0
9256345,0
610188,0
3100220,0
6909096,1
6722276,1
8161633,0
548789,0
8606401,0
6924588,0
5256525,1
9419406,0
1274312,0
3252086,0
8562658,1
3824021,0
6859586,1
4836260,0
1702830,0
3630543,0
5160706,0
9349779,0
5714334,0
4361690,0
2372154,0
8825273,0
7564627,0
3441946,0
7758286,0
8830388,1
9127220,0
5196915,1
5197915,1
7012050,0
1994853,0
3066743,0
8025995,0
3576396,0
5519155,1
1419124,0
1287022,0
3694773,0
4238522,0
2280755,0
6773071,0
2858582,1
5385259,0
7981793,0
9218129,1
6733376,1
743353,0
6195013,0
7797008,0
4006004,1
2180812,1
7036065,0
324342,0
5070376,0
6153098,0
3099552,0
9110119,1
721708,0
3173185,0
3685863,1
7042843,0
7710219,0
1279721,1
123210,1
148569,0
3854583,1
2590952,1
2547331,0
3859219,0
2481842,1
7094206,0
4310026,0
885717,0
1483841,1
2553552,1
1042401,1
611178,0
4137559,0
5006170,0
5456432,0
2464843,0
7540577,0
5823210,0
3617011,0
362875,0
1325231,1
1081243,0
4272145,0
8303686,0
6176324,0
7170877,0
9944968,0
8050953,0
7697740,0
7072572,0
2548452,1
1307071,0
9966952,0
915190,1
871762,0
1056443,0
9270729,1
4113010,0
8020208,1
9565917,0
3865605,0
4996449,0
6108348,0
1702245,0
4783874,1
1978590,0
2369474,0
6506700,0
1962691,1
4493816,0
7297044,0
3261151,0
8164336,0
285889,0
4672436,0
9851421,0
9427249,1
7195539,0
7485266,0
851508,0
6991108,0
6440446,1
7529722,0
2890698,0
3487656,0
5794632,0
4634343,0
9679151,0
2829730,0
9764679,1
9126838,0
6522649,0
909090,1
2356532,1
5326322,0
7912089,0
9052351,0
7238440,0
8422082,0
6088080,0
9543816,0
6965696,1
326342,0
5221225,1
8140418,1
843059,0
1723409,0
4636148,0
7552551,0
1599951,1
6773569,0
2055805,0
1239886,0
1293985,0
4704074,1
1928291,1
9834325,0
6450420,0
8247428,1
9511945,0
454355,0
9513929,0
8842150,0
3148413,1
546450,1
2792111,0
1604061,1
997990,1
4848484,1
4822349,0
7010442,0
8629268,1
1986207,0
8731378,1
9125219,1
4970794,1
4435344,1
2303280,0
4079460,0
1133910,0
8118451,0
3348433,1
2141412,1
1769671,1
3110435,0
6351536,1
479740,1
5077365,0
503779,0
1970306,0
2246478,0
8357900,0
1130526,0
6798976,1
8956598,1
6730746,0
4132268,0
9830389,1
8983264,0
6637324,0
600060,1
5761406,0
3415062,0
1139133,0
63600,1
3511153,1
3859632,0
963897,0
4982894,1
3636363,1
7936403,0
1106011,1
900641,0
7613752,0
6406948,0
4898400,0
1260621,1
6692966,1
9861896,0
2425414,0
4094147,0
7472744,0
6822495,0
7082163,0
7706350,0
1438094,0
1948670,0
2258522,1
6973796,1
6913196,1
8964341,0
9680869,1
6701076,1
5343637,0
1356531,1
1195911,1
2312084,0
914433,0
5755485,0
5692965,1
789094,0
8495609,0
2539706,0
1132539,0
6505908,0
2564652,1
515150,1
3234323,1
941213,0
7284614,0
391431,0
6921452,0
4626264,1
3029189,0
5302583,0
4189581,0
2450514,0
6425654,0
1283009,0
5563185,0
4007580,0
120927,0
4007021,0
5116160,0
8011968,0
958083,0
3987893,1
1454515,0
476274,0
6637145,0
153773,0
3214858,0
1280821,1
5757592,0
8670916,0
5960695,1
5428678,0
3352555,0
8760540,0
1841799,0
6751986,0
9121581,0
4472744,1
3772068,0
3177662,0
8638555,0
5889275,0
6207343,0
8431187,0
5188164,0
6426462,0
7095710,0
4918361,0
2435907,0
5280122,0
7418147,1
4997420,0
8081582,0
9217404,0
8280281,0
7703077,1
3092903,1
5160615,1
6412984,0
1814824,0
6282826,1
7191801,0
9514641,0
2467642,1
2003002,1
5287983,0
8158265,0
4718245,0
9852028,0
5241830,0
50899,0
2459542,1
3812183,1
3068031,0
8858588,1
4749802,0
3209842,0
6051506,1
9814121,0
8174451,0
3548550,0
3381833,1
8698588,0
1051237,0
3598804,0
8239331,0
537891,0
4479744,1
7112382,0
1379731,1
378108,0
3357701,0
1687861,1
1227302,0
3299700,0
8704078,1
8782609,0
8955052,0
2812182,1
8971798,1
2168552,0
7980118,0
1555170,0
9847489,1
872433,0
4473744,1
6912196,1
9507769,0
9028153,0
9542334,0
3361633,1
844214,0
1860315,0
9801089,1
4904094,1
6949989,0
4242424,1
1402567,0
351931,0
5918270,0
4335719,0
4037837,0
8212429,0
8825212,0
6458546,1
3298386,0
8614831,0
2662344,0
7442712,0
7972219,0
6259480,0
9788071,0
3504281,0
8992647,0
5053201,0
5716175,1
5816592,0
7359760,0
7200877,0
8300038,1
1929291,1
6330831,0
9916410,0
6365308,0
552550,1
8496873,0
8352964,0
8522040,0
9238228,0
5001005,1
4172128,0
3360889,0
9519303,0
6643776,0
1659489,0
4030304,1
3725577,0
9987039,0
5253341,0
4042655,0
4650634,0
9997999,1
2019523,0
3402043,1
8507058,1
6674904,0
5899827,0
4048404,1
9330339,1
7114117,1
5314955,0
910190,1
4805178,0
217980,0
1861681,1
8544458,1
2154831,0
7127015,0
8827288,1
1535626,0
6921771,0
5827275,0
8530972,0
1384831,1
3416143,1
7980915,0
9240342,0
8502661,0
6768676,1
3605678,0
3883115,0
2669018,0
3316724,0
5808085,1
9991446,0
7911725,0
254520,1
6081340,0
6046406,1
1135311,1
1715768,0
9159254,0
5434760,0
9999369,0
2006192,0
5334299,0
9675097,0
7113382,0
1159113,0
6636387,0
5829167,0
3855583,1
9972799,1
4969203,0
1775491,0
8535395,0
1936623,0
364630,1
5828280,0
3721995,0
5068577,0
5195915,1
9366347,0
9158482,0
2270705,0
3540453,1
8728278,1
7510319,0
5927081,0
5452096,0
6057767,0
8223801,0
4308034,1
4728879,0
107010,1
1361631,1
7673619,0
2766600,0
661704,0
9502059,1
1297816,0
6489058,0
4519852,0
8859588,1
1668258,0
948466,0
4538688,0
3137251,0
9743479,1
6137426,0
2261066,0
6430978,0
5210822,0
2455930,0
4773291,0
7188250,0
923923,0
8519069,0
9036309,1
5500055,1
7121543,0
4388973,0
8295688,0
9046779,0
1874479,0
2599577,0
1319402,0
9501439,0
513087,0
162610,1
2338003,0
5294250,0
5318135,1
3485444,0
976790,1
1668661,1
6115391,0
6549357,0
5024419,0
6084519,0
7893867,0
4603064,1
9977989,0
7136516,0
2705879,0
7500650,0
9461449,0
1240421,1
1435409,0
3833199,0
9950134,0
8660041,0
4699964,1
697349,0
520250,1
8588418,0
9535280,0
4732374,1
1868681,1
4543741,0
8174613,0
93900,1
1535163,0
8400048,1
466932,0
5954595,1
5650565,1
1892036,0
2468678,0
5561183,0
4954796,0
6534567,0
5709029,0
1019599,0
8786878,1
8576758,1
4850137,0
2260622,1
3895983,1
8506875,0
1169131,0
3732776,0
3130622,0
3325696,0
3714506,0
5900687,0
5831853,0
3025203,1
5807935,0
1577751,1
51467,0
6927296,1
3425194,0
5414145,1
2662498,0
958952,0
5252151,0
7231327,1
442241,0
2060050,0
6397258,0
6195595,0
4292761,0
6740434,0
8488002,0
9645594,0
7837387,1
1717171,1
8137645,0
3280877,0
7513847,0
1105894,0
9470345,0
6510156,1
7694504,0
2081471,0
7107559,0
5500980,0
9844219,0
5162615,1
9375478,0
8148418,1
4743992,0
6851932,0
4459544,1
5119335,0
6132095,0
7409047,1
1048713,0
9487849,1
3437559,0
8150369,0
5057505,1
3254948,0
4361634,1
6510973,0
1508051,1
1568651,1
2508052,1
4132314,1
8178422,0
7533535,0
3178685,0
8548784,0
1405041,1
2122195,0
317681,0
4990994,1
8673768,1
4055930,0
4850614,0
4482844,1
6961129,0
7220256,0
3280834,0
6961881,0
163717,0
5140452,0
6078675,0
5554811,0
297920,1
3507241,0
6787215,0
2132312,1
794970,1
6999089,0
6682640,0
1709833,0
7489564,0
7021780,0
8210128,1
615160,1
3675524,0
2828503,0
3732964,0
3737373,1
7253241,0
5223988,0
991690,0
9304039,1
481840,1
1440331,0
6874355,0
3167613,1
1844481,1
1652822,0
5248201,0
8544829,0
5953595,1
9859,0
9132169,0
4615164,1
7406047,1
1942040,0
9611479,0
9017904,0
9022043,0
9788879,1
4671906,0
9308654,0
8448756,0
1580819,0
1942062,0
3576382,0
4681965,0
3734380,0
3942755,0
742064,0
7661531,0
7694315,0
6811469,0
3725273,1
3462480,0
4322234,1
1344960,0
4182007,0
2193193,0
9067552,0
8112323,0
7855448,0
6100016,1
1149060,0
6115116,1
2056575,0
2453542,1
9033309,1
1969870,0
6499149,0
51441,0
9855968,0
1719541,0
4123008,0
2486927,0
2833087,0
8516946,0
2753112,0
2731019,0
2230322,1
5521716,0
7867508,0
42400,1
1242421,1
3601548,0
6067908,0
8967678,0
11142,0
4002974,0
2809890,0
812788,0
5292166,0
7842511,0
9523499,0
2080866,0
4416879,0
6855340,0
2808560,0
8059461,0
6640355,0
5024205,1
9497949,1
3334426,0
7047692,0
4298726,0
9267629,1
1725271,1
589850,1
6917045,0
6884352,0
9583859,1
3237473,0
1332331,1
788275,0
259070,0
7752855,0
9259368,0
4248219,0
371652,0
1090901,1
3817183,1
7895987,1
2970792,1
5531057,0
5321952,0
3016121,0
9607069,1
3693963,1
5086289,0
9557460,0
8124662,0
5526255,1
2358796,0
1643461,1
645609,0
1745471,1
7955090,0
8993998,1
6533552,0
8815755,0
683278,0
2602026,0
4003344,0
3767064,0
48013,0
7762620,0
3792973,1
2114438,0
6996004,0
8824288,1
983640,0
6107748,0
8276737,0
8878459,0
7868687,1
5029388,0
209433,0
3411254,0
7500507,0
5239158,0
537267,0
8387436,0
1714171,1
2628921,0
4819184,1
1370891,0
7397937,1
9195059,0
1596197,0
3700541,0
177746,0
129210,1
922997,0
6474302,0
8852260,0
8965935,0
4835209,0
6393936,1
8467833,0
2875525,0
6824347,0
2169612,1
5003005,1
3703465,0
2725940,0
5444443,0
8204937,0
6985548,0
2866907,0
8164618,1
8831442,0
4370734,1
3292679,0
1805081,1
5376735,1
6538356,1
4379734,1
3605227,0
9024209,1
7645898,0
6558556,1
3519153,1
9652396,0
7458547,1
6621803,0
4479697,0
8460684,0
3301420,0
9001452,0
5270725,1
6949557,0
1627356,0
7865270,0
6066769,0
1511929,0
8255677,0
7432347,1
1473741,1
3099415,0
3695963,1
8575980,0
7063997,0
3203298,0
531350,1
9705533,0
2515521,0
7966133,0
3844483,1
1244544,0
1632681,0
8123906,0
3656235,0
9762679,1
2170211,0
2724879,0
4834384,1
6787103,0
6313766,0
1518195,0
505050,1
1301031,1
8067720,0
9012109,1
191317,0
1129211,1
822950,0
4017229,0
7368637,1
4276904,0
672601,0
1753223,0
2601286,0
2691800,0
9464649,1
159510,1
5430027,0
1799535,0
181810,1
5512094,0
3124213,1
4928294,1
335330,1
2154985,0
2112921,0
9079709,1
8760678,1
3560500,0
7097497,0
6679766,1
1993991,1
5336153,0
8009358,0
4378757,0
4582854,1
3265659,0
8053084,0
1626261,1
6497396,0
5439637,0
6695966,1
7426106,0
2310063,0
3189261,0
2389016,0
6793361,0
8730187,0
7604735,0
5025524,0
401697,0
4090904,1
57347,0
8890988,1
6943563,0
2224225,0
1005344,0
4592129,0
780870,1
3656820,0
2954188,0
4095911,0
7594957,1
2688862,1
8951598,1
6344402,0
5875257,0
1405799,0
4219124,1
1630361,1
6844139,0
5249425,1
2179034,0
6845523,0
4893245,0
7387835,0
8614337,0
4468644,1
1052843,0
1004715,0
8467265,0
8399938,1
3743,0
1090747,0
2331567,0
5086402,0
9205029,1
9911238,0
7981804,0
2377198,0
7360662,0
8003248,0
7255933,0
1108419,0
6802554,0
689034,0
4747474,1
9701138,0
7024878,0
1924291,1
7776326,0
7363343,0
1178121,0
2892982,1
7379573,0
8134248,0
9361639,1
9489849,1
1435341,1
5538355,1
3738354,0
8346979,0
1566912,0
2882074,0
6179489,0
9716777,0
592950,1
9695927,0
2384719,0
4408395,0
3074703,1
4085449,0
6921603,0
5554538,0
2521252,1
4609307,0
8438348,1
9029209,1
7838111,0
8423248,1
8262572,0
2221801,0
6482846,1
3538954,0
3890983,1
7221471,0
8056653,0
665972,0
1380190,0
8629262,0
7466757,0
7091907,1
4599954,1
5142415,1
476759,0
5013377,0
933825,0
6497946,1
8043704,0
7723063,0
9995226,0
2466238,0
432586,0
999990,1
1105566,0
9085707,0
3858583,1
7153164,0
135461,0
909849,0
982796,0
3764673,1
5896647,0
641077,0
4772774,1
7257527,1
7716177,1
877835,0
4439150,0
6586856,1
195181,0
2727272,1
3332076,0
6870590,0
3801083,1
4136171,0
4036304,1
2172377,0
2539909,0
6988896,1
8660402,0
2587138,0
5345902,0
1991991,1
1169611,1
5273725,1
583544,0
8576661,0
2539812,0
9872789,1
2549452,1
133995,0
6792226,0
8745478,1
2458006,0
4634470,0
6563137,0
4279836,0
6806842,0
5579547,0
5267452,0
6908541,0
9501059,1
4163457,0
6197217,0
8610024,0
1875081,0
5514676,0
4826705,0
7054507,1
4736977,0
9488233,0
551550,1
7452547,1
9657569,1
2954773,0
7423455,0
6859542,0
6564694,0
112803,0
6264096,0
4333425,0
1966691,1
1573757,0
9814915,0
3902602,0
1170738,0
5843233,0
5591955,1
9148164,0
8977798,1
7512157,1
299920,1
9766794,0
1116111,1
8458548,1
1625246,0
4800084,1
6475269,0
4540062,0
7038845,0
3200314,0
4492783,0
7424780,0
5727415,0
2535352,1
2357766,0
3249380,0
6037636,0
9714156,0
8788786,0
4797974,1
5977130,0
8053184,0
3895360,0
9299929,1
6428393,0
7309818,0
4290138,0
3041330,0
3065376,0
7638736,0
1102376,0
9294433,0
2546627,0
7152094,0
6428204,0
140239,0
2783872,1
2547452,1
8457548,1
6685866,1
2237568,0
9880608,0
6128284,0
8542652,0
6008203,0
1166454,0
6727661,0
7446533,0
7964610,0
5033613,0
724185,0
4958594,1
2828840,0
8474048,0
8999424,0
4723811,0
9464030,0
7595898,0
4188584,0
2574097,0
6347648,0
1255322,0
1712171,1
3693425,0
3663310,0
1496402,0
1722212,0
1934959,0
5128500,0
7632367,1
3560134,0
8091979,0
5105015,1
5564179,0
4062394,0
6028056,0
4313134,1
2852275,0
5763675,1
7734736,0
7135313,0
6342734,0
1446515,0
2977935,0
7237327,1
4022204,1
6181652,0
9793979,1
966690,1
7498947,1
5516934,0
6376800,0
5121509,0
7071321,0
4687864,1
4197914,1
2266097,0
402353,0
6328616,0
7744647,0
6530953,0
184011,0
678547,0
1799971,1
2889882,1
5263918,0
5419145,1
6198430,0
777770,1
8794978,1
9886661,0
7141850,0
2973431,0
4722432,0
4942367,0
9645409,0
3042403,1
9376474,0
4058718,0
6147727,0
3338087,0
5020039,0
9506525,0
7836381,0
2353223,0
6735000,0
7720277,1
6772776,1
3483750,0
2561539,0
4349739,0
5543626,0
539868,0
3749065,0
804080,1
7858587,1
99730,0
2541971,0
9490949,1
7534771,0
3616686,0
9693139,0
8575758,1
4131836,0
9358991,0
5719298,0
766670,1
1266017,0
3898983,1
3332222,0
2551896,0
4700934,0
7487914,0
8859987,0
6324361,0
5071570,0
5276624,0
1567651,1
4965758,0
9366729,0
8775240,0
1770228,0
7677680,0
6098204,0
5061686,0
1775060,0
6084806,1
9586293,0
7213756,0
5801085,1
9355539,1
2275348,0
2905387,0
9695679,0
5491945,1
5319001,0
7123217,1
2325232,1
5626265,1
6958654,0
5236488,0
2344432,1
7321237,1
3400043,1
7259527,1
984421,0
4629264,1
3648333,0
1363171,0
2110112,1
9705126,0
9419576,0
1082519,0
2677642,0
9264269,0
2348432,1
2907092,1
2562328,0
2358020,0
8135463,0
8466648,1
6133313,0
66618,0
4213217,0
7889904,0
7840027,0
334330,1
45395,0
4748474,1
902090,1
7582857,1
6627940,0
9768657,0
5117115,1
8501568,0
8666966,0
8140667,0
3417938,0
2303335,0
3704073,1
2566342,0
3278111,0
3717173,1
6568656,1
9492744,0
1147972,0
4708892,0
9641920,0
2730930,0
2010452,0
3241423,1
6467070,0
7887288,0
5391935,1
3217123,1
6871221,0
3788987,0
98653,0
6554556,1
5674913,0
4033304,1
5497570,0
7733125,0
5690965,1
6701485,0
8713178,1
2178712,1
3122746,0
6115083,0
7056306,0
373559,0
5533355,1
8120218,1
8006279,0
6219493,0
7698543,0
7826252,0
1916082,0
8674604,0
5296925,1
4965069,0
1564651,1
5388835,1
6251526,1
1175490,0
7925187,0
5157515,1
2235322,1
8457550,0
6648941,0
3281373,0
4390350,0
4729201,0
5609203,0
2350193,0
1809812,0
6546976,0
9100685,0
4586854,1
8704666,0
8279728,1
4313765,0
9127268,0
4520677,0
3147470,0
8672768,1
8821532,0
1981323,0
840480,1
9217127,0
681891,0
3291290,0
1866302,0
3578753,1
2481143,0
1116566,0
4242786,0
7672004,0
678298,0
9926908,0
3289029,0
5886676,0
945032,0
9696969,1
2325384,0
5596943,0
1376863,0
8044014,0
7258518,0
6741510,0
4481256,0
6657962,0
3733373,1
7128893,0
8200342,0
8097556,0
4137394,0
1800306,0
2768672,1
5504833,0
8942676,0
2816179,0
1864416,0
260620,1
4793073,0
4381531,0
3943639,0
2089147,0
3434093,0
1319125,0
388223,0
9021209,1
2261622,1
4259198,0
641365,0
8526419,0
5306192,0
3128343,0
7899987,1
5265334,0
9602992,0
2428968,0
2412790,0
5359670,0
7695967,1
6049660,0
959657,0
8331338,1
6473122,0
9964710,0
4878011,0
8087264,0
2665518,0
1999502,0
1949098,0
1202937,0
1678636,0
4351375,0
4287723,0
2857582,1
7932286,0
9770389,0
1428241,1
9261574,0
7701077,1
7785004,0
8699581,0
8837152,0
6317192,0
4008170,0
2758285,0
6571686,0
8848755,0
3602079,0
4939089,0
6240933,0
6910936,0
577461,0
6930842,0
9469102,0
6608328,0
7949641,0
4798809,0
6143416,1
2326127,0
7261117,0
557902,0
5316834,0
3166077,0
2412420,0
5285825,1
6172118,0
5080805,1
8372180,0
6268067,0
84800,1
7161617,1
4651732,0
1945321,0
7897987,1
9009864,0
5231325,1
904835,0
2998992,1
913243,0
5836979,0
1652891,0
2107184,0
5403279,0
1822281,1
455761,0
4076221,0
3575753,1
4608126,0
4806084,1
5984340,0
7186607,0
9771899,0
1423466,0
9096909,1
1663661,1
9256048,0
4434316,0
4357534,1
8998998,1
6934646,0
7926042,0
1897530,0
6775610,0
1841908,0
786966,0
5038006,0
6998113,0
702070,1
7360695,0
5931922,0
2480258,0
8256732,0
4665594,0
7165024,0
6132884,0
1108459,0
597328,0
3696449,0
5164010,0
9895716,0
6280369,0
5135315,1
1957303,0
122210,1
9294639,0
5155736,0
400040,1
1637586,0
2529808,0
6360636,1
6386836,1
3565653,1
7872787,1
6944394,0
2230479,0
3293753,0
7694663,0
1910191,1
4739054,0
1558749,0
9432100,0
9519369,0
2140132,0
688603,0
3868408,0
9300458,0
4566755,0
6920301,0
8893116,0
4306034,1
8764672,0
6986323,0
1699961,1
4376734,1
7438347,1
7833852,0
9484849,1
8536970,0
7058067,0
2100310,0
3856883,0
5521377,0
5374735,1
5824285,1
4325086,0
6140141,0
8865688,1
5139510,0
1588851,1
9650569,1
4843484,1
9825289,1
3582370,0
3366784,0
4619164,1
7452633,0
4864684,1
7449747,0
482603,0
424148,0
1846481,1
9441618,0
2186676,0
197678,0
8244428,1
1680866,0
9240934,0
7620308,0
8085808,1
7880887,1
8052116,0
9800089,1
1811063,0
7197917,1
4457544,1
2227222,1
1630530,0
3206023,1
339867,0
4059504,1
3616163,1
2135312,1
8710824,0
1882881,1
8818102,0
8324863,0
7512789,0
501050,1
104010,1
4683864,1
4519674,0
3143505,0
3913879,0
287822,0
2343580,0
6396936,1
374730,1
4753574,1
7062796,0
1070829,0
9490014,0
2882864,0
365630,1
5401625,0
2059502,1
8651568,1
2610328,0
6078714,0
9836276,0
4347521,0
2638258,0
5186815,1
9406049,1
4195914,1
5803845,0
2345462,0
7135317,1
2763046,0
2370109,0
3457787,0
1066601,1
2263124,0
6062615,0
1867326,0
5093589,0
3899909,0
257928,0
3091998,0
9208886,0
1278262,0
2150349,0
998892,0
88910,0
316554,0
3856903,0
6177016,0
9923813,0
3098235,0
2560584,0
9761083,0
9910517,0
2256522,1
4338334,1
7382459,0
1409763,0
2994992,1
5009177,0
4958001,0
3747473,1
8023208,1
1362917,0
4941458,0
9280586,0
2556389,0
2908286,0
9409047,0
198910,1
3481843,1
4151004,0
6984921,0
4356393,0
5830319,0
7688009,0
669133,0
1978038,0
5970268,0
5426245,1
2291922,1
2715172,1
7098409,0
7479053,0
1868640,0
2827282,1
7442494,0
3512153,1
9111280,0
7573768,0
4728040,0
5156232,0
135011,0
5027385,0
7499709,0
7759774,0
3105013,1
9566520,0
1728312,0
6413707,0
7116117,1
3717884,0
3881181,0
1957041,0
1217837,0
4131459,0
264199,0
3346433,1
4560830,0
363630,1
6044406,1
3468993,0
8905367,0
1202588,0
9321625,0
8913198,1
7306176,0
6341777,0
2879103,0
2672503,0
1388334,0
4586779,0
1516151,1
7884887,1
3395010,0
4637160,0
2975727,0
2428242,1
8803088,1
6286753,0
9642349,0
3975453,0
7078200,0
5924461,0
4997994,1
5780110,0
5750326,0
7526085,0
6689261,0
4442432,0
366630,1
9385563,0
6241166,0
1154699,0
3378197,0
1231606,0
3685993,0
3105287,0
8918307,0
6962995,0
7164301,0
8939361,0
4835761,0
2960389,0
8404303,0
8100698,0
6156516,1
5800085,1
4710777,0
2590671,0
7575391,0
4750691,0
7959189,0
8021212,0
1401878,0
7517157,1
4896449,0
4158823,0
1999991,1
850215,0
8453821,0
5836385,1
4092904,1
4965488,0
289474,0
6949496,1
7813683,0
7316137,1
8567535,0
9393999,0
4210234,0
6505690,0
2803068,0
1946945,0
1254779,0
5494188,0
9017268,0
2937392,1
1071701,1
8444351,0
2662662,1
3454123,0
8913640,0
1958091,0
5413020,0
3511463,0
1900924,0
6269236,0
7240315,0
4906431,0
7138759,0
7897233,0
1501036,0
9823958,0
4090447,0
8302298,0
1950081,0
4125303,0
8223749,0
9116126,0
2357532,1
6824524,0
3233323,1
8407528,0
7206027,1
3119113,1
9299261,0
8688614,0
8428223,0
8893458,0
5405984,0
6350402,0
3526253,1
4348982,0
3227371,0
3869683,1
1179805,0
9698762,0
1383860,0
1805456,0
7537779,0
842773,0
4658564,1
6540952,0
6121216,1
5964427,0
5863449,0
4224014,0
6993996,1
3879713,0
9379079,0
6952411,0
4079704,1
5212895,0
1155632,0
5395935,1
7191878,0
8940498,1
4799419,0
1652746,0
2866138,0
2752777,0
4214525,0
4039935,0
9845845,0
9766505,0
7787747,0
6907617,0
8348589,0
5567630,0
3492922,0
1676110,0
8235089,0
4133314,1
6803689,0
1835655,0
4276163,0
2154144,0
6516525,0
4758574,1
5152825,0
3180492,0
3456842,0
2525583,0
654521,0
4700051,0
1939477,0
8717535,0
669660,1
2684453,0
3141459,0
1072161,0
6904640,0
2376738,0
3457316,0
1638361,1
7705933,0
2027374,0
5668157,0
4058504,1
8113118,1
5375735,1
4727308,0
4654479,0
862680,1
4865663,0
3524432,0
4234198,0
3623286,0
9212502,0
3532336,0
4857584,1
7333356,0
6454546,1
3777195,0
8536496,0
6633699,0
263029,0
2960692,1
3131313,1
8640377,0
7660035,0
3292999,0
9656569,1
7356537,1
7407047,1
6337336,1
3850447,0
9522897,0
1452777,0
6510084,0
8286487,0
6711176,1
145099,0
7581399,0
319716,0
4182814,1
8182818,1
76773,0
1552774,0
7749073,0
3553700,0
6110964,0
6061285,0
9973423,0
6048406,1
2491942,1
7383483,0
1891981,1
7688543,0
6897986,1
5104015,1
9215129,1
3223158,0
3677537,0
6938112,0
537671,0
8587618,0
8461870,0
6868941,0
4509054,1
2684862,1
6743889,0
1285165,0
1790557,0
2745373,0
3307033,1
7840088,0
7132168,0
8650799,0
1236321,1
5042405,1
8806138,0
8374809,0
6177716,1
3817102,0
1040244,0
9533640,0
5073473,0
3908415,0
1865189,0
2767409,0
2812846,0
9189819,1
8035658,0
8578758,1
6880950,0
7509309,0
4777838,0
3460643,1
8102990,0
3005003,1
5772775,1
4154514,1
5479143,0
9154146,0
2817182,1
5454616,0
164610,1
8954598,1
7371088,0
3660059,0
4759574,1
3672763,1
5320849,0
1196911,1
5145950,0
5171715,1
9732197,0
279977,0
3077703,1
5985389,0
447521,0
6269994,0
165311,0
7299740,0
9472425,0
4194709,0
4264624,1
5564828,0
7097129,0
1455732,0
6106911,0
3525253,1
7824692,0
9252639,0
5316080,0
877413,0
3657563,1
8082808,1
1518151,1
7319833,0
8470333,0
2942462,0
2382556,0
9112119,1
76700,1
8056452,0
6803086,1
5008009,0
5052505,1
8971922,0
6961190,0
9626269,1
6117614,0
1500851,0
3551244,0
8872958,0
6554396,0
4923516,0
7074838,0
3579753,1
1167611,1
1926192,0
8730940,0
8593839,0
8922807,0
362200,0
2950999,0
7363637,1
454540,1
6756576,1
8224753,0
6982142,0
6751626,0
2335332,1
8327836,0
3310172,0
404246,0
6067733,0
5463645,1
7646343,0
4189115,0
5573553,0
9206482,0
1198882,0
6190835,0
9468649,1
9004806,0
6808251,0
4333334,1
3726639,0
2223467,0
3897769,0
439657,0
5525640,0
9952599,1
8189818,1
456612,0
533889,0
3642463,1
3630301,0
1729271,1
3136470,0
4425244,1
5183815,1
1396580,0
3743022,0
7430300,0
9224562,0
1939391,1
2423542,0
546174,0
5993970,0
1268423,0
9973799,1
8647468,1
6391947,0
6509297,0
2575786,0
5311135,1
5286825,1
4463936,0
1515151,1
4898331,0
8686868,1
5128812,0
8655289,0
4066324,0
9290391,0
7291681,0
5585050,0
3157513,1
5033305,1
2826282,1
1038890,0
5234401,0
2018102,1
5644511,0
9447171,0
1718613,0
6739717,0
1001001,1
3723273,1
6493946,1
595950,1
8482627,0
7768677,1
1651990,0
9678406,0
9567402,0
6522714,0
2294306,0
297643,0
9431437,0
2194407,0
1709071,1
8098908,1
9766035,0
4221224,1
8062696,0
2184812,1
1836126,0
9719295,0
2021202,1
5732401,0
9444580,0
895980,1
8437831,0
9661348,0
3651589,0
2607983,0
7380837,1
8103396,0
8637580,0
4073307,0
1361841,0
4539767,0
6161497,0
7984106,0
7270980,0
1557256,0
1598533,0
7466080,0
161393,0
9527171,0
3740473,1
6218716,0
3695567,0
5130315,1
8382838,1
3824283,1
9891989,1
1236232,0
5266844,0
8983176,0
2280828,0
1018917,0
2419678,0
4656406,0
954898,0
4541518,0
7521257,1
2048402,1
9303639,0
2966070,0
3330333,1
7277918,0
3434343,1
353530,1
3861065,0
5198670,0
7079783,0
6888155,0
5340435,1
5813283,0
4576946,0
8979191,0
3532283,0
5259146,0
4606064,1
4005152,0
3747492,0
2763672,1
950224,0
2189302,0
2242056,0
2973292,0
64763,0
4231324,1
9098168,0
9040409,1
4198710,0
4489844,1
2539388,0
6747876,0
3158513,1
6480846,1
9960415,0
4470374,0
1800081,1
4291398,0
4653979,0
6525256,1
4293090,0
2140412,1
3340433,1
9600320,0
8775864,0
3123009,0
4823905,0
7959597,1
6246426,1
597587,0
6040736,0
7153962,0
9246429,1
7066768,0
515979,0
3877783,1
385692,0
8511175,0
2074221,0
3383897,0
8969698,1
7345565,0
918272,0
7018908,0
8039308,1
9756579,1
728894,0
2767672,1
7195448,0
9244706,0
9241788,0
8079708,1
2262735,0
3816590,0
8865937,0
6773776,1
9683869,1
2640363,0
1755491,0
1745307,0
7123339,0
4295924,1
1931150,0
1131661,0
71698,0
6415146,1
140592,0
7318137,1
7378440,0
6297120,0
2676912,0
5598467,0
8031308,1
2300032,1
6843486,1
6436956,0
7649025,0
9135310,0
2495107,0
3326218,0
8572162,0
1046701,0
22638,0
939390,1
8483848,1
3962693,1
7109964,0
8253632,0
6751086,0
4603750,0
1616161,1
7987510,0
4694676,0
3282622,0
9359153,0
7471681,0
6142492,0
4421244,1
6480494,0
4857922,0
670760,1
5276575,0
3346491,0
445001,0
6788393,0
7251527,1
4568486,0
7549036,0
7771458,0
7413558,0
8892351,0
5199915,1
5430710,0
1528627,0
7044407,1
2397818,0
7473063,0
3141413,1
8169354,0
5515732,0
732071,0
2332676,0
9335339,1
5593955,1
1854581,1
354530,1
2270529,0
8267027,0
2321921,0
3874453,0
9008909,0
2473011,0
6981175,0
7214127,1
5996442,0
7006061,0
7666667,1
5155515,1
4203347,0
4707576,0
3831469,0
6880863,0
9918229,0
3668663,1
5032946,0
7208027,1
6781777,0
1185811,1
3109039,0
2143065,0
4700223,0
5481546,0
8267723,0
4736763,0
3421243,1
3218403,0
9303300,0
2284002,0
3628814,0
1788914,0
9821166,0
5062573,0
9442449,1
1229101,0
9927337,0
4662966,0
1287055,0
8845464,0
4734884,0
3354582,0
4987977,0
7653567,1
3485843,1
3737763,0
4058311,0
9769080,0
8286824,0
9036395,0
3821630,0
2468642,1
6906749,0
968690,1
77455,0
1103623,0
7976573,0
1262905,0
701624,0
7740408,0
2046052,0
9259443,0
769454,0
5128215,1
4699791,0
7045113,0
6807716,0
6813157,0
4782874,1
8291117,0
5420886,0
4628426,0
3320699,0
1550437,0
356816,0
7153832,0
8179718,1
2780872,1
7759936,0
8806088,1
4746042,0
7139853,0
3937385,0
3735834,0
3914193,1
6520256,1
8408656,0
1169911,0
1285961,0
7786570,0
6195437,0
6826468,0
3669663,1
7720297,0
5761590,0
2761672,1
2874470,0
5799935,0
1218963,0
9709796,0
3200023,1
7623461,0
9256529,1
3129122,0
3186091,0
7086406,0
3102229,0
8251905,0
6720061,0
2205719,0
6005317,0
1993727,0
7341397,0
1777771,1
7560693,0
3378493,0
8820249,0
687860,1
6098906,1
3745473,1
8401048,1
3130802,0
3147111,0
9886275,0
9849345,0
3648167,0
457061,0
958908,0
8585449,0
1480319,0
1865511,0
9867317,0
1423258,0
3438540,0
8257528,1
9395880,0
2398932,1
3293342,0
8739823,0
5370088,0
2126337,0
6672766,1
3657364,0
9668576,0
3681863,1
6101621,0
4868684,1
1438005,0
3906159,0
9603586,0
19100,1
162084,0
718723,0
5710065,0
8292352,0
2798436,0
172168,0
3137098,0
9883542,0
2097885,0
5060144,0
3310643,0
7049541,0
8516535,0
3070189,0
3995450,0
3294377,0
2809123,0
8475748,1
6017106,1
3854319,0
459127,0
3785496,0
6727842,0
1417141,1
5428245,1
9459591,0
4400053,0
4332334,1
8670580,0
5250525,1
3963922,0
4991994,1
6857586,1
5162260,0
6145379,0
1156511,1
6746047,0
9235499,0
4567063,0
8408249,0
8469648,1
9596959,1
8992998,1
1735307,0
2472858,0
2540452,1
7843236,0
4596954,1
4510154,1
3397933,1
139021,0
4243424,1
6504056,1
6371274,0
1770151,0
6336193,0
9670508,0
3376527,0
6398224,0
2610964,0
5379353,0
4760013,0
5483845,1
7417147,1
2937382,0
4110397,0
5788551,0
5771775,1
7925161,0
4944235,0
4820396,0
2577298,0
7009714,0
77056,0
6151552,0
753570,1
6325236,1
7119189,0
3701641,0
3535994,0
6307089,0
2745472,1
8673165,0
5594199,0
7571664,0
7559509,0
7292398,0
8761031,0
6549456,1
6395565,0
7546619,0
5807210,0
5661878,0
7493996,0
9164619,1
4662628,0
2781071,0
3138326,0
1501587,0
8552997,0
9459999,0
7241427,1
2651506,0
8077790,0
6277164,0
7188850,0
8240080,0
4068822,0
7015759,0
6521899,0
4811134,0
630227,0
9704079,1
3856617,0
8026209,0
4728204,0
3683863,1
372666,0
8332819,0
3945908,0
3058376,0
8366529,0
8589291,0
1917623,0
1038301,1
5398935,1
6471746,1
8517577,0
4622264,1
9274932,0
3898573,0
8796978,1
5562685,0
4066573,0
2236322,1
7059050,0
2158434,0
1974791,1
9129219,1
1102792,0
8655997,0
2371214,0
3418143,1
2952210,0
6043401,0
2728272,1
9564309,0
9968068,0
3401661,0
8730061,0
11338,0
7142675,0
9479924,0
2396994,0
2278713,0
584850,1
2152512,1
9373707,0
4798214,0
3010977,0
4772525,0
2863564,0
5146415,1
8726499,0
3442399,0
1513533,0
7216928,0
391334,0
4613164,1
8639368,1
4781514,0
2980667,0
730370,1
1343431,1
7560858,0
8688090,0
6021544,0
4661664,1
7653452,0
6630800,0
3434317,0
666660,1
4482396,0
3453877,0
7281188,0
3842083,0
190910,1
4898984,1
9737676,0
8537358,1
5413216,0
7130317,1
2449442,1
6129199,0
3652703,0
3795740,0
2342432,1
2106834,0
867127,0
4465644,1
9041151,0
8339935,0
9359990,0
6808794,0
4709219,0
1501539,0
655623,0
5327921,0
3871006,0
7569906,0
1062601,1
7437347,1
4103356,0
6304755,0
7793578,0
9619758,0
5100581,0
7095247,0
8592886,0
9392919,0
764817,0
5872211,0
6241426,1
8635368,1
246097,0
8401130,0
9357500,0
8422067,0
5455545,1
167610,1
1600061,1
5413145,1
6438561,0
6344401,0
3601737,0
2183745,0
6259526,1
8194918,1
5044809,0
3996993,1
1766634,0
5656428,0
7974797,1
5121215,1
1328986,0
6505784,0
3624263,1
135495,0
36685,0
5962695,1
6636389,0
1993230,0
7262081,0
164147,0
2439834,0
5659186,0
1939226,0
5936593,0
8295208,0
7120869,0
133095,0
334079,0
3918473,0
4598954,1
8163115,0
5332768,0
3186813,1
2205567,0
3912602,0
6111474,0
5580087,0
5937276,0
2984056,0
290920,1
1166231,0
7446447,1
5025025,0
6812531,0
31447,0
7063607,1
774984,0
8201968,0
1237459,0
5430933,0
4433344,1
8504058,1
1344377,0
201020,1
727309,0
4567619,0
2174691,0
3794905,0
6738376,1
2784624,0
4040404,1
6602369,0
4850584,1
7568108,0
6016106,1
4133484,0
7690967,1
9478313,0
4254329,0
7358605,0
3922293,1
4718006,0
3330180,0
8008008,1
9023209,1
7404370,0
4159433,0
5369142,0
1157511,1
9923845,0
3615400,0
3649114,0
4202382,0
7244062,0
7906346,0
6119116,1
4997110,0
4533216,0
7857274,0
7761698,0
4901213,0
1892981,1
8566523,0
9866918,0
3620399,0
7490895,0
2474933,0
5704075,1
1923215,0
3860683,1
4700637,0
7047555,0
3558701,0
8845077,0
964436,0
5720275,1
2967692,1
938390,1
386830,1
2087703,0
1333154,0
6372762,0
3595953,1
815736,0
2151512,1
8603775,0
1265621,1
8742799,0
2687809,0
6383541,0
8339338,1
6192130,0
7048457,0
9347439,1
5488841,0
6855584,0
185508,0
1540394,0
6190900,0
5626089,0
7195629,0
8825058,0
7149417,1
8750578,1
4255524,1
4998858,0
5695150,0
4307802,0
1618161,1
3464643,1
248420,1
5268766,0
326323,0
8155070,0
1481438,0
852381,0
5678765,1
5596604,0
1053501,1
3702113,0
3412343,0
602905,0
74540,0
4980073,0
5833458,0
3499831,0
834772,0
6926296,1
2931392,1
1661190,0
2234985,0
6043406,1
3489396,0
4252014,0
461686,0
5740583,0
4751217,0
2890982,1
1609061,1
9092383,0
2427391,0
1135832,0
9982899,1
1965508,0
5200990,0
4248451,0
6545717,0
8627794,0
3629263,1
1696961,1
8846437,0
2194590,0
5876785,1
6262098,0
2030614,0
7471139,0
6716949,0
5491410,0
4580788,0
9825631,0
1887619,0
3732693,0
630586,0
8770496,0
5764675,1
6147416,1
2261037,0
4259502,0
6785876,1
660363,0
1234505,0
2144756,0
5838385,1
5017316,0
9747479,1
8974798,1
3438995,0
5020205,1
8384767,0
5674765,1
9108687,0
2842482,1
4972093,0
8680868,1
9635369,1
2134899,0
2023202,1
718597,0
7922740,0
5521255,1
152984,0
1975552,0
2079131,0
5512107,0
2158512,1
6817258,0
4361225,0
2718545,0
5528641,0
9144419,1
728270,1
1430723,0
5175791,0
716182,0
9257529,1
5031972,0
2170541,0
5496604,0
4741815,0
6823292,0
9887120,0
2209022,1
7285002,0
9761679,1
6114008,0
7352705,0
8103804,0
9979799,1
7574890,0
2188812,1
4922976,0
9239329,1
5963342,0
3789873,1
7126281,0
6709484,0
4854374,0
3870856,0
6072818,0
3764433,0
1456541,1
2510152,1
9003957,0
972847,0
5356682,0
6407886,0
2268194,0
8115118,1
4671481,0
9222229,1
3620553,0
2166788,0
8573695,0
2599647,0
5843485,1
4671477,0
3474961,0
3273733,0
3709120,0
6737029,0
6608566,0
3751332,0
7345168,0
8344438,1
3756788,0
2851840,0
2810209,0
6795559,0
4623264,1
3570795,0
2617162,1
7061222,0
6104016,1
9072709,1
704335,0
3750354,0
5654139,0
8187670,0
1502538,0
4993529,0
2675275,0
8937398,1
4046723,0
1723991,0
3864342,0
6307210,0
8501292,0
2351532,1
4651151,0
8119141,0
9410460,0
7339880,0
1019101,1
4323393,0
9338110,0
423240,1
2203978,0
9000009,1
1717881,0
5182746,0
9031309,1
4033845,0
1800654,0
8615926,0
2962123,0
5687865,1
8899988,1
3014103,1
9622269,1
1885881,1
5949558,0
7940999,0
5191085,0
1225221,1
6187431,0
2900913,0
4130349,0
3244244,0
5323235,1
5900228,0
3170661,0
8079361,0
7422054,0
2177712,1
7453578,0
4528960,0
6837085,0
6817186,1
472461,0
4532359,0
7175694,0
9310139,1
8948087,0
3136313,1
6877192,0
8310707,0
3478873,0
2489842,1
7481847,1
7140759,0
5579755,1
1833743,0
869504,0
1456580,0
8513158,1
561116,0
6305036,1
2473138,0
7967116,0
4631269,0
1056689,0
7476747,1
7587980,0
4876784,1
4158916,0
5513479,0
2122495,0
2094819,0
7237820,0
657560,1
8183239,0
2269972,0
4530447,0
2862682,1
5646465,1
4356134,0
6477049,0
3576262,0
4825730,0
1368631,1
7133920,0
3937291,0
1020529,0
1835529,0
9680156,0
6818475,0
5515654,0
6499457,0
3462490,0
8897804,0
4929314,0
9097779,0
5121167,0
9772779,1
4328334,0
183470,0
4737374,1
8585841,0
2746493,0
806156,0
8220750,0
4805660,0
8227579,0
2885331,0
7115117,1
3280074,0
3396739,0
6037306,1
551272,0
1535926,0
6921694,0
2116112,1
4529487,0
4229454,0
8576039,0
3527425,0
6829286,1
6118841,0
3722273,1
8943037,0
9460649,1
3463643,1
9498663,0
3819972,0
7454575,0
1383878,0
9073150,0
4859675,0
8037308,1
6337967,0
9863477,0
4133142,0
4400889,0
7739377,1
2900204,0
1252521,1
4324232,0
1857545,0
4716767,0
4227457,0
2026322,0
8586858,1
3274723,1
3390933,1
2276322,0
3124315,0
5977805,0
4865872,0
7059002,0
3909093,1
5917195,1
5499372,0
410140,1
9247429,1
8329238,1
811547,0
452426,0
346160,0
936437,0
6760836,0
8456986,0
8328965,0
3597953,1
242420,1
4262624,1
8286111,0
7503057,1
8206918,0
9280325,0
5169067,0
845498,0
6073948,0
6097405,0
8504138,0
5830087,0
234324,0
4067288,0
3861963,0
7444447,1
6574566,0
205089,0
4224635,0
6974796,1
466131,0
6935286,0
7421247,1
3342849,0
1728271,1
9967218,0
1424241,1
9288105,0
7318122,0
3273053,0
7545555,0
7781664,0
1758654,0
9902099,1
1851410,0
1073208,0
5916891,0
9820272,0
2935533,0
6345014,0
9055744,0
266528,0
9879436,0
4641464,1
4706074,1
3633827,0
6227950,0
8427092,0
3696778,0
2624262,1
336483,0
4179714,1
7325888,0
2349432,1
9608819,0
3505492,0
5967478,0
2663584,0
5015406,0
6061899,0
6086806,1
7021089,0
269776,0
7379737,1
8292965,0
5269625,1
5063307,0
9677655,0
9644469,1
7829933,0
4049404,1
9989899,1
8198948,0
2724971,0
7082688,0
3958681,0
4038680,0
1594047,0
2287941,0
679675,0
4264550,0
1164207,0
9632437,0
6942332,0
3536733,0
3715963,0
2434342,1
8626143,0
1454885,0
2864581,0
891644,0
15863,0
1286073,0
6231861,0
7768082,0
3887206,0
6048325,0
4090869,0
5588359,0
3067018,0
3712173,1
3062027,0
9799979,1
9786065,0
9225949,0
463640,1
1676488,0
1845481,1
3201023,1
1439352,0
5878773,0
314690,0
4325968,0
8304149,0
8811993,0
5969769,0
6164677,0
8298928,1
6876786,1
115420,0
1107552,0
6186351,0
7195999,0
1434341,1
2941492,1
5718120,0
8933398,1
7547410,0
7312239,0
5795466,0
4217290,0
4144250,0
426240,1
9360787,0
7104182,0
6994996,1
2310132,1
1096524,0
4479272,0
575949,0
7840487,1
3059503,1
1197157,0
2636362,1
9582859,1
7321819,0
4716349,0
6567345,0
348026,0
1385831,1
7851587,1
6877872,0
1618325,0
2298922,1
641356,0
2017102,1
1446441,1
5292291,0
4811315,0
583887,0
3044403,1
5772287,0
1327045,0
7302218,0
5559106,0
4012083,0
3649004,0
2187812,1
4914105,0
725034,0
6313136,1
1415141,1
3507768,0
85655,0
1538938,0
6243657,0
3958593,1
5687269,0
1901577,0
6501883,0
6108016,1
2771772,1
2343477,0
6707928,0
8655568,1
2702072,1
8896281,0
3487328,0
5170264,0
2329232,1
6227147,0
281347,0
9147321,0
7622441,0
1221842,0
8396740,0
7077631,0
161083,0
609060,1
4922045,0
3791199,0
8697561,0
3852218,0
3982893,1
6217672,0
1778771,1
683490,0
1427586,0
26160,0
8941498,1
4763213,0
1610839,0
6757576,1
1606113,0
6167280,0
2724272,1
9260629,1
784089,0
5510155,1
7761703,0
8592644,0
5486173,0
8108707,0
513418,0
3394249,0
1746902,0
6594837,0
2600871,0
2517763,0
2008002,1
7352437,0
6673766,1
4681579,0
5578521,0
5342422,0
7997143,0
2315301,0
150510,1
6499050,0
5255134,0
3527881,0
3383180,0
5986895,1
9384839,1
9313961,0
1519050,0
8559558,1
2494992,0
4836384,1
8813136,0
2567789,0
8472047,0
6609188,0
7226275,0
7507057,1
3523638,0
1470913,0
6263626,1
3188213,0
120081,0
161905,0
5466477,0
2637171,0
9644130,0
7612508,0
5380835,1
8158830,0
1234697,0
2031745,0
1133311,1
8046149,0
3831618,0
4292788,0
7302351,0
971745,0
3298756,0
5620168,0
8182271,0
6617723,0
7239327,1
7578737,0
3710312,0
4661787,0
8276728,1
2295391,0
7824873,0
2100572,0
9031893,0
1255909,0
2257522,1
9512997,0
8481848,1
7235682,0
2121633,0
8531358,1
4020802,0
1560368,0
5112282,0
8619470,0
6578756,1
3323848,0
1219397,0
3032407,0
3800280,0
7293024,0
1909091,1
2163440,0
7457547,1
4362453,0
9798905,0
4942340,0
1617161,1
6674766,1
8993438,0
9157519,1
5729062,0
2205772,0
5856585,1
9745028,0
2256860,0
4489533,0
1222882,0
5542080,0
6787876,1
5454222,0
7483330,0
4468659,0
1568206,0
7544292,0
865364,0
1292921,1
3692153,0
8418148,1
8406677,0
6986314,0
4497640,0
1897982,0
5598831,0
5790975,1
3023203,1
3161197,0
6932396,1
3335675,0
9194833,0
9417704,0
9953599,1
3132457,0
9718601,0
3152637,0
9815975,0
3088205,0
4553376,0
6800073,0
7285661,0
108019,0
3352361,0
7845487,1
6387836,1
7255980,0
4428836,0
5420783,0
290330,0
7745694,0
2707072,1
8552043,0
7415731,0
3311133,1
5703075,1
309220,0
3871783,1
9163619,1
4304121,0
3428243,1
9621269,1
418594,0
5456525,0
2695295,0
8098898,0
1148280,0
3174713,1
8854554,0
6064122,0
5242071,0
6388405,0
8934182,0
7160617,1
4290924,1
4432344,1
3282823,1
1337331,1
2154512,1
2347807,0
7156473,0
336956,0
4200024,1
903481,0
4521254,1
2188165,0
1742017,0
7854443,0
128305,0
1444441,1
1035301,1
8380838,1
858869,0
5688536,0
7886887,1
5503055,1
5104243,0
3588362,0
8869688,1
5365138,0
2058820,0
6626441,0
242184,0
2509265,0
2683862,1
1091372,0
8960463,0
3484843,1
4549454,1
2260389,0
6874786,1
4717927,0
1676614,0
5569160,0
864680,1
7512620,0
2778802,0
8308038,1
2544209,0
7958098,0
841018,0
5002739,0
9899828,0
945490,1
9249750,0
7515666,0
908883,0
4439871,0
5012105,1
670972,0
8163618,1
8219003,0
9091441,0
6314110,0
3800083,1
2079629,0
229347,0
1996823,0
5652554,0
3194000,0
2675762,1
4089418,0
571896,0
6561000,0
6624266,1
5167095,0
2142936,0
6908858,0
3978697,0
7665981,0
4447350,0
8970054,0
8507738,0
7494947,1
7444875,0
1985050,0
6818704,0
2667651,0
1489111,0
1148411,1
5460645,1
5169615,1
1061205,0
9707290,0
6130724,0
2225532,0
5783422,0
3377609,0
9749479,1
2819276,0
834380,1
5213125,1
8291891,0
2335267,0
8425248,1
7223150,0
706925,0
1285821,1
2946173,0
458866,0
227189,0
4203045,0
6468026,0
622260,1
5478745,1
5227225,1
5520362,0
9749890,0
2648307,0
3057815,0
3281232,0
8566332,0
9369229,0
6506056,1
6515156,1
8946498,1
9195763,0
6130316,1
278720,1
7166018,0
7863687,1
4327629,0
2583716,0
9699260,0
8899734,0
2746827,0
2317132,1
5124215,1
7977928,0
5066273,0
3537995,0
6474289,0
1620875,0
6314644,0
9064609,1
1576847,0
9853149,0
106501,0
2722272,1
3204333,0
6043878,0
638722,0
315130,1
9376147,0
3502053,1
5957883,0
5430944,0
2866855,0
9439600,0
137310,1
4990498,0
8819052,0
2475742,1
2477742,1
4462644,1
2679718,0
1397740,0
2211329,0
9400049,1
4453509,0
5895319,0
9971510,0
7059287,0
8556638,0
9535359,1
7958881,0
914448,0
8022208,1
4503979,0
851282,0
8844841,0
4700707,0
3904861,0
3472743,1
376692,0
3207930,0
6309109,0
5397848,0
9978654,0
5140584,0
4994997,0
2780916,0
6085434,0
4203145,0
3618163,1
448583,0
352331,0
5674301,0
8352974,0
4772839,0
8007008,1
2816182,1
2783573,0
2132847,0
8634506,0
7440723,0
4680895,0
4149787,0
1922698,0
9833743,0
7175994,0
2873782,1
8694968,1
871001,0
3439482,0
295932,0
4547981,0
9737105,0
3995100,0
9552670,0
4236324,1
1993442,0
1423878,0
2301032,1
7924128,0
7027207,1
8293590,0
3908186,0
7656401,0
3081803,1
9652800,0
9287250,0
5473762,0
9502641,0
4163611,0
4586088,0
8418051,0
5591972,0
8150345,0
2139194,0
7744982,0
9992999,1
778736,0
8573758,1
1691961,1
9489252,0
1092920,0
5097775,0
1631361,1
557550,1
8648842,0
7094756,0
8089808,1
7137762,0
3347280,0
6860686,1
3437256,0
4916832,0
1231321,1
9470740,0
4981764,0
4695597,0
5852532,0
3439343,1
9075458,0
6646466,1
7439347,1
4238555,0
4367964,0
9857815,0
8782233,0
86800,1
9948499,1
4953394,0
7473254,0
8977493,0
8183818,1
2403589,0
3202364,0
816064,0
5554214,0
4961694,1
7861687,1
6334643,0
7204027,1
1190884,0
9932399,1
7104952,0
9586279,0
4364010,0
530544,0
7214302,0
8036198,0
3740249,0
9510433,0
6805094,0
3730565,0
6347814,0
9956429,0
788868,0
1091469,0
6486107,0
7545457,1
9200028,0
1681391,0
6384033,0
8486732,0
1987092,0
2167881,0
3910339,0
2218312,0
6365992,0
7948988,0
8991998,1
2312429,0
8269628,1
5654636,0
9238055,0
138144,0
9146419,1
2049402,1
9527259,1
3693125,0
8602068,1
1168555,0
2734372,1
3689540,0
5290925,1
2082527,0
4114225,0
2566652,1
2054310,0
6379829,0
5344508,0
4793877,0
7221007,0
4748477,0
6995791,0
7120217,1
994627,0
8777502,0
4537258,0
7946497,1
7563168,0
3941855,0
9966802,0
3528253,1
8267691,0
4772431,0
1787871,1
4802419,0
7530958,0
5751635,0
4959320,0
3168088,0
694912,0
3193634,0
3665663,1
8981091,0
4095954,0
5975887,0
8640468,1
526370,0
5223225,1
2519146,0
6709016,0
831380,1
8224736,0
6951806,0
3180404,0
5849016,0
3890373,0
3067992,0
4040660,0
4057270,0
3830383,1
7482847,1
1305394,0
3693557,0
9296747,0
712243,0
7997345,0
8122551,0
2639821,0
6193916,1
4967694,1
1523441,0
9863689,1
5141415,1
4570432,0
274720,1
8409924,0
6385072,0
6903015,0
5474543,0
1510495,0
946490,1
7682793,0
4212425,0
9249978,0
3360976,0
9109942,0
3721420,0
3187813,1
1948274,0
2753572,1
2171700,0
9289829,1
2139312,1
1082947,0
597950,1
8817298,0
4701074,1
6228226,1
6129640,0
5353038,0
2365231,0
5334062,0
1227221,1
8776187,0
4205533,0
767473,0
1990877,0
8830274,0
6900660,0
8383838,1
5092905,1
7164853,0
1449010,0
1304863,0
6291122,0
9770779,1
9069603,0
723270,1
5755544,0
3143662,0
2311903,0
2096540,0
1001533,0
7948656,0
7896987,1
2934826,0
6058547,0
7914998,0
6166616,1
7635367,1
9103947,0
8778095,0
654743,0
9512156,0
2103012,1
6703412,0
5995965,0
8382551,0
5150117,0
674028,0
2383343,0
7178580,0
4649453,0
9579046,0
6337580,0
8946825,0
9378228,0
8159518,1
9633008,0
1468641,1
5723066,0
1801458,0
4239811,0
4461644,1
355583,0
6586068,0
7043008,0
9805089,1
2416239,0
5473317,0
7436735,0
5771719,0
2291550,0
6923296,1
8122504,0
4229224,1
219607,0
8015108,1
537941,0
6498340,0
4270505,0
9970263,0
7202027,1
8354632,0
4738553,0
8487202,0
6209976,0
3689304,0
2607062,1
1206656,0
3908674,0
5502990,0
8167753,0
6833358,0
9996938,0
9879789,1
4227361,0
2075762,0
7661667,1
7146417,1
2584508,0
5213681,0
6560111,0
7204408,0
7575193,0
470632,0
8369138,0
8126869,0
9735774,0
8668898,0
2168188,0
7915115,0
6433346,1
1134987,0
9949499,1
8026208,1
6127389,0
7799586,0
4356534,1
5303937,0
8038711,0
7522257,1
6167608,0
276720,1
9133970,0
118110,1
6014106,1
5870785,1
5554424,0
4670675,0
7299628,0
21394,0
476672,0
8720278,1
4599457,0
7486667,0
8314007,0
2785691,0
9815107,0
5649245,0
3205023,1
3187947,0
3521526,0
7408047,1
8243973,0
9805349,0
368630,1
267492,0
8147418,1
9725841,0
6638561,0
4628479,0
9198919,1
5647238,0
6026478,0
1392931,1
3991202,0
461354,0
9251717,0
7271364,0
3695826,0
2821352,0
5778194,0
1168184,0
1111501,0
6964638,0
9117724,0
2895785,0
1445441,1
9113119,1
9530423,0
4833026,0
6948344,0
6094720,0
8943839,0
5521285,0
3491792,0
6895986,1
1960878,0
4677773,0
4191809,0
9424182,0
9608657,0
700440,0
8044809,0
9666678,0
7845790,0
8105068,0
5579664,0
5306873,0
797970,1
8106643,0
5595474,0
6131316,1
4205018,0
7739359,0
192910,1
671172,0
5454545,1
1464670,0
9454549,1
9594045,0
7194676,0
2933392,1
2575830,0
2069223,0
8046408,1
1624613,0
9904767,0
5219081,0
427240,1
4606058,0
9425294,0
7675112,0
1813080,0
6667039,0
4575733,0
3035747,0
4078899,0
7584676,0
9527073,0
6200026,1
3577310,0
4166723,0
1493644,0
3866551,0
8167028,0
8391891,0
1966140,0
9558129,0
8723570,0
9798448,0
1675761,1
4017552,0
4360634,1
9751585,0
1672477,0
4108838,0
3478573,0
1035916,0
1451817,0
2524252,1
9548910,0
243369,0
4572785,0
6680010,0
5578073,0
6113471,0
7976831,0
6290100,0
2375037,0
8702078,1
5267896,0
6453146,0
5854607,0
5647465,1
1208880,0
5417767,0
2681862,1
9869689,1
4602187,0
2598804,0
6336480,0
1151681,0
2562626,0
6569656,1
1216911,0
1652561,1
5098598,0
2770818,0
4173412,0
9158519,1
9509059,1
8450467,0
3919193,1
47350,0
4148002,0
9456549,1
7881667,0
9983899,1
5044405,1
2285003,0
807164,0
4532240,0
5802826,0
7319659,0
6899641,0
9132319,1
2899320,0
976093,0
5496165,0
3084803,1
7304324,0
1837381,1
7699599,0
2753463,0
5212802,0
7559914,0
8817411,0
6006006,1
5677518,0
3721466,0
8968381,0
9299860,0
6280111,0
8152548,0
8873034,0
3821580,0
2973792,1
7227143,0
3405876,0
7039307,1
916407,0
94924,0
529250,1
6192467,0
9532846,0
5160310,0
8359000,0
9168322,0
2855840,0
992990,1
8754578,1
6113646,0
4435489,0
5350118,0
6102866,0
8622171,0
2894982,1
8954626,0
1008550,0
4526029,0
4735481,0
4540454,1
1851581,1
1453300,0
3924095,0
9063801,0
8106018,1
7664667,1
3762673,1
5430345,1
8384730,0
6725785,0
9678672,0
1818181,1
8848364,0
2443537,0
2884053,0
9241429,1
9218008,0
9609204,0
3047116,0
7621718,0
191742,0
1007001,1
7421847,0
4746666,0
2704714,0
3889883,1
950640,0
5071396,0
7014107,1
4598837,0
2024532,0
7806190,0
1278287,0
199318,0
5667057,0
5597547,0
9272729,1
5389835,1
4707581,0
3432282,0
2221222,1
3581372,0
440701,0
4108652,0
5684054,0
4652431,0
5153727,0
2936236,0
25932,0
5420245,1
459664,0
3835383,1
6526256,1
1416723,0
313130,1
1975791,1
1006937,0
2202022,1
1425918,0
8383704,0
1634361,1
2923821,0
9367639,1
431766,0
6184739,0
3361381,0
1780823,0
8540360,0
4350016,0
9089823,0
5045344,0
1474987,0
891095,0
9512623,0
1914942,0
516342,0
2478141,0
1879699,0
7767946,0
9091262,0
8374738,1
7102017,1
525594,0
1571904,0
87080,0
3757503,0
8682363,0
9157518,0
2585629,0
7651567,1
6329860,0
1096591,0
6142380,0
2820195,0
2538352,1
4147044,0
3518153,1
6168786,0
7074707,1
1152319,0
753924,0
1532084,0
5777196,0
1461997,0
6215116,0
420240,1
6451760,0
75853,0
1605627,0
9380152,0
9035320,0
1832213,0
6166102,0
454505,0
2832897,0
9246861,0
4319134,1
9154519,1
4784874,1
4021155,0
6544511,0
7952537,0
1141411,1
6367596,0
1335938,0
4693964,1
3673449,0
3357533,1
5767705,0
8460350,0
6496946,1
4905094,1
6116224,0
5906968,0
9401110,0
399740,0
8432348,1
6562656,1
8153556,0
9979023,0
2089802,1
3441443,1
9344506,0
3055897,0
231970,0
4685048,0
1117666,0
9674408,0
8920563,0
210888,0
3392762,0
5222171,0
6078706,1
9149925,0
8612168,1
5313135,1
7030993,0
7570757,1
6279321,0
5407552,0
6975416,0
3627087,0
5574755,1
8862688,1
8438361,0
9580859,1
9609069,1
3622156,0
6762676,1
9460012,0
7527897,0
7448617,0
3658563,1
7074954,0
2512467,0
3099688,0
8814592,0
8024604,0
4299364,0
5239989,0
3399933,1
6822286,1
6151048,0
6748473,0
7167945,0
7351738,0
2572752,1
1644229,0
5031305,1
502050,1
8497377,0
4311134,1
1909224,0
2319990,0
1633364,0
8725278,1
7449313,0
3965693,1
1322142,0
3931393,1
5927295,1
5698965,1
6952464,0
960360,0
4917127,0
2433007,0
4820539,0
2366126,0
8518158,1
8821288,1
9825580,0
829344,0
9151064,0
8887888,1
9520875,0
8838388,1
2897338,0
1310517,0
9509049,0
2560488,0
5340058,0
3730838,0
7198296,0
2013143,0
2044147,0
4598045,0
5472448,0
7398321,0
6066483,0
7771239,0
7040407,1
5630315,0
2914192,1
7397826,0
3328233,1
7276167,0
9628269,1
3600063,1
2731196,0
6992996,1
2238288,0
7474521,0
6203915,0
5172715,1
1908091,1
883109,0
1662661,1
6049001,0
5900277,0
8209028,1
1164150,0
4902286,0
3313173,0
6255526,1
6817376,0
9490206,0
1822711,0
1269621,1
946974,0
862618,0
2926784,0
3385153,0
7568699,0
1693737,0
2143805,0
2358565,0
5948708,0
7623819,0
8987770,0
7403047,1
8754171,0
3786873,1
5276421,0
9372772,0
2000,1
449440,1
3303590,0
5292981,0
8531116,0
562355,0
5966437,0
4045496,0
1307031,1
4670764,1
5899794,0
5656899,0
1042236,0
2363085,0
8823988,0
6442703,0
7092277,0
8321549,0
8693404,0
4178714,1
6181536,0
4516168,0
5254109,0
541670,0
5248854,0
6977796,1
9585859,1
445440,1
8810904,0
1334331,1
6903046,0
1428456,0
5558555,1
1993345,0
5930064,0
3189908,0
4227224,1
7167384,0
3725431,0
8125065,0
1352346,0
309334,0
9056753,0
6820286,1
3086803,1
8567515,0
1899550,0
3834685,0
9641817,0
2044402,1
1443745,0
8450548,1
6251467,0
3746473,1
2268128,0
8615805,0
8056721,0
9951825,0
7086303,0
1942478,0
2588159,0
3455543,1
9844570,0
2320504,0
7961931,0
8586993,0
3595346,0
9508888,0
1581622,0
1231846,0
2503614,0
7905448,0
8859837,0
8188836,0
2547917,0
1445194,0
1042264,0
5761719,0
9567952,0
4540866,0
845480,1
562416,0
1374520,0
1750512,0
8592787,0
2031095,0
1781871,1
3351050,0
1962182,0
8001008,1
5831202,0
7780012,0
3663663,1
9998999,1
9773779,1
9903699,0
7921193,0
7171717,1
4116114,1
8957598,1
1319155,0
2636234,0
4452544,1
5377435,0
275720,1
463189,0
6213459,0
2877782,1
1865662,0
3878937,0
3417171,0
732754,0
2238236,0
6027206,1
2385832,1
3686796,0
6627266,1
3538941,0
4542741,0
631072,0
9566098,0
7667163,0
4032304,1
1254634,0
7874019,0
105935,0
9186759,0
7995312,0
3957910,0
3293448,0
3137110,0
5976685,0
4065047,0
6318995,0
6535093,0
6075537,0
5785485,0
9907235,0
773618,0
818558,0
9174077,0
6307036,1
3514086,0
6203709,0
4794161,0
9404973,0
6021206,1
8799978,1
5453250,0
8201028,1
5871785,1
194101,0
3513729,0
24389,0
8742478,1
5164479,0
7425301,0
4441403,0
1623999,0
5935962,0
2778176,0
3219342,0
8761657,0
3498943,1
7303285,0
7877717,0
9723436,0
3561709,0
2950484,0
593408,0
4052496,0
2234487,0
9029005,0
4067574,0
5899588,0
5068605,1
8100018,1
9132724,0
893338,0
726270,1
4662498,0
2406149,0
701989,0
5282249,0
309030,1
919190,1
1328225,0
8960698,1
3519957,0
2323241,0
6134680,0
9432082,0
1897299,0
7959128,0
9722279,1
3717076,0
2709072,1
8464587,0
1764671,1
7624347,0
4406462,0
8799052,0
7354054,0
1585428,0
4989922,0
4812184,1
4863684,1
2362632,1
4017265,0
1003001,1
723983,0
3011624,0
1947491,1
5655520,0
2552072,0
9202700,0
5652565,1
6189816,1
602442,0
5627281,0
7933397,1
4741474,1
1592931,0
4878512,0
8896988,1
9330332,0
3211883,0
5894539,0
9957278,0
3931258,0
5815212,0
8088331,0
6552434,0
7058132,0
7813187,1
8988011,0
8547458,1
2926292,1
8195918,1
6979796,1
6429748,0
8429248,1
7235736,0
336366,0
920290,1
3196503,0
1698507,0
5624265,1
8882888,1
224688,0
9671292,0
3768040,0
8188818,1
9661669,1
9902110,0
2195912,1
346430,1
3327233,1
5955595,1
49534,0
9665446,0
8821231,0
2543991,0
6542480,0
5370232,0
2455542,1
6915196,1
1223221,1
5542476,0
8182944,0
1222565,0
7505615,0
8052436,0
3868683,1
2062690,0
7377737,1
6902096,1
9038309,1
5766606,0
9035309,1
7020053,0
4952439,0
9435349,1
5357802,0
3911076,0
5444838,0
152329,0
2572605,0
8684627,0
5862496,0
2708072,1
7738932,0
3962262,0
5249463,0
1791971,1
8192918,1
6415258,0
2620479,0
1763970,0
1697714,0
2279401,0
7055071,0
6680653,0
8704279,0
967700,0
1143411,1
8746591,0
6991308,0
3831244,0
5687034,0
1389781,0
1544327,0
2894188,0
7817645,0
4630662,0
2600928,0
9222974,0
4177564,0
960195,0
6166019,0
5434933,0
7231529,0
5289294,0
600791,0
6736030,0
7539533,0
9819174,0
4794493,0
9341519,0
8150552,0
1224221,1
4809226,0
2470003,0
582850,1
6567656,1
2944492,1
5581883,0
3243390,0
1349132,0
9243,0
7215974,0
3003396,0
89800,1
4246424,1
455294,0
6886409,0
6680342,0
1137120,0
7286827,1
3030795,0
816141,0
8624268,1
3295991,0
6896553,0
4516154,1
7909097,1
5409586,0
778785,0
9065832,0
6367082,0
6494244,0
355530,1
4458544,1
4506687,0
1366350,0
4448444,1
1562258,0
9330088,0
388148,0
16100,1
7248897,0
2834382,1
614023,0
5825285,1
157510,1
740815,0
6644466,1
1764028,0
1512151,1
3263061,0
8180818,1
8301038,1
8270129,0
4451881,0
9699969,1
9393164,0
3412335,0
7808315,0
4673530,0
9445706,0
4602064,1
5247762,0
3976314,0
2250998,0
5444,0
8769678,1
2943492,1
5198814,0
5568082,0
9109364,0
9591626,0
9355730,0
6022544,0
5122215,1
861680,1
8921625,0
7509789,0
731918,0
3951570,0
4915369,0
6893986,1
1549752,0
8973798,1
8063608,1
2165738,0
6687393,0
544450,1
5850841,0
1181031,0
1393931,1
2853858,0
3520843,0
4708074,1
4547503,0
4798435,0
1307954,0
6843891,0
2420401,0
7589857,1
7824287,1
5911195,1
1351429,0
5200025,1
9358914,0
5322235,1
6330065,0
1188784,0
1720906,0
7971797,1
2790625,0
2360885,0
1557979,0
3296417,0
8162441,0
9644906,0
3576753,1
5915220,0
8674903,0
5953617,0
3125990,0
7692393,0
3079703,1
3847278,0
2401431,0
9378739,1
3928808,0
2621688,0
411140,1
7412051,0
480864,0
2513732,0
224120,0
8932398,1
5550609,0
6256573,0
4396507,0
4037929,0
7085801,0
4083804,1
9970837,0
4998859,0
2905537,0
2754645,0
9026511,0
8896779,0
8041498,0
6970796,1
5636365,1
3340827,0
8661736,0
4127823,0
8591100,0
3679763,1
3226331,0
4162614,1
7153162,0
3067314,0
103527,0
2037007,0
9842489,1
3347433,1
4378321,0
4686022,0
9359539,1
6848838,0
7821938,0
2902092,1
1313131,1
6640767,0
8206173,0
6495565,0
3893983,1
8892988,1
8874004,0
5163806,0
1732371,1
2270367,0
4705637,0
3889995,0
795421,0
4016717,0
2529123,0
710170,1
4769892,0
6009098,0
2216122,1
5710664,0
1956591,1
2069808,0
3019661,0
3730957,0
4879365,0
5900095,1
9269269,0
9036229,0
2948715,0
5858928,0
9852924,0
6148355,0
8668328,0
5358190,0
1657239,0
3613968,0
3767635,0
8244336,0
6858347,0
870780,1
3272723,1
4310928,0
4557112,0
7037777,0
4932903,0
2968179,0
490298,0
2414320,0
6304873,0
165328,0
258065,0
9370139,0
2007369,0
1615161,1
8533358,1
9167619,1
4214124,1
971977,0
9823518,0
8442448,1
1532354,0
5536245,0
7939397,1
6215608,0
3178713,1
9090562,0
7969843,0
1861394,0
947331,0
6273592,0
4521628,0
9024251,0
7167419,0
3804159,0
4701823,0
5234865,0
3562248,0
9126219,1
495903,0
7374552,0
301030,1
6061390,0
2418142,1
1036301,1
1338183,0
119377,0
6099241,0
471521,0
7725277,1
8202316,0
1940308,0
3259584,0
9032309,1
2014102,1
6852255,0
729918,0
1585581,0
7219279,0
4029061,0
6236174,0
3787873,1
5284148,0
640740,0
432340,1
636716,0
5541403,0
1178044,0
769779,0
8241119,0
1277721,1
8994447,0
5996995,1
925,0
7828266,0
7937158,0
3259561,0
8718601,0
9007009,1
4437260,0
2447598,0
3010784,0
2961314,0
6885324,0
7470555,0
2627209,0
7132444,0
1296921,1
2678899,0
8094999,0
879533,0
7597882,0
4370191,0
5959770,0
3698030,0
6184561,0
3932828,0
881001,0
8690032,0
9081404,0
5508055,1
2795207,0
7257677,0
1581851,1
9932394,0
110110,1
5709726,0
2011133,0
261620,1
6381396,0
4437344,1
2329199,0
3400355,0
9610097,0
8199918,1
8131083,0
2005761,0
4188936,0
4217187,0
4977115,0
7142038,0
1052608,0
9666669,1
7029207,1
4881884,1
3089963,0
9314139,1
2112884,0
940490,1
9958527,0
6850586,1
4233212,0
3223931,0
2962071,0
393250,0
3529324,0
1879955,0
343430,1
5235527,0
6599305,0
8165433,0
444964,0
7676213,0
925290,1
7684238,0
4954370,0
704070,1
6231326,1
9429136,0
2159803,0
5036581,0
2172490,0
4427488,0
4464644,1
7260004,0
7777969,0
8346438,1
4324137,0
257649,0
5328172,0
2653375,0
62876,0
1144905,0
5792160,0
3487091,0
3314119,0
4900288,0
7680743,0
5298144,0
4036804,0
7564657,1
2471742,1
7827366,0
8030556,0
1997917,0
8399728,0
3483843,1
4262506,0
9696925,0
3376876,0
3345055,0
3374196,0
4366642,0
2942210,0
3655563,1
9825999,0
1870926,0
2751572,1
5007590,0
1460549,0
966408,0
554609,0
9251714,0
8464869,0
7273641,0
5901095,1
5594009,0
484216,0
9027209,1
4037304,1
407737,0
3588133,0
3998012,0
312332,0
7500880,0
1269824,0
3806066,0
7076042,0
6954883,0
9943441,0
1533896,0
4531354,1
8903313,0
7983883,0
7854587,1
3699963,1
304379,0
8756578,1
9212569,0
9381201,0
2552552,1
2984305,0
3937208,0
7142779,0
852684,0
4898457,0
5078690,0
9646174,0
792882,0
8942393,0
3107440,0
9060334,0
8669049,0
2109012,1
6754396,0
2483550,0
4973270,0
5326235,1
2005002,1
1257521,1
3316764,0
3562653,1
6489866,0
9490643,0
2164862,0
3906025,0
7198917,1
6805630,0
8601517,0
9702103,0
7288908,0
3635973,0
452913,0
7769233,0
6353192,0
8036251,0
4685018,0
4348434,1
1277311,0
6633366,1
3229724,0
5212315,0
2552573,0
5138315,1
4515057,0
6979878,0
9631369,1
3546566,0
8718126,0
7947957,0
4495944,1
5586855,1
5868685,1
2237176,0
9718682,0
1195856,0
6587394,0
6233622,0
9858589,1
907045,0
5022080,0
8414368,0
6963898,0
5365635,1
9614558,0
1063938,0
5697518,0
9053418,0
5968315,0
1338618,0
8656269,0
2511152,1
9421167,0
899601,0
7819158,0
9909099,1
2162359,0
3018103,1
3423243,1
2129154,0
4371734,1
710056,0
1749848,0
5461645,1
6984614,0
5848485,1
8022688,0
5721275,1
1278519,0
9122219,1
9744544,0
5416529,0
8265628,1
3566105,0
3482076,0
5524255,1
5635145,0
8754876,0
4660664,1
778879,0
5318834,0
6068606,1
6491734,0
529896,0
8366638,1
1224429,0
8950598,1
8613063,0
5324235,1
5159515,1
9787879,1
3060603,1
456560,0
5302610,0
3752631,0
9098875,0
1262769,0
8616168,1
7762793,0
404831,0
5004665,0
2385114,0
1653872,0
11100,1
2350767,0
6627736,0
4554591,0
4798539,0
5074586,0
1325376,0
6726141,0
5108820,0
4806332,0
7957130,0
6736527,0
9850589,1
3357509,0
2759907,0
2755628,0
7420518,0
1442952,0
2036302,1
6209722,0
9155519,1
7822287,1
1022922,0
3053503,1
1797691,0
9795084,0
778613,0
8911137,0
3260750,0
4873180,0
4925294,1
4476205,0
1673757,0
1141001,0
3710013,0
3812956,0
4121200,0
6723213,0
6886874,0
5428020,0
6624518,0
2477459,0
8623740,0
1323231,1
5991995,1
5723267,0
737120,0
216753,0
9331735,0
2977792,1
8214157,0
1153706,0
5038250,0
8174718,1
2769672,1
8310918,0
3545453,1
7126709,0
5515548,0
6374456,0
2353496,0
3780873,1
3934231,0
7315229,0
146620,0
1735698,0
4789298,0
9605267,0
424882,0
4657360,0
9933399,1
7608976,0
3935004,0
5132315,1
4618164,1
1927311,0
1326231,1
562695,0
1488841,1
1720861,0
7436397,0
3051572,0
6194916,1
1799235,0
1139311,1
9088451,0
7596957,1
221853,0
3093983,0
787935,0
172968,0
7903110,0
4583854,1
9020811,0
7418863,0
8873932,0
2820282,1
8367082,0
6588287,0
5322080,0
4112161,0
4286505,0
504900,0
3299923,1
927331,0
6402363,0
6114342,0
4341434,1
9616015,0
4843630,0
994578,0
1430255,0
8657754,0
2889192,0
3748904,0
6073396,0
4114752,0
8321238,1
9156587,0
5346926,0
6961617,0
8745641,0
1410764,0
2119695,0
8343990,0
3558210,0
81154,0
9819128,0
4713713,0
5121235,0
5125442,0
9596845,0
7247103,0
3758573,1
1581197,0
4532055,0
1320266,0
7200027,1
7249424,0
9253129,0
6040916,0
9030309,1
8327040,0
5815185,1
2020196,0
4847845,0
1912997,0
6208915,0
2925292,1
455621,0
325230,1
3559820,0
9212075,0
8810352,0
8841453,0
4069161,0
3374794,0
1403913,0
6007793,0
2336878,0
8317505,0
2031945,0
6133,0
7178717,1
9295337,0
7829292,0
2873875,0
5552401,0
4985644,0
5465641,0
6424246,1
5492945,1
4292681,0
5132704,0
9017109,1
6281355,0
6484846,1
3555553,1
4043410,0
5075743,0
5766675,1
5561442,0
4647894,0
5655420,0
3743190,0
389830,1
7786670,0
8274728,1
8695992,0
4892984,1
2872088,0
6850752,0
1929971,0
1429163,0
8033308,1
8245769,0
6656566,1
114632,0
5104315,0
6604818,0
3482167,0
7017107,1
8347366,0
4883113,0
3048047,0
8414490,0
7587857,1
3467643,1
4720859,0
1311128,0
1866,0
8703078,1
2769868,0
5841882,0
8224591,0
5983669,0
2557944,0
2179080,0
7611465,0
1443441,1
3691206,0
933390,1
9070709,1
6404046,1
8517709,0
2846482,1
6061211,0
8576166,0
8195856,0
7938397,1
4983343,0
2509052,1
5228549,0
7018930,0
575615,0
5780875,1
382904,0
1984891,1
5190438,0
5379946,0
2437309,0
7101017,1
7396937,1
8688795,0
4228757,0
8260628,1
6906869,0
9184819,1
3656718,0
7546798,0
539242,0
3076885,0
5837134,0
5567458,0
3633461,0
8870100,0
1757307,0
3465409,0
5218111,0
3264505,0
7766350,0
3938393,1
5332335,1
4402963,0
1386880,0
5990928,0
9429249,1
4593954,1
8381838,1
7926297,1
5536355,1
4711193,0
2703153,0
1051501,1
6355560,0
7533629,0
6515726,0
4303103,0
8944431,0
8520258,1
2657562,1
6468820,0
9374332,0
3266682,0
9537666,0
44164,0
3205114,0
4720274,1
3905014,0
7016046,0
7842996,0
799389,0
5858576,0
3762043,0
3740973,0
1912764,0
1156913,0
8889217,0
9360095,0
7235912,0
1252190,0
8035406,0
7107017,1
9387171,0
2924664,0
1052224,0
668660,1
232756,0
3964126,0
6975851,0
9389870,0
3127831,0
7670469,0
199910,1
4528183,0
6225226,1
3864355,0
4077872,0
6327892,0
7828700,0
8269085,0
2544452,1
5698069,0
534490,0
2200434,0
1168611,1
2721579,0
3355533,1
7620255,0
9528259,1
8404048,1
574532,0
721960,0
6707600,0
2865403,0
9313292,0
6764413,0
3616516,0
3843483,1
2070161,0
5333952,0
4923494,0
3678446,0
5689173,0
6436346,1
8048605,0
2198912,1
4443594,0
695532,0
8823288,1
3716845,0
1518844,0
3860622,0
1241421,1
7155327,0
9261629,1
6354215,0
1115569,0
4957505,0
6314477,0
4386834,1
5662149,0
9596709,0
9612169,1
1172717,0
3559553,1
854557,0
4810462,0
8615808,0
6431759,0
8632625,0
2046402,1
8500180,0
1509661,0
5610165,1
9430538,0
9746642,0
6081563,0
4043404,1
5355750,0
4193379,0
9886500,0
6878786,1
6410146,1
7672698,0
542450,1
6066653,0
3809083,1
6565656,1
2924549,0
7794977,1
8296934,0
1670947,0
137404,0
7005007,1
6102313,0
4263872,0
6136762,0
3001355,0
7719653,0
3849443,0
5605888,0
8505163,0
6061606,1
6340217,0
2042402,1
8603783,0
917938,0
9686697,0
6099906,1
7538357,1
2384347,0
2657565,0
3260623,1
9827511,0
8067821,0
1088954,0
1056892,0
3538990,0
2889978,0
5152331,0
2517559,0
9633478,0
9943815,0
9316139,1
8141586,0
5757301,0
4758971,0
7830387,1
508583,0
3099903,1
7184738,0
708736,0
3548023,0
4762531,0
2308385,0
9498706,0
4903094,1
9150519,1
6651566,1
1467228,0
9605244,0
6430775,0
778922,0
4928028,0
4834740,0
1552551,1
8927955,0
1900006,0
4745619,0
4132042,0
8908098,1
1190911,1
4192823,0
6475873,0
8447448,1
732874,0
865680,1
2328675,0
9553604,0
1247464,0
5935924,0
4441163,0
1099568,0
8570581,0
2307504,0
9752579,1
1564581,0
1648043,0
4793974,1
1545342,0
2060231,0
5529255,1
7260627,1
5740475,1
9472518,0
4623589,0
7639498,0
1615633,0
5391565,0
4653564,1
3343999,0
2680862,1
7438925,0
6005658,0
2186894,0
7499757,0
7456125,0
1072961,0
9741722,0
7966095,0
5127215,1
7243262,0
965739,0
1747403,0
9888889,1
7490947,1
5949495,1
7921730,0
1193934,0
2764502,0
4209024,1
3473585,0
6963706,0
9664768,0
6029774,0
460640,1
736370,1
8944483,0
5117209,0
6473746,1
5750312,0
4954883,0
8572774,0
6158351,0
6756387,0
9635724,0
2816710,0
4403893,0
4178464,0
7471270,0
8723686,0
3174654,0
6155382,0
4222918,0
2244422,1
2622930,0
6017507,0
7349437,1
5174610,0
4961862,0
6568429,0
6233326,1
9594640,0
1641461,1
1926537,0
1749471,1
9138062,0
7722539,0
629731,0
6004614,0
9411347,0
5924649,0
7442222,0
4913194,1
1395883,0
2713319,0
2752816,0
5749899,0
9344043,0
6328699,0
6033488,0
6991041,0
5759575,1
8096908,1
8935826,0
3641136,0
7453259,0
5349238,0
269941,0
1434365,0
7677263,0
4069604,1
7068607,1
2823980,0
288820,1
4566765,0
7785877,1
6019106,1
9736379,1
2675626,0
2791451,0
7759577,1
8614168,1
8385237,0
4169398,0
5883752,0
4852584,1
7712177,1
4637669,0
805174,0
6082978,0
6444446,1
7953605,0
8915466,0
527114,0
3445123,0
4026222,0
6916196,1
8878852,0
6799285,0
5656285,0
2153747,0
7220275,0
5982838,0
5002416,0
1482649,0
2387832,1
4448846,0
6730376,1
2268472,0
8368166,0
6717096,0
6123216,1
5329506,0
7034307,1
699940,0
309809,0
7251319,0
400945,0
5688865,1
2046675,0
8077048,0
9589859,1
8927011,0
8465382,0
2881417,0
4620264,1
1672044,0
4160916,0
3437343,1
8710404,0
8122896,0
6929363,0
2938361,0
3773268,0
6334336,1
2040191,0
9358327,0
2437836,0
7077707,1
8473978,0
8108715,0
7157517,1
2942492,1
8810483,0
7641235,0
3350237,0
5082464,0
9515897,0
4568654,1
1023201,1
144335,0
3127213,1
9863555,0
5546094,0
1684133,0
1997021,0
4906094,1
2358599,0
2341903,0
1506008,0
7764186,0
1661640,0
8025399,0
3794973,1
6312779,0
7667667,1
758826,0
2630362,1
8801089,0
7124731,0
6621920,0
6360187,0
8821243,0
4787874,1
2265689,0
4004097,0
134043,0
5205072,0
6344894,0
2184993,0
2363632,1
9926260,0
9898782,0
1603932,0
6151516,1
7517028,0
4376917,0
2285046,0
6209624,0
8402940,0
5248227,0
3657574,0
2256413,0
9719179,1
3986893,1
6443221,0
9792979,1
9281700,0
837380,1
1612696,0
9507324,0
5510668,0
1329750,0
2860682,1
1356341,0
1842814,0
8766457,0
2027154,0
6671766,1
7369978,0
7443061,0
664715,0
5207339,0
6448664,0
1436950,0
2638686,0
6196916,1
5711619,0
6710262,0
894967,0
9427301,0
40069,0
4547886,0
6050440,0
4498944,1
323626,0
4487137,0
432787,0
1907091,1
5331650,0
1092901,1
4566903,0
4228693,0
3691963,1
9744956,0
3709415,0
8781328,0
3501424,0
1134678,0
464000,0
6754433,0
5512577,0
5929714,0
6817097,0
1241312,0
9782354,0
674760,1
8957520,0
3102459,0
8040709,0
3503022,0
2686862,1
4968443,0
1419141,1
4300312,0
9769267,0
7491947,1
3778773,1
5100087,0
9183690,0
791970,1
4718937,0
4494944,1
7471024,0
1329035,0
4278724,1
1906091,1
6764963,0
1136473,0
5052030,0
5649467,0
3916778,0
6300036,1
8621027,0
2207732,0
5310714,0
8403529,0
6775886,0
2894051,0
8047688,0
4965045,0
3291923,1
4722278,0
9250529,1
6874466,0
7723277,1
6105803,0
1277037,0
5056739,0
3066717,0
8266959,0
2136555,0
652028,0
4198914,1
7821535,0
121210,1
2077702,1
4835144,0
1319503,0
8025858,0
4174372,0
8317570,0
75596,0
1780525,0
6186960,0
7541457,1
7639106,0
9334019,0
2460642,1
9632369,1
107528,0
4061834,0
5014154,0
1700411,0
8591,0
8840405,0
6593557,0
4788065,0
6804086,1
3713829,0
2225604,0
3024398,0
3183813,1
1644352,0
4230801,0
1897981,1
3971793,1
7985728,0
4261551,0
5085805,1
1479741,1
9769439,0
9978247,0
3791754,0
7503386,0
3741473,1
6655260,0
2807062,0
7982396,0
6782876,1
1810002,0
7871957,0
3028203,1
6740476,1
9679982,0
7445899,0
6397772,0
2297395,0
2627038,0
9974737,0
3749958,0
8560658,1
7898349,0
8491205,0
8961374,0
2167876,0
2426173,0
892980,1
7875033,0
8609068,1
5103122,0
6509056,1
2825834,0
5031329,0
8169649,0
4299157,0
9105019,1
2934446,0
4156734,0
4222769,0
2607615,0
5610763,0
4951337,0
7219127,1
2240817,0
3073703,1
8122218,1
1652433,0
5831836,0
2133009,0
7364620,0
96900,1
6885504,0
5754019,0
4915984,0
1007909,0
8127444,0
2256648,0
4178942,0
1784675,0
6464646,1
5239325,1
6245689,0
6243426,1
301723,0
9407131,0
5344435,1
2244353,0
6138316,1
7883128,0
7074264,0
5163615,1
8978574,0
7404809,0
18451,0
513150,1
3002003,1
9473749,1
1028339,0
1792265,0
7080990,0
5109481,0
9278573,0
5711175,1
4123381,0
9809465,0
9062609,1
1203301,0
5262162,0
1547451,1
9305039,1
4467644,1
1581217,0
8654568,1
2355109,0
8992885,0
4641290,0
1183490,0
9712657,0
9587859,1
7519157,1
2039302,1
2372419,0
9365367,0
511429,0
3745569,0
9478188,0
8352538,1
4227981,0
2595952,1
1753370,0
1523613,0
9579328,0
7723335,0
6488846,1
7571757,1
432315,0
8389604,0
7581315,0
3342105,0
4019340,0
6841532,0
4347434,1
1009190,0
1713228,0
8577620,0
6703786,0
9739696,0
3315133,1
7649715,0
4033624,0
4480586,0
2367554,0
4739195,0
2331124,0
1420488,0
8466239,0
693587,0
9987313,0
7082807,1
3571653,0
5710175,1
768670,1
4313309,0
3538240,0
2457542,1
5412145,1
3807781,0
3491943,1
8290935,0
2066990,0
7865736,0
6316146,0
9575653,0
2695962,1
2412528,0
2620262,1
9321247,0
2846441,0
4288032,0
7796977,1
3447443,1
7084807,1
4465514,0
3452543,1
3578226,0
9574342,0
8035258,0
4439344,1
9671758,0
5524787,0
3191229,0
9963699,1
2718468,0
113110,1
3283823,1
787561,0
966399,0
2128212,1
2773573,0
9780879,1
4387834,1
9931399,1
2139723,0
8928046,0
5775612,0
7485820,0
850196,0
2519018,0
8080864,0
3362660,0
4426850,0
2904310,0
1762671,1
8314536,0
7292088,0
1509214,0
9159816,0
2536767,0
6615228,0
858580,1
3323233,1
917924,0
9900575,0
918513,0
1366631,1
3635331,0
9892547,0
4446796,0
8019686,0
1540335,0
7695037,0
2695895,0
9600351,0
1222458,0
407297,0
8452627,0
4436344,1
494940,1
600105,0
472557,0
4049555,0
4601064,1
9033922,0
4941686,0
7635379,0
6358536,1
1364985,0
5115115,1
9534129,0
2685658,0
9996999,1
517780,0
9010109,1
6920296,1
7243517,0
1551718,0
8276142,0
1284780,0
1309911,0
4715174,1
5129614,0
4391891,0
1116878,0
2604062,1
4200007,0
5095905,1
6864686,1
8567658,1
5958671,0
44348,0
6972409,0
4667543,0
992847,0
3531353,1
7750999,0
5227959,0
4779774,1
2563652,1
6192916,1
5102015,1
566049,0
5573305,0
9745099,0
9565433,0
237011,0
320230,1
7151499,0
1570025,0
9506985,0
1620261,1
6542082,0
2602062,1
7824438,0
5300582,0
1561128,0
9371147,0
8287828,1
2116208,0
9262629,1
4614624,0
4322308,0
7946228,0
227868,0
2865976,0
9011979,0
9929299,1
2407555,0
7793977,1
2203191,0
5096419,0
4506054,1
5022205,1
4146272,0
1119265,0
9032787,0
4107014,1
1147917,0
3388833,1
3069603,1
7721265,0
3123275,0
4849484,1
3883883,1
6970133,0
9245885,0
5438572,0
8939076,0
8362060,0
5839385,1
1742769,0
2641462,1
2899341,0
3366552,0
4263250,0
1248458,0
611794,0
2412452,0
6031099,0
8038308,1
4410978,0
4609064,1
8126218,1
4222305,0
1207965,0
6550269,0
2435656,0
4069405,0
1121211,1
1636361,1
3843586,0
7547457,1
2925965,0
5774775,1
2874831,0
7552348,0
512150,1
6999336,0
1276623,0
1466257,0
9002549,0
8621595,0
52537,0
1263621,1
8203141,0
633973,0
1798971,1
1049542,0
2907537,0
1376629,0
7871787,1
6289826,1
6004326,0
7679179,0
2410390,0
7823287,1
1730400,0
6395555,0
8668057,0
436340,1
8123218,1
6524256,1
3068298,0
7514956,0
7208310,0
8580547,0
4454535,0
7520257,1
9748714,0
8688063,0
5925690,0
1309637,0
5925461,0
5111848,0
8128051,0
1848115,0
6983896,1
2272722,1
7809088,0
361630,1
8580858,1
6466958,0
7518157,1
3905094,0
9186213,0
9364511,0
8886471,0
293075,0
6631419,0
7311071,0
9301039,1
3685234,0
8581103,0
5755365,0
5497817,0
4403958,0
9623194,0
9658569,1
568336,0
4377734,1
8099908,1
3765673,1
3435203,0
8362661,0
2941365,0
2569170,0
833833,0
4117734,0
2941381,0
8819188,1
906737,0
9569311,0
6730597,0
5750374,0
5863685,1
2454178,0
5275725,1
6221767,0
6226226,1
5602065,1
4372734,1
7631253,0
4419071,0
2138312,1
5647624,0
3989237,0
7340480,0
3853873,0
4559554,1
2024202,1
333929,0
8293051,0
8396815,0
7864,0
6093604,0
3277437,0
4396695,0
6167616,1
5215990,0
6656346,0
1893340,0
844480,1
3979687,0
3398993,0
7792168,0
9984899,1
8269448,0
8426248,1
8063435,0
3301879,0
8442413,0
719583,0
2823555,0
8316739,0
5083933,0
5327886,0
4527392,0
3861683,1
6314136,1
9145419,1
6690966,1
6743001,0
2660467,0
533350,1
5352760,0
2660970,0
9440250,0
3281823,1
7340592,0
4484044,0
4272917,0
6037688,0
7234065,0
2058502,1
706514,0
917674,0
1796971,1
9649153,0
7329153,0
5916196,0
3341302,0
7272547,0
9639411,0
92900,1
4160493,0
5641012,0
3623263,1
1998181,0
9153160,0
7842499,0
5169381,0
9725279,1
1549451,1
5147197,0
1861412,0
3601597,0
3822743,0
7541304,0
34502,0
1644461,1
7296835,0
3401713,0
1745224,0
4740474,1
9070146,0
5693871,0
249675,0
1057501,1
4829952,0
8219222,0
7230327,1
2691111,0
5099691,0
9606885,0
2847482,1
2764877,0
520674,0
8585117,0
3995009,0
2702905,0
7559050,0
98900,1
1083975,0
8630320,0
9630488,0
6134466,0
733478,0
6714176,1
4736497,0
9894989,1
9241031,0
8626268,1
3946182,0
2857026,0
8214128,1
4739374,1
4677428,0
2307515,0
5461322,0
3235934,0
6236754,0
3944155,0
5302152,0
5209809,0
4420244,1
3625697,0
4518748,0
8439597,0
4811725,0
7648467,1
2240726,0
1479616,0
1672761,1
6219126,1
1288196,0
3928130,0
7852539,0
8753689,0
1359648,0
5680427,0
9578490,0
201212,0
2191594,0
4378007,0
292140,0
1637361,1
3930342,0
6644950,0
9322239,1
8721084,0
5710933,0
3659563,1
3152908,0
6700076,1
7904097,1
3844228,0
5320235,1
4429648,0
874328,0
4718174,1
5532355,1
443397,0
8638376,0
3954018,0
7929218,0
359530,1
301347,0
8069764,0
3300045,0
2888271,0
8065608,1
3139313,1
6231812,0
8199248,0
6789680,0
3999537,0
2143505,0
721163,0
4172033,0
223365,0
338486,0
8493491,0
1305109,0
8344004,0
4211907,0
9247363,0
7573757,1
2016102,1
3661824,0
928496,0
5453872,0
5024420,0
8930762,0
7121425,0
8029208,1
673441,0
8779332,0
9417587,0
9812554,0
6860881,0
1633042,0
554550,1
1623953,0
9827289,1
8620513,0
8195505,0
484840,1
7683643,0
9872764,0
8755090,0
4685446,0
2974792,1
403368,0
5773480,0
7952597,1
546287,0
3179750,0
5100155,0
5219125,1
5399427,0
2537352,1
6921296,1
7527257,1
3089429,0
2045402,1
5675058,0
7559150,0
975461,0
6373173,0
8525451,0
8927236,0
6721276,1
1193274,0
9082273,0
3780845,0
9643469,1
5108253,0
496940,1
5074346,0
8969441,0
1719551,0
4465582,0
4541481,0
6395936,1
8179165,0
7224601,0
7162027,0
8613210,0
9843188,0
105244,0
327841,0
778076,0
7099487,0
6509076,0
4024381,0
4112114,1
8649181,0
1885345,0
6279766,0
4935575,0
1563118,0
4839174,0
7222134,0
235075,0
7665667,1
7473968,0
1065141,0
9034309,1
8588365,0
3280293,0
819751,0
5664078,0
396811,0
9474749,1
3084874,0
494042,0
6207408,0
3046208,0
9905099,1
106063,0
1688861,1
3771450,0
9022209,1
3101735,0
388830,1
458543,0
7761476,0
2015102,1
4925936,0
8136454,0
4705433,0
111110,1
7747714,0
8357538,1
9963131,0
764670,1
7342437,1
5791975,1
8186762,0
6182089,0
8412065,0
1450783,0
7843487,1
9430506,0
6296851,0
749294,0
6936751,0
6981326,0
864440,0
5068992,0
4043528,0
4742309,0
4829469,0
554040,0
4724362,0
3697963,1
1659064,0
6406502,0
4422245,0
6456546,1
1188712,0
3729585,0
5571755,1
4380195,0
1219909,0
9967699,1
973499,0
6442446,1
1225971,0
9784879,1
2870411,0
7706076,0
1783529,0
4881037,0
8172718,1
7620412,0
9840489,1
7968030,0
8882230,0
8099726,0
1811613,0
817633,0
5121660,0
7284827,1
8574175,0
826625,0
2844672,0
1232446,0
3500783,0
5456170,0
9324239,1
2772533,0
8572847,0
8010472,0
3617163,1
9309520,0
4310134,1
3153513,1
6723276,1
4860100,0
6029531,0
2726272,1
6194518,0
9175043,0
8361638,1
9591049,0
1223,0
6488614,0
710042,0
7991375,0
2436342,1
1467715,0
9422249,1
2235461,0
9504410,0
8317286,0
8930244,0
9349439,1
8220228,1
7055507,1
3730789,0
706615,0
4804084,1
9579595,0
6297170,0
3005705,0
4949925,0
6817883,0
9191919,1
3967693,1
1545451,1
9835389,1
4684685,0
2442739,0
7950955,0
6103016,1
3837662,0
8615110,0
6324236,1
9728514,0
3778656,0
3600259,0
6623266,1
5372735,1
4308134,0
3107785,0
2346740,0
3534177,0
3489464,0
7237152,0
203213,0
5833833,0
4429340,0
9392939,1
7290927,1
4008004,1
6208026,1
2531352,1
9385839,1
4767674,1
4989894,1
9941199,0
3342433,1
2989700,0
9584584,0
8160618,1
6926800,0
3242987,0
4244923,0
8662668,1
4363162,0
2754026,0
4102113,0
1308031,1
5674954,0
3216367,0
5116846,0
7459024,0
4391681,0
7523953,0
7184745,0
8327238,1
8669335,0
262620,1
5983895,1
308030,1
1603575,0
319130,1
6889886,1
4709757,0
585850,1
3600656,0
8370389,0
2632925,0
5921295,1
1009768,0
1150589,0
491961,0
988161,0
8227893,0
3773722,0
2184478,0
6549181,0
1197184,0
3552553,1
8384567,0
1853581,1
1843218,0
8425770,0
2499524,0
3812410,0
3825283,1
1552549,0
7287269,0
9790640,0
3804083,1
5699475,0
5362412,0
7400047,1
6628295,0
8151019,0
7079707,1
1070701,1
7522744,0
4746469,0
7828384,0
5034897,0
464640,1
5266555,0
4348755,0
6131238,0
8919198,1
1728912,0
1382831,1
5280810,0
2217122,1
5842485,1
5176715,1
7489847,1
2371159,0
3881883,1
1602061,1
8754170,0
7101405,0
2459473,0
554128,0
305011,0
7179717,1
6942409,0
5983014,0
7224270,0
8411148,1
4237406,0
1509051,1
6932639,0
2821998,0
2813935,0
7218356,0
8795134,0
3670763,1
9432,0
2802807,0
6259704,0
3886883,1
573750,1
5087208,0
1243169,0
1283979,0
8831388,1
3028943,0
9870945,0
152277,0
635822,0
8706791,0
6031617,0
8481566,0
9294929,1
4117085,0
2612399,0
5651303,0
2445897,0
2417175,0
4702074,1
978790,1
4061604,1
951590,1
414104,0
4668005,0
7311137,1
7324237,1
804807,0
5509055,1
8439796,0
1722103,0
877780,1
805219,0
4540347,0
7528504,0
9270542,0
939234,0
8192582,0
2721108,0
243386,0
6622266,1
2639701,0
8396938,1
1839381,1
3522602,0
8761678,1
859841,0
2076565,0
2706072,1
6199970,0
576441,0
5804085,1
2949311,0
6591956,1
5643682,0
3489426,0
9290929,1
1302240,0
7891987,1
5054050,0
5705075,1
9559559,1
1555567,0
6391917,0
9504059,1
7791977,1
8506628,0
5108250,0
8709868,0
5038305,1
3333388,0
6551627,0
2797972,1
4775011,0
5277725,1
8175718,1
5562655,1
7211486,0
1261540,0
5715175,1
4275,0
3969790,0
9342439,1
4415144,1
5319135,1
1485003,0
9288032,0
7363198,0
640263,0
3395933,1
50656,0
2667346,0
5220312,0
1321303,0
2638662,0
3983893,1
4884970,0
8602521,0
6522784,0
4778682,0
9398056,0
6442105,0
9600069,1
2431080,0
3191935,0
809788,0
2072973,0
1060642,0
655990,0
8007042,0
9403833,0
7534532,0
7753501,0
9579511,0
2447442,1
5616165,1
7395937,1
2853022,0
4518879,0
9697969,1
2141455,0
329467,0
7229227,1
682770,0
5020545,0
6855947,0
1649171,0
4805429,0
7516157,1
4932328,0
6013711,0
6067606,1
5235716,0
4624264,1
8873785,0
6907096,1
6713176,1
6990142,0
1726253,0
8545246,0
4238324,1
259694,0
8499548,0
271720,1
2590747,0
9804177,0
7279727,1
5289323,0
1221221,1
1478319,0
6504326,0
9152252,0
2490942,1
8503058,1
7702602,0
7736395,0
224762,0
9701314,0
8044674,0
5966047,0
4886543,0
2036351,0
9554221,0
4887078,0
5693965,1
7074153,0
4102152,0
69572,0
5079878,0
5239551,0
8685868,1
9562659,1
6379658,0
3802999,0
4048023,0
8452228,0
1369191,0
3573753,1
5307006,0
6819186,1
3232422,0
5003885,0
2445442,1
2793611,0
2630101,0
1374675,0
3045416,0
8540458,1
1718802,0
577944,0
8531569,0
1912726,0
530350,1
6751145,0
237727,0
1163122,0
4257524,1
6317136,1
281881,0
6332336,1
3775568,0
6678143,0
6660539,0
7374620,0
4274724,1
843213,0
1583851,1
6215126,1
9707673,0
1493941,1
9644012,0
3076703,1
5909771,0
3005374,0
9434349,1
7878805,0
4488783,0
7751595,0
8590208,0
8018288,0
9219129,1
7487847,1
6302036,1
6821610,0
5341412,0
5295488,0
2626262,1
8289144,0
5288273,0
1805070,0
6005006,1
8738378,1
2624559,0
5553237,0
4565687,0
2132910,0
9363052,0
9712179,1
1769668,0
448440,1
9356539,1
4845690,0
590950,1
7135782,0
640316,0
6745476,1
7125133,0
5548249,0
1719517,0
4852960,0
1110389,0
8731834,0
4648659,0
1021665,0
5879785,1
7383837,1
1572648,0
6752576,1
4347040,0
7182625,0
9817888,0
2150485,0
9092721,0
4002004,1
4509738,0
3464084,0
2233322,1
7417339,0
9044456,0
8500058,1
4339059,0
6255045,0
3727273,1
9622887,0
8256369,0
3116113,1
7261369,0
1805197,0
8888592,0
2153255,0
489721,0
8863421,0
1018743,0
1095901,1
8706285,0
3061846,0
6284667,0
6726276,1
290951,0
5970933,0
5841005,0
9779779,1
2078702,1
7676835,0
1945491,1
4500054,1
7361520,0
8499600,0
7881164,0
3637750,0
584133,0
9938501,0
4909560,0
2238322,1
7839657,0
935139,0
5011823,0
7612976,0
8031191,0
3179713,1
8145141,0
8677447,0
3049403,1
5046343,0
103740,0
9282194,0
8329508,0
5819846,0
7889987,0
9903743,0
1646461,1
3383194,0
4481788,0
2760924,0
7335263,0
2786872,1
4695224,0
669508,0
765670,1
3268489,0
1153651,0
2748210,0
4423256,0
5785395,0
5252525,1
395055,0
4179133,0
459474,0
1131574,0
3101759,0
5196406,0
9524259,1
4670744,0
4070669,0
756211,0
2804166,0
5317853,0
2585633,0
8781319,0
6301427,0
5774222,0
7020524,0
1252468,0
610160,1
9040427,0
668898,0
2969443,0
9391939,1
4031558,0
8967850,0
4691964,1
9213129,1
2096902,1
6942981,0
2215822,0
7983097,0
4875784,1
2666731,0
224985,0
3768534,0
7858402,0
9185350,0
4548610,0
4341814,0
3778251,0
5599955,1
2305032,1
5328235,1
4220224,1
8235194,0
9203029,1
4873803,0
785098,0
1314304,0
3808907,0
973919,0
1243421,1
1079603,0
6498198,0
1330059,0
5346241,0
6619896,0
8061608,1
9237684,0
9551865,0
9028151,0
9002091,0
5087379,0
3658434,0
3362633,1
6437894,0
2640994,0
7674309,0
8386437,0
25528,0
7700099,0
6716865,0
4098860,0
8664104,0
6954596,1
6024635,0
1632885,0
4622085,0
5807319,0
4071327,0
4979794,1
1660661,1
2225192,0
7398638,0
5950595,1
7619274,0
8919173,0
3640463,1
3817132,0
4761414,0
4062604,1
6777682,0
2766672,1
8695762,0
6559703,0
23328,0
6422246,1
8800644,0
8390460,0
7077665,0
5076891,0
570294,0
9557559,1
6493196,0
4307249,0
8144104,0
3437911,0
270250,0
3722614,0
8496255,0
7659198,0
2729739,0
1899981,1
634941,0
1116860,0
94562,0
3324003,0
9118927,0
8773025,0
7326237,1
3611068,0
7537044,0
5903883,0
9608061,0
5510937,0
5480080,0
1922237,0
2530352,1
2107034,0
4306547,0
6684516,0
3129324,0
1902555,0
1243187,0
772533,0
9106454,0
7827477,0
1114507,0
8937503,0
9838335,0
855139,0
850955,0
6087806,1
8723223,0
1466846,0
6457718,0
7377501,0
5717517,0
7574363,0
3806701,0
1009705,0
62953,0
4432100,0
3754573,1
9431504,0
5497148,0
4832915,0
9070614,0
5673015,0
2202499,0
8587844,0
2126177,0
4477224,0
4921294,1
8317889,0
8237066,0
1359065,0
5577251,0
8746405,0
1688393,0
591491,0
9845880,0
7538592,0
8643468,1
6308036,1
3865683,1
2899349,0
3069815,0
27501,0
3890760,0
9463097,0
2032026,0
9369639,1
8311070,0
361233,0
4900948,0
6155467,0
8859253,0
2286822,1
5040771,0
4714446,0
2957328,0
1138557,0
9965672,0
8111920,0
7076707,1
6993335,0
3059703,0
1410682,0
200025,0
1988891,1
7560417,0
9674332,0
1144297,0
5705955,0
8968785,0
1727606,0
8411708,0
7512365,0
5851585,1
5841485,1
1838328,0
6511494,0
5275864,0
9447310,0
2218039,0
8432310,0
1438314,0
998174,0
1850393,0
376240,0
794328,0
2710502,0
1174141,0
5557703,0
1385057,0
515367,0
7770777,1
8558558,1
2603070,0
8189742,0
9134319,1
3443747,0
6615166,1
9459814,0
8782980,0
8197237,0
1748583,0
377287,0
161499,0
4610128,0
6973572,0
9239855,0
2343833,0
6355665,0
2759488,0
5070721,0
9922414,0
6930722,0
4822284,1
8437348,1
143946,0
7260523,0
6091056,0
125142,0
3993091,0
6434346,1
9281382,0
4620454,0
1445914,0
4584008,0
8995998,1
954590,1
6394936,1
5370851,0
9055089,0
1491962,0
6105132,0
7530357,1
1484501,0
1281408,0
7271289,0
7873617,0
5767037,0
4476316,0
8103492,0
562899,0
49833,0
5289825,1
9551559,1
87800,1
9861234,0
3960597,0
5814606,0
2418127,0
8720134,0
8369638,1
1734673,0
4159727,0
3123213,1
5125590,0
617844,0
316982,0
8010356,0
9445449,1
6131703,0
7112117,1
3152835,0
9882927,0
9869370,0
7444087,0
7011120,0
2801082,1
1193320,0
8264738,0
326831,0
7255873,0
5729909,0
2219990,0
3462957,0
8564948,0
8884544,0
528997,0
7260070,0
9081009,0
3861455,0
2074491,0
5600065,1
1583505,0
3444180,0
4365150,0
6190916,1
6645466,1
3034303,1
1852346,0
8791290,0
4012317,0
247420,1
4208024,1
4460511,0
638360,1
2014425,0
5951104,0
1706307,0
9865689,1
5088805,1
169610,1
7021207,1
6354688,0
1627530,0
1428486,0
8693058,0
6112570,0
9165979,0
9049409,1
6010106,1
853084,0
9581692,0
5544790,0
1757675,0
4157545,0
4371614,0
3233819,0
7877683,0
2862297,0
8792378,0
4366634,1
621771,0
8487812,0
5567655,1
8672404,0
1650254,0
7773777,1
2263270,0
4709074,1
9700845,0
6938396,1
7411147,1
2068892,0
3354370,0
4331980,0
132310,1
4058871,0
406645,0
6616169,0
3006319,0
1698239,0
1676732,0
7131855,0
9398608,0
5329111,0
6445102,0
2715782,0
9286219,0
5309330,0
9666388,0
6195916,1
4367351,0
9466214,0
3752404,0
1462641,1
8993659,0
1873655,0
3753388,0
7893169,0
6645408,0
2130312,1
2571376,0
783870,1
9576759,1
8224350,0
2146223,0
4843670,0
6763157,0
1634765,0
5282868,0
5933395,1
6371220,0
7499643,0
1713827,0
9251365,0
6943950,0
5785820,0
6944539,0
8369609,0
605194,0
3041403,1
8736628,0
6089806,1
8441134,0
1437341,1
9873195,0
4638355,0
1953685,0
550311,0
494502,0
9030819,0
7162617,1
3304697,0
9131057,0
3446443,1
5477745,1
6710095,0
5991890,0
8034824,0
7884754,0
4446444,1
2166018,0
1034725,0
696094,0
6258079,0
7810187,1
2711951,0
359975,0
3767673,1
6600066,1
2114453,0
5523722,0
6056182,0
8630196,0
7262627,1
1765004,0
8868225,0
8256534,0
1185422,0
2428519,0
246494,0
4920270,0
366352,0
3261623,1
1707386,0
506050,1
4410361,0
5005005,1
4068868,0
5431753,0
7359786,0
1488325,0
2783949,0
1574629,0
3276723,1
8634445,0
2732340,0
3382979,0
1349200,0
8991575,0
5190915,1
1685861,1
811262,0
9015109,1
237320,1
3829311,0
9749911,0
8887683,0
4831384,1
1857581,1
2947406,0
7636177,0
7822229,0
5251140,0
9084809,1
825280,1
2403935,0
3966550,0
7477824,0
7226889,0
37300,1
7962697,1
3607523,0
5453280,0
6725301,0
4829963,0
230152,0
4838056,0
2810278,0
2962819,0
3622263,1
9538359,1
4444170,0
2724191,0
8359545,0
3779881,0
154047,0
2288139,0
1525987,0
7373704,0
1614716,0
7796314,0
6380836,1
5272725,1
9879245,0
4401989,0
7134415,0
2181993,0
5475309,0
5982352,0
4428150,0
7250142,0
4709488,0
2275852,0
5376560,0
8612299,0
2592577,0
5086203,0
6850883,0
6849858,0
5128913,0
645817,0
592812,0
1873781,1
9623269,1
2463287,0
1655914,0
7513067,0
6312857,0
937390,1
3860386,0
5993302,0
1681910,0
4543303,0
6329236,1
4698702,0
7467401,0
7257855,0
5857460,0
9719684,0
5007005,1
483116,0
8474748,1
1875943,0
989293,0
1929310,0
4189305,0
2339584,0
5039305,1
172710,1
647460,1
4348069,0
454876,0
4186603,0
6262045,0
24273,0
741882,0
2191878,0
1847818,0
2519916,0
4573026,0
3671946,0
2307032,1
2728370,0
4581377,0
9429581,0
1841854,0
4721152,0
5683877,0
2361700,0
1717957,0
6426922,0
1412733,0
4861684,1
6641466,1
9993999,1
6256200,0
7842801,0
4900504,0
1959327,0
8557558,1
1750386,0
2092902,1
5264258,0
9770432,0
1109011,1
2488931,0
5492287,0
8976941,0
1940990,0
1980802,0
6679897,0
3379829,0
102154,0
6736053,0
2437440,0
359531,0
7166617,1
7144077,0
1895136,0
873308,0
5677464,0
4507787,0
799359,0
4668664,1
7966426,0
4896144,0
4414144,1
2674762,1
6610166,1
9109997,0
2484909,0
129662,0
8066902,0
341405,0
8085217,0
8159192,0
7911197,1
4157637,0
7732724,0
4948987,0
9191523,0
6607877,0
569650,1
1990767,0
2258429,0
309033,0
4359777,0
238835,0
1312131,1
4880498,0
9082654,0
9068755,0
2196175,0
5731002,0
1651561,1
2534798,0
4833042,0
9763469,0
4820736,0
4749473,0
1810181,1
3177937,0
6539517,0
1647461,1
4736628,0
2083261,0
1487841,1
2113112,1
4182826,0
8213128,1
4447528,0
8907715,0
2781380,0
1089801,1
7096694,0
2362944,0
6783876,1
57500,1
6281826,1
3806281,0
6987896,1
8162167,0
3855428,0
9684679,0
203711,0
820221,0
8566658,1
8361278,0
4858811,0
5425053,0
5390756,0
2356712,0
6229226,1
377730,1
9384017,0
2109453,0
233320,1
2850600,0
3967718,0
4338224,0
8541385,0
8309852,0
4848818,0
6399775,0
9089809,1
9381839,1
3298316,0
2560652,1
3089803,1
1750338,0
9083689,0
5011105,1
5065909,0
7517325,0
8893754,0
3363546,0
7264859,0
4751574,1
4011104,1
8137898,0
2439572,0
7287952,0
7231647,0
9664138,0
4585818,0
6461103,0
9795050,0
9262575,0
1838485,0
9162965,0
4336334,1
8482848,1
1204068,0
8733648,0
6718498,0
9371739,1
8043755,0
6003006,1
490149,0
6533246,0
9724360,0
4701171,0
9576553,0
7479570,0
3893893,0
5329096,0
5087805,1
2091902,1
2436938,0
682860,1
4060604,1
3209023,1
4686880,0
1208220,0
2507981,0
2758322,0
3509296,0
8584629,0
2223439,0
3776773,1
8174667,0
1050078,0
745010,0
9667669,1
1678970,0
4451544,1
6476444,0
9004315,0
846480,1
7719778,0
8409103,0
6356536,1
9993333,0
2663126,0
8638368,1
3933674,0
1990991,1
370880,0
6773701,0
3269623,1
4932362,0
9317139,1
5214427,0
8667473,0
496161,0
4223681,0
2668662,1
762202,0
5633283,0
7256527,1
5170086,0
5651836,0
2147412,1
8010044,0
3588615,0
1521863,0
6583243,0
8442958,0
6062606,1
3421166,0
2011102,1
4685864,1
6361247,0
7528933,0
6900096,1
8440313,0
3889252,0
6286587,0
2421826,0
4134948,0
2450421,0
869264,0
4165614,1
6788376,0
6264571,0
4239585,0
2341351,0
6813186,1
236190,0
4328447,0
5572755,1
9597027,0
4646948,0
8266628,1
6339597,0
9627269,1
4775541,0
3923293,1
8693391,0
9958259,0
1414141,1
4051952,0
1293490,0
1331705,0
8132808,0
7873589,0
2959921,0
5657885,0
4744486,0
6958596,1
130763,0
5838435,0
1628697,0
7757300,0
5870490,0
662660,1
3411544,0
3452477,0
9706079,1
2409102,0
7565082,0
5815798,0
5701075,1
4499084,0
7105857,0
8462817,0
9713210,0
2578287,0
5319475,0
6302761,0
4148505,0
5542165,0
6803840,0
9777748,0
3253215,0
5114304,0
3660663,1
6936396,1
2000002,1
6400046,1
6293926,1
8895658,0
4716174,1
6370021,0
5512092,0
8798875,0
1669726,0
6966696,1
492809,0
3788297,0
3242856,0
555140,0
749212,0
5295947,0
7362637,1
8431846,0
9699309,0
2335110,0
4402044,1
6600749,0
9598689,0
3929926,0
7405047,1
4517092,0
2052447,0
3772698,0
3238278,0
5533292,0
3271723,1
3324664,0
9641469,1
630274,0
241420,1
5134926,0
8320140,0
2225119,0
6489302,0
457690,0
7110481,0
3657110,0
4139913,0
4953785,0
3773805,0
1151511,1
7708088,0
4794757,0
2815648,0
2071931,0
9940865,0
7566117,0
2668213,0
8909826,0
7627667,0
8768247,0
6214126,1
8279889,0
1177275,0
7146338,0
1922382,0
8194844,0
9404049,1
7245371,0
6162153,0
9978433,0
5206025,1
761670,1
5446145,0
1216121,1
9120219,1
9531868,0
3662235,0
1950591,1
2561652,1
1095156,0
5071312,0
3606063,1
2196342,0
1272721,1
7843644,0
891050,0
1578182,0
4328234,1
443150,0
7094907,1
2642367,0
6366553,0
5296329,0
5689815,0
6082919,0
4856044,0
6371467,0
2019102,1
8204028,1
4020204,1
9458410,0
5343435,1
5605248,0
9152248,0
5942588,0
2212122,1
7611167,1
4985894,1
7118777,0
1924843,0
7415147,1
4524254,1
2709338,0
5882207,0
633360,1
6713004,0
5253525,1
883752,0
1353921,0
6268873,0
1791829,0
330852,0
5478189,0
804572,0
3963693,1
988890,1
4043841,0
4830071,0
324986,0
6646747,0
7311996,0
5840182,0
4711497,0
471913,0
8804088,1
5168571,0
8963994,0
4244515,0
8163691,0
6459223,0
8977731,0
1832381,1
6152406,0
8327882,0
4618150,0
8554558,1
5865616,0
8700797,0
1667846,0
7746983,0
5719820,0
6321919,0
5480190,0
5284825,1
9281972,0
2758572,1
1950264,0
2600147,0
2342342,0
6753576,1
5548455,1
3469603,0
395930,1
4142414,1
75197,0
2562652,1
5748475,1
2988892,1
5607244,0
303030,1
8263064,0
5685865,1
3727395,0
9715179,1
6248426,1
6913641,0
4985381,0
545115,0
8252528,1
6366866,0
3656563,1
14499,0
602060,1
5836710,0
7182625,0
7555557,1
7669667,1
784870,1
8619929,0
2250522,1
7470344,0
2822282,1
2383293,0
8302864,0
752180,0
5751678,0
2591607,0
2468815,0
1082169,0
2873352,0
8231836,0
1673265,0
6477113,0
5761675,1
9373739,1
4620411,0
3037117,0
2098810,0
3335025,0
5637431,0
8547387,0
5518155,1
9554439,0
3465563,0
5530417,0
8148738,0
269421,0
2678762,1
4250474,0
9789930,0
1580108,0
8204843,0
5786745,0
8636368,1
5970795,1
3162613,1
4378057,0
9166235,0
3888053,0
2762672,1
9575759,1
2200022,1
4405044,1
55752,0
8996093,0
644702,0
6158516,1
4601802,0
5972795,1
3508863,0
5064070,0
2633189,0
6379018,0
6436721,0
1694158,0
857269,0
1509363,0
4462625,0
5030305,1
5214356,0
8291928,1
5406045,1
5286289,0
2055461,0
7875787,1
4340434,1
6187403,0
9085809,1
8548458,1
8873788,1
5603094,0
5548653,0
8350538,1
6714647,0
2283822,1
9792096,0
2216087,0
4466170,0
9307850,0
9265856,0
3948921,0
7981930,0
5576755,1
3050004,0
4235875,0
7881887,1
5547356,0
8854945,0
6898644,0
8971852,0
6706135,0
2861682,1
161610,1
7122219,0
155510,1
5139315,1
1534218,0
3217275,0
9799760,0
3637557,0
9680748,0
811439,0
137416,0
4251647,0
2219122,1
3082589,0
9692813,0
7217127,1
2779772,1
9376068,0
5805085,1
170231,0
2559552,1
4387720,0
3584744,0
3074163,0
9161544,0
4223329,0
1018101,1
256520,1
3479743,1
2980892,1
2502841,0
5072208,0
863680,1
9268629,1
1998032,0
8751578,1
4067001,0
5160446,0
1024201,1
4181491,0
3738373,1
2158663,0
6617166,1
473740,1
5795330,0
9451779,0
6280826,1
2632362,1
7774073,0
3349280,0
9690969,1
2073702,1
3199596,0
6249426,1
5308911,0
9160654,0
8538358,1
6265478,0
2372732,1
9579759,1
5574296,0
5274470,0
8225381,0
694439,0
3928445,0
7405921,0
1994436,0
1515527,0
854729,0
2945368,0
387501,0
8385784,0
9732735,0
8829288,1
1381831,1
572120,0
7889958,0
3772773,1
3096146,0
7358531,0
5751860,0
6931865,0
4969617,0
4470647,0
217120,1
2184542,0
2843819,0
1594871,0
1811181,1
4484844,1
4742460,0
7599199,0
1248421,1
1465641,1
977032,0
227174,0
6260626,1
7221858,0
8022589,0
2547113,0
6943496,1
3482214,0
6528446,0
7566842,0
5833575,0
4595954,1
5377735,1
4673230,0
7608163,0
6518587,0
2840847,0
3068788,0
6136197,0
1886597,0
1085801,1
9058509,1
1110111,1
4764848,0
45096,0
575750,1
3245423,1
5174583,0
6806086,1
3712724,0
6389883,0
1567986,0
5114379,0
9917728,0
6814186,1
8241972,0
3880294,0
6139316,1
5799374,0
5670618,0
227220,1
8235277,0
3224073,0
6329791,0
5270854,0
3417741,0
1191468,0
21611,0
4071129,0
5562096,0
680288,0
5792975,1
3149413,1
1798382,0
7585857,1
7542033,0
3894983,1
9473740,0
6127023,0
8004520,0
8454952,0
567577,0
6712681,0
5629788,0
2123212,1
260719,0
1722271,1
7216127,1
6831232,0
8077708,1
1449262,0
5189072,0
8158518,1
8136318,1
6939145,0
7344609,0
1369536,0
6452202,0
3629586,0
8592889,0
1000314,0
7818162,0
2085738,0
2549184,0
6306036,1
3027545,0
654002,0
4250923,0
8393862,0
2808082,1
3714435,0
1591951,1
4280824,1
8249428,1
4265248,0
2306939,0
8065986,0
6959596,1
9556424,0
57871,0
4175714,1
6816186,1
7004007,1
2683647,0
8307062,0
5972772,0
5089898,0
3145413,1
7003007,1
5530818,0
6980896,1
4688382,0
7712300,0
7427104,0
7263721,0
24200,1
2480842,1
4685316,0
1450825,0
6922296,1
9175881,0
5121833,0
2740472,1
4587037,0
4525254,1
246071,0
372703,0
2083390,0
4223247,0
8695968,1
4186296,0
8021235,0
6171637,0
6761676,1
5569635,0
4460314,0
6310712,0
7187817,1
6562596,0
1328356,0
5597828,0
2658658,0
1852471,0
7015107,1
1238321,1
5057332,0
9794246,0
5209299,0
7436311,0
8911198,1
8132930,0
1590948,0
2612727,0
7662178,0
3734373,1
6582856,1
9483849,1
3013872,0
910109,0
4802084,1
3669227,0
1499941,1
4304932,0
7067107,0
7165077,0
8723151,0
2003219,0
1677517,0
6654140,0
1089355,0
9350539,1
1487907,0
7271906,0
8791408,0
6043464,0
8378630,0
3321641,0
7218901,0
3852583,1
8714945,0
8797978,1
1404637,0
2912192,1
2819182,1
4755822,0
4832384,1
6455195,0
6677766,1
612160,1
5474265,0
7458835,0
2766816,0
5881487,0
1491305,0
9500753,0
2150227,0
5259525,1
9039309,1
7988589,0
4708259,0
5515155,1
356530,1
5882067,0
3195590,0
9441449,1
4603141,0
2007002,1
565806,0
5103015,1
3017103,1
5093567,0
5300699,0
5608065,1
6390936,1
1792971,1
1219121,1
6034235,0
2008650,0
8357477,0
6081845,0
6815186,1
4520720,0
6679877,0
6026022,0
1719171,1
8392006,0
8909098,1
5971751,0
4118813,0
1348431,1
7918779,0
754190,0
9581856,0
8509379,0
1253521,1
4053692,0
3294923,1
6937651,0
1511151,1
8468445,0
8031071,0
5099481,0
8752719,0
6854609,0
4233766,0
4301090,0
3357815,0
4600631,0
1015470,0
5858135,0
6843828,0
968419,0
2793616,0
2969070,0
7804633,0
5650532,0
5902095,1
8294928,1
7540732,0
6367636,1
7593904,0
1175711,1
5563655,1
4536254,0
347775,0
2003006,0
3352533,1
5479757,0
4311375,0
6185816,1
3035618,0
4402872,0
3470920,0
5107034,0
7190772,0
4213695,0
936390,1
8347438,1
9838431,0
1170450,0
3432343,1
5315432,0
1546900,0
8945710,0
6348436,1
6835252,0
3689742,0
2991992,1
5816523,0
6998491,0
4160017,0
9812751,0
5347178,0
3202812,0
5582470,0
7011107,1
6425246,1
4547438,0
6517485,0
4427965,0
617160,1
8315110,0
2173563,0
608955,0
580249,0
5068257,0
3072523,0
2404672,0
5836763,0
7764176,0
7256506,0
9424848,0
7290164,0
1609431,0
3091602,0
1823336,0
4326234,1
1140922,0
688557,0
7311037,0
581102,0
7282,0
3677333,0
6160616,1
1287739,0
4730473,0
9211932,0
7093419,0
2014026,0
2207090,0
1410141,1
7705666,0
5778775,1
4654742,0
4388107,0
4266624,1
5067605,1
7714725,0
1352481,0
8388835,0
7134317,1
7389837,1
7278692,0
1408421,0
3006193,0
4999994,1
3838304,0
9067024,0
2836290,0
4820438,0
6330002,0
7258511,0
1076701,1
1100688,0
5511155,1
8356203,0
4907094,1
4954299,0
5683865,1
9490466,0
4147499,0
356686,0
646661,0
7397627,0
5528983,0
1573769,0
603521,0
2522252,1
7512920,0
1987533,0
1925281,0
5525387,0
2336332,1
7557557,1
8288828,1
4190914,1
7956599,0
9963489,0
985890,1
6470411,0
3445173,0
3896919,0
9615169,1
541450,1
4068604,1
2118131,0
9223956,0
2263063,0
499940,1
5120859,0
114357,0
9734768,0
6375736,1
9739379,1
7450426,0
5926002,0
2273551,0
1625456,0
3865442,0
4445197,0
1816181,1
5652916,0
3206910,0
6249824,0
9410590,0
9645753,0
5945280,0
6660772,0
7443149,0
4149414,1
7622267,1
7717271,0
4090444,0
9916426,0
2762146,0
4415220,0
7742792,0
6879596,0
4851952,0
9502801,0
62393,0
2726846,0
4990323,0
2267622,1
5758575,1
5417738,0
9252780,0
7548457,1
6637814,0
3182193,0
7462647,1
7039077,0
629123,0
7110004,0
7831866,0
6768569,0
6795263,0
4929294,1
7882876,0
1572047,0
2610162,1
8599958,1
4046941,0
9223675,0
7166449,0
1038282,0
9567659,1
4353534,1
7463538,0
5327889,0
7081807,1
3742486,0
2995783,0
3422524,0
8585858,1
3233360,0
3053619,0
7645567,0
9431349,1
7081,0
9612462,0
6840486,1
898980,1
9041137,0
2795972,1
4591940,0
7304461,0
8264597,0
1787410,0
9981899,1
956179,0
2935392,1
3331620,0
3596953,1
6234161,0
2811182,1
9987899,1
4841262,0
3932393,1
7870788,0
8247928,0
9512159,1
2274172,0
8692968,1
3702978,0
1164275,0
8278106,0
3647463,1
7161365,0
2095213,0
3025559,0
812180,1
3837729,0
4346220,0
595831,0
559550,1
3868579,0
9517145,0
5787438,0
9776415,0
6149526,0
9229229,1
9508813,0
2324232,1
5361635,1
574750,1
5725246,0
9692900,0
4084804,1
962489,0
1261621,1
8620268,1
9580123,0
4937756,0
7827287,1
8250439,0
652466,0
1350691,0
5446489,0
8666009,0
7680867,1
6234376,0
3301180,0
2389861,0
7202979,0
6833386,1
8548836,0
5790613,0
2456750,0
3172713,1
3723531,0
1070290,0
6497305,0
4771774,1
4584854,1
6155516,1
6871786,1
8810188,1
3174999,0
8585323,0
6042678,0
4836315,0
5574637,0
2495942,1
4400368,0
3630363,1
4531326,0
8550646,0
9611169,1
2789177,0
2418648,0
8733013,0
9480361,0
5813185,1
4979184,0
3555066,0
2666433,0
8411505,0
3885883,1
8434348,1
9238578,0
5346713,0
8894988,1
8868688,1
4433326,0
1298896,0
1779495,0
1636210,0
3075703,1
1826407,0
3460826,0
3409728,0
3077850,0
163310,0
8196918,1
1458541,1
3407745,0
3781873,1
2990992,1
5751575,1
5602842,0
6470746,1
8362386,0
1922291,1
8536358,1
7429247,1
7654431,0
7617167,1
7028077,0
3085344,0
4307240,0
8922298,1
7256124,0
1915191,1
5888885,1
8541270,0
6602750,0
6407046,1
9517341,0
3553553,1
3193913,1
5797651,0
2262642,0
3749470,0
3606478,0
6380863,0
3998596,0
8509763,0
9135319,1
5346796,0
5141674,0
3219222,0
9023186,0
2022202,1
330330,1
2953065,0
2670847,0
6154516,1
5938589,0
106010,1
4466686,0
4402346,0
4809041,0
7241323,0
5118115,1
7610526,0
2723272,1
2251522,1
4579587,0
7650872,0
5022456,0
5291946,0
7211127,1
8708078,1
6265404,0
8471552,0
9477150,0
7034325,0
2701281,0
5943311,0
9249826,0
5417145,1
1934391,1
9666759,0
2859336,0
4336326,0
8719186,0
7449791,0
4598109,0
5982945,0
8575421,0
5240950,0
7605338,0
390019,0
8773796,0
265441,0
5517155,1
1208069,0
8635891,0
7113355,0
7758347,0
409794,0
6828886,0
8141418,1
5578755,1
5688855,0
8814998,0
651560,1
3789348,0
1415604,0
1439150,0
646460,1
8428075,0
4693056,0
2807082,1
5854992,0
7474747,1
7644495,0
5427680,0
8162025,0
7128217,1
2432342,1
9322578,0
7185985,0
6344547,0
35139,0
3673642,0
3749473,1
4840998,0
1817845,0
6927849,0
1055517,0
2957335,0
7043407,1
9429142,0
3373581,0
3467741,0
8580917,0
9675497,0
1503051,1
6914457,0
9453950,0
5733375,1
1370731,1
4410144,1
5625959,0
3598926,0
6060202,0
9323239,1
8342438,1
6121705,0
2029517,0
1555593,0
9671746,0
5472745,1
5800398,0
436490,0
4926294,1
7009573,0
4648464,1
6888293,0
8008474,0
2147274,0
5940575,0
8694972,0
321481,0
4669664,1
7135801,0
1204021,1
225975,0
2181130,0
124210,1
9331970,0
5425047,0
6424252,0
4461379,0
8034065,0
7718651,0
9074478,0
5681980,0
8967295,0
8226703,0
413140,1
1299220,0
4632945,0
8617380,0
1140411,1
137566,0
2314132,1
2461642,1
6096145,0
8304970,0
2521542,0
8748035,0
5467438,0
9676362,0
1376731,1
4194892,0
1449441,1
7676767,1
5294925,1
7509837,0
755570,1
2032221,0
1008001,1
7294980,0
6636384,0
4668304,0
282166,0
570372,0
5887232,0
2917032,0
7352075,0
11105,0
549261,0
2302158,0
6835386,1
6174716,1
9901370,0
4277724,1
3454543,1
6449446,1
6231194,0
1989583,0
8139318,1
772770,1
5906899,0
4678069,0
6485846,1
4178573,0
3275382,0
8983898,1
5768675,1
7415649,0
7691882,0
9009011,0
9528240,0
5099215,0
1702071,1
853555,0
1324712,0
9276729,1
594950,1
555273,0
2153308,0
2282476,0
2461740,0
637390,0
978261,0
8471624,0
9129291,0
7326154,0
4973442,0
8641475,0
6430346,1
3379173,0
5174715,1
5806489,0
1524420,0
1398931,1
9212562,0
7707229,0
5500292,0
9937744,0
3444930,0
6122360,0
5230165,0
8570644,0
6998212,0
4917153,0
6850749,0
6424503,0
6103020,0
8050508,1
5942495,1
6057506,1
3118113,1
1763175,0
9005009,1
7055849,0
4320312,0
1521251,1
9779534,0
6009006,1
3243423,1
6791565,0
8487848,1
7831387,1
2182803,0
8940512,0
8904098,1
6363179,0
3848675,0
7304664,0
3932329,0
5916295,0
8428248,1
9074709,1
2339332,1
4319940,0
6173846,0
538350,1
3190913,1
5157586,0
5714722,0
7054625,0
4070704,1
5907095,1
3973793,1
9985,0
7244206,0
674597,0
1210117,0
4681864,1
2798972,1
1404428,0
5718694,0
5974833,0
3963834,0
2433570,0
8831471,0
6272456,0
6719267,0
2365632,1
5450545,1
3287076,0
5118451,0
1251394,0
1291921,1
625260,1
4407044,1
7391223,0
3198412,0
4709728,0
7132003,0
5383360,0
6236280,0
5733194,0
1146842,0
4267152,0
1502051,1
1402994,0
1513151,1
8825877,0
7543457,1
3537353,1
3963069,0
506891,0
6945456,0
5951595,1
6657566,1
5751417,0
1290996,0
7065701,0
4447484,0
2338119,0
2986612,0
9485330,0
9913377,0
8413148,1
137402,0
6103713,0
9011653,0
7087480,0
2291088,0
9786879,1
8086197,0
180810,1
2986086,0
5225225,1
8331320,0
2214122,1
2046570,0
6718829,0
4593711,0
5638950,0
9987246,0
4614496,0
9335851,0
3056898,0
2513804,0
3048660,0
9888112,0
7547040,0
8049606,0
7658567,1
547450,1
9748479,1
4180781,0
8468440,0
8762678,1
2764479,0
6859735,0
9118090,0
6166578,0
3285823,1
7808471,0
1168479,0
8355681,0
9516159,1
9405326,0
9652930,0
1616447,0
9147205,0
1243710,0
7244269,0
8886888,1
7144047,0
365952,0
7756577,1
819349,0
3269869,0
842480,1
2594029,0
8652873,0
1698482,0
380171,0
3598953,1
8834390,0
1580206,0
1179714,0
6348898,0
3310449,0
8628268,1
8795495,0
4920237,0
7864687,1
9583511,0
6200704,0
3244423,1
7205027,1
1174711,1
2144412,1
7602480,0
2548119,0
9936399,1
6212979,0
9296929,1
6025206,1
8843171,0
2685336,0
4572524,0
9386396,0
4639431,0
5120027,0
8878788,1
8407780,0
8701999,0
8169521,0
8325477,0
5940400,0
7893655,0
2314109,0
3658862,0
2738372,1
4653680,0
2819843,0
1919191,1
1543451,1
6313508,0
7263782,0
3093506,0
1183111,0
2328232,1
849480,1
5954709,0
6299513,0
6257526,1
5880672,0
5409045,1
667558,0
9206737,0
7328080,0
7386837,1
6705259,0
8103979,0
9234329,1
9421249,1
7139317,1
5212084,0
453540,1
6901096,1
899900,0
845271,0
8640826,0
2221739,0
3382833,1
185293,0
9178001,0
8029583,0
9433192,0
9356713,0
9471329,0
1198381,0
2119719,0
3976531,0
1396439,0
5167615,1
3526043,0
3319404,0
7941500,0
5321235,1
8351702,0
9807347,0
771975,0
497934,0
986770,0
927018,0
3941493,1
8065429,0
7493611,0
522124,0
340897,0
6091609,0
4496296,0
627260,1
8514022,0
114924,0
658437,0
8071791,0
9086809,1
2686706,0
6453655,0
3649463,1
848984,0
3264348,0
2845482,1
6649595,0
5238325,1
9419626,0
8604441,0
8101919,0
3094903,1
7502057,1
3818020,0
6187816,1
2073087,0
9763544,0
596399,0
1455769,0
956609,0
9288829,1
3129332,0
2907983,0
7692643,0
9149276,0
4715865,0
9550211,0
1560651,1
3033922,0
6774776,1
3092253,0
5169723,0
8696238,0
4829236,0
1731371,1
5677043,0
2331332,1
2612999,0
4680554,0
6548737,0
9068712,0
5731758,0
6254526,1
7493947,1
9819411,0
7672443,0
6775302,0
8129790,0
8861383,0
8254528,1
3855313,0
815333,0
472817,0
1621261,1
6645255,0
7454461,0
9483742,0
6048962,0
7390585,0
8222467,0
3635272,0
3874668,0
5734375,1
1300369,0
5503435,0
1877074,0
1861380,0
4848843,0
5835974,0
35824,0
8598376,0
268293,0
7694134,0
33975,0
7953331,0
9663669,1
2141624,0
3265385,0
7870787,1
5837385,1
5392499,0
9796979,1
4590316,0
2587852,1
2273213,0
3098903,1
4042404,1
8033678,0
532169,0
9795979,1
6887589,0
7374141,0
5105168,0
52555,0
9989138,0
429240,1
5731375,1
228855,0
8683868,1
671680,0
8830212,0
5977795,1
22200,1
2871782,1
146777,0
659560,1
7456660,0
1075841,0
7578675,0
4132917,0
5834411,0
7478051,0
1651898,0
6137990,0
6846486,1
5633436,0
673342,0
7109885,0
1688939,0
6583403,0
4944336,0
1120211,1
9780209,0
9851495,0
839380,1
7841672,0
3849655,0
2121446,0
3367886,0
8542642,0
8979166,0
8315138,1
4139690,0
8903098,1
8090908,1
9417149,1
9158781,0
9873789,1
6728687,0
5392708,0
6921809,0
9169405,0
4343434,1
6600035,0
4282689,0
3701073,1
2079143,0
3652107,0
9705358,0
7251342,0
7178436,0
630360,1
3638831,0
4476744,1
1575709,0
9546459,1
2996992,1
9451113,0
3932849,0
5513155,1
1403913,0
116110,1
3983654,0
3360633,1
2570752,1
2991212,0
2565848,0
8843758,0
817405,0
1064373,0
3201171,0
2781872,1
1035550,0
629734,0
236297,0
8010262,0
9851435,0
2999173,0
702284,0
3875839,0
4132031,0
9327239,1
7113258,0
824280,1
7476451,0
6829208,0
3183363,0
6889321,0
3999070,0
2805347,0
4937394,1
1432757,0
610137,0
5725275,1
9297929,1
136310,1
5522255,1
5357535,1
6125437,0
3578574,0
7716566,0
3651563,1
1257013,0
5663870,0
1576751,1
3007912,0
6984207,0
6430801,0
4646957,0
7982521,0
7708292,0
7978248,0
7756859,0
9244429,1
8217117,0
572458,0
1408924,0
9076370,0
9883508,0
714354,0
6635550,0
358218,0
712464,0
4676197,0
2243705,0
9509275,0
2514299,0
5880885,1
1840452,0
1470741,1
17530,0
5377238,0
2238770,0
1101341,0
204048,0
7604719,0
7022331,0
8224516,0
1773771,1
5479186,0
3745847,0
5973546,0
3037303,1
5312448,0
4932557,0
3845855,0
269217,0
9212319,0
4167614,1
8389838,1
3943030,0
8121464,0
2136010,0
6737665,0
1059501,1
8445093,0
6867533,0
3505954,0
443562,0
6175716,1
3374733,1
9887889,1
5320229,0
7491921,0
7173717,1
9218390,0
9081073,0
5278344,0
4867845,0
8458763,0
2246676,0
8242055,0
6452065,0
171710,1
3995466,0
4036979,0
6197916,1
2218273,0
5002729,0
7092440,0
5240425,1
6550278,0
1170711,1
1248899,0
5864642,0
3410143,1
7130558,0
2652027,0
1104915,0
7045407,1
1924113,0
1809081,1
1759460,0
2069323,0
9324330,0
1642678,0
8662540,0
5043437,0
6728436,0
5202195,0
9803089,1
3830309,0
2834412,0
2350114,0
4959594,1
9143474,0
4111114,1
327230,1
5411145,1
2985790,0
1723785,0
7643639,0
1316303,0
5773775,1
1241324,0
9449184,0
134310,1
8909851,0
5126993,0
2134312,1
2403415,0
1138311,1
3793973,1
4739522,0
8959014,0
2119112,1
8308302,0
4449444,1
960351,0
6636887,0
6293736,0
4777774,1
5593896,0
1210057,0
7994061,0
7187472,0
2189266,0
6867846,0
1561384,0
5546501,0
5400045,1
7749477,1
8723493,0
9869750,0
1813284,0
841583,0
6278408,0
3751573,1
2405980,0
9254153,0
1000129,0
1991590,0
8596958,1
9613800,0
66382,0
3326537,0
4854596,0
8607253,0
6471321,0
4288824,1
713170,1
2273203,0
470740,1
6004006,1
2713172,1
2819130,0
8907098,1
7983615,0
2266060,0
681860,1
7800309,0
6414347,0
7051436,0
1650561,1
9946499,1
601058,0
6301036,1
8235328,1
2409042,1
6410475,0
5706177,0
5898985,1
7129138,0
6877850,0
4956594,1
6805546,0
4662341,0
6087710,0
8038680,0
4564764,0
3857583,1
4707718,0
3288694,0
4421399,0
1011365,0
8359770,0
1076400,0
1007897,0
2533203,0
6578465,0
5681888,0
4368634,1
8881208,0
935524,0
5823285,1
2186882,0
643460,1
9007915,0
8672868,0
8850364,0
3573294,0
6698448,0
1803081,1
9636203,0
5361035,0
2067602,1
7087458,0
3868977,0
1147564,0
7673737,0
6584194,0
8180983,0
3629288,0
8479431,0
5142109,0
8551479,0
5198768,0
4410677,0
5437629,0
3736177,0
2962692,1
715170,1
5357011,0
4285998,0
6298357,0
26840,0
2400042,1
5554462,0
6385535,0
310130,1
4133650,0
5849031,0
8059508,1
4109456,0
321230,1
2920671,0
6515134,0
5221488,0
6249846,0
7449447,1
8353538,1
6931396,1
3658190,0
7122217,1
9826893,0
9955558,0
9367284,0
8672442,0
1772140,0
5413347,0
8752578,1
1823281,1
9471749,1
3166131,0
2903092,1
4980535,0
9348299,0
2823332,0
5358046,0
3736541,0
3978501,0
2834498,0
7315681,0
3568653,1
229255,0
1693391,0
1529946,0
9791824,0
2839796,0
6244963,0
1353531,1
2123963,0
8261628,1
8361281,0
2609271,0
6365024,0
2667868,0
4606846,0
3414466,0
2026391,0
4138069,0
4046289,0
6079844,0
3474042,0
3625263,1
1631968,0
5187815,1
5475807,0
9563357,0
4228321,0
3750206,0
9703270,0
2098902,1
5430999,0
5760783,0
5679992,0
4103014,1
2867669,0
6530718,0
5083805,1
5338043,0
9311379,0
9311139,1
6480960,0
8523128,0
4448847,0
9514522,0
8190777,0
6407420,0
7830259,0
7725205,0
7507990,0
3755778,0
8061999,0
2977353,0
7945497,1
2676762,1
7993997,1
318158,0
5814435,0
6117116,1
2713271,0
5675852,0
2513792,0
9527610,0
7694967,1
3034247,0
4366429,0
5934506,0
646196,0
7197112,0
102010,1
5974002,0
6148794,0
2278722,1
5892985,1
3891773,0
7467981,0
4234541,0
4862,0
5417610,0
6542842,0
8615239,0
2656219,0
6226858,0
9454427,0
3348880,0
1358838,0
5479451,0
421240,1
802080,1
7215127,1
6868724,0
9934797,0
2315132,1
1613161,1
2685862,1
2573752,1
6981919,0
4442974,0
5492922,0
7110844,0
4155241,0
283503,0
5146641,0
8216128,1
8715295,0
2369632,1
6320408,0
9204436,0
5618771,0
8814076,0
5493945,1
9020209,1
8549614,0
9216866,0
3787578,0
2801373,0
8363638,1
5449006,0
5652940,0
4594327,0
536660,0
3333061,0
2036076,0
3106481,0
1717695,0
8225228,1
6763739,0
6664699,0
5327776,0
1902297,0
1639361,1
1195907,0
4431502,0
2963692,1
7627284,0
3027313,0
60600,1
6729150,0
8455096,0
132334,0
4539517,0
3483241,0
7837249,0
1476883,0
819691,0
8964698,1
5556555,1
8285310,0
4752403,0
5137315,1
7424825,0
1391311,0
6053535,0
1820281,1
2226263,0
9170581,0
2284709,0
2560399,0
3121822,0
3471172,0
5886337,0
9138047,0
1194265,0
3934116,0
3492766,0
4373836,0
8730378,1
5381473,0
7360616,0
1934590,0
3581853,1
9825411,0
6795983,0
5419414,0
7030943,0
2607169,0
7653274,0
9384189,0
2178360,0
5278725,1
6314556,0
4715232,0
7229260,0
5473745,1
6932646,0
314624,0
4911966,0
7131244,0
3261783,0
5072349,0
2749111,0
7210236,0
1189811,1
9758579,1
5607480,0
2486712,0
300846,0
9053509,1
1319077,0
337330,1
5389692,0
6162604,0
2496873,0
3038375,0
3281920,0
3379733,1
4895232,0
4323101,0
6452546,1
9418938,0
8015265,0
3235323,1
6841103,0
4845152,0
94900,1
5047405,1
8786999,0
1373731,1
1670761,1
2019334,0
5272047,0
4023351,0
5546455,1
7616584,0
8817397,0
6911607,0
7150149,0
3274813,0
4799974,1
1331331,1
751402,0
8185849,0
2447388,0
3475815,0
8573329,0
6647638,0
6097772,0
5240889,0
9672249,0
5000527,0
3272143,0
4004623,0
6896986,1
4109989,0
7194917,1
5174303,0
141410,1
92115,0
5895694,0
9311655,0
1048181,0
1274680,0
6420246,1
273697,0
9171918,0
9762600,0
9911475,0
4628264,1
1811451,0
6096906,1
4052504,1
980564,0
621530,0
3980917,0
6114412,0
5984895,1
1872377,0
8127660,0
7819336,0
291406,0
1284078,0
8972798,1
2207022,1
2386902,0
8485498,0
9577857,0
6486846,1
1932755,0
7275727,1
2505066,0
2643462,1
1387986,0
6978700,0
6580856,1
1819290,0
3179160,0
4438456,0
9717302,0
6468790,0
4296924,1
638356,0
9214362,0
1049401,1
6124436,0
3934032,0
208290,0
8631208,0
2143412,1
20239,0
2266622,1
2414205,0
2402876,0
1706071,1
1666661,1
4065604,1
9836760,0
8986898,1
1927968,0
8133318,1
5748370,0
9686834,0
2896320,0
3038945,0
9768170,0
1067601,1
1805467,0
5297925,1
9505184,0
1540552,0
5807085,1
1835381,1
1041376,0
1834381,1
9802718,0
4155514,1
1425205,0
7033307,1
9515159,1
7326078,0
5930507,0
4021534,0
4181828,0
2716172,1
5377192,0
8545204,0
1101082,0
2393180,0
9283881,0
3903249,0
7999997,1
3210790,0
1354014,0
499900,0
6930396,1
8484848,1
7401047,1
6310305,0
867680,1
2473631,0
1888881,1
4355534,1
7465705,0
5845808,0
8360382,0
4264044,0
58500,1
843826,0
8920174,0
655329,0
8630727,0
9633324,0
6986806,0
3472466,0
2651732,0
8077030,0
2494942,1
6991517,0
6361476,0
7463647,1
6661892,0
9828350,0
7523257,1
3910526,0
9341439,1
397930,1
6967459,0
3085098,0
3587403,0
1207805,0
7613167,1
9387670,0
9655724,0
3655404,0
9637630,0
837142,0
6682732,0
2224398,0
3747415,0
6787462,0
7062046,0
9617779,0
1531351,1
829280,1
2418752,0
3788653,0
753566,0
71300,0
89445,0
7039591,0
9206810,0
3648469,0
9051407,0
2898830,0
9050631,0
5204235,0
6232334,0
5293459,0
7861492,0
5137777,0
7915197,1
3598947,0
8243428,1
679258,0
6318783,0
538700,0
3696963,1
1624261,1
8721278,1
9220882,0
3109013,1
3501053,1
2384185,0
9602840,0
1653462,0
6169085,0
4814178,0
9473855,0
5749428,0
5271725,1
568650,1
7674520,0
4979941,0
3258074,0
5247161,0
594129,0
3897143,0
2519649,0
732913,0
2741203,0
5987940,0
7847375,0
8102018,1
8881888,1
39300,1
3329022,0
1635361,1
7920329,0
6118116,1
6808099,0
7913197,1
788987,0
7841200,0
2938042,0
3485131,0
7842487,1
4565654,1
3643463,1
1155263,0
5388163,0
443586,0
4038836,0
5995504,0
7557104,0
1716523,0
2417824,0
6141941,0
8784781,0
1772771,1
6076434,0
5027205,1
1297130,0
8999327,0
4327884,0
5001840,0
629899,0
9168676,0
3927263,0
7889936,0
6559043,0
4572646,0
4366362,0
26200,1
9122034,0
8186210,0
9342548,0
8527156,0
7131045,0
6131271,0
514041,0
7188160,0
757570,1
3565604,0
1191911,1
8654766,0
9630546,0
845490,0
8994998,1
576793,0
1032969,0
1394124,0
2327467,0
4101042,0
5142874,0
5626176,0
4439183,0
3022618,0
1025158,0
5992863,0
6786837,0
7184670,0
6071449,0
7151517,1
4882884,1
9206769,0
5133315,1
544900,0
9791904,0
2492993,0
2940402,0
8165008,0
8029297,0
1124008,0
9829129,0
384039,0
5035986,0
6063573,0
4766463,0
6158731,0
1884531,0
6856586,1
6599956,1
6486453,0
612442,0
8227228,1
571593,0
2346178,0
4287908,0
6384148,0
1054633,0
9016430,0
1497521,0
9717434,0
716172,0
4206747,0
2264442,0
3262623,1
6590956,1
994293,0
9077290,0
1943727,0
283393,0
4588179,0
7705375,0
5896873,0
9433726,0
1047760,0
8747823,0
4955127,0
9839528,0
9272371,0
237467,0
4291621,0
2483094,0
9056938,0
460888,0
5610493,0
181563,0
9973039,0
35564,0
1072758,0
3097572,0
8307651,0
5729275,1
7406635,0
7702731,0
5980772,0
1151060,0
2659562,1
7906331,0
6923679,0
465640,1
3563653,1
1428085,0
7910380,0
4770375,0
477252,0
8363891,0
6996156,0
9212129,1
4930732,0
1361574,0
9430185,0
673227,0
5425247,0
1728736,0
1077701,1
6930341,0
281135,0
6492754,0
1580171,0
8537883,0
1130629,0
2830382,1
7102965,0
4883884,1
6677140,0
5161715,0
9660669,1
4641999,0
4736374,1
8070708,1
754570,1
4550263,0
9054550,0
5828310,0
4549769,0
3006156,0
3974598,0
2857498,0
8230328,1
6161616,1
6785151,0
6123665,0
7576959,0
6957596,1
1168751,0
233003,0
4914194,1
2692124,0
2114953,0
5345435,1
682111,0
1050214,0
139527,0
7847487,1
4037009,0
9084423,0
2984355,0
7662667,1
3304033,1
2895571,0
8813188,1
1097901,1
6369305,0
6542456,1
6749476,1
3118983,0
7722735,0
6349291,0
5454906,0
5932709,0
4233809,0
4505106,0
446390,0
2555091,0
4402749,0
2224222,1
3083259,0
6799976,1
1889881,1
5005475,0
9336282,0
7769840,0
57137,0
3182278,0
3478375,0
2241422,1
2270270,0
5073220,0
9436349,1
69630,0
6683629,0
4872784,1
2690261,0
9757579,1
8614769,0
7829287,1
7821032,0
349829,0
35155,0
7714458,0
3336535,0
9199855,0
1957591,1
825947,0
5225942,0
5990222,0
3944493,1
9750189,0
8925298,1
390725,0
5583453,0
8296272,0
2871515,0
8137318,1
1551958,0
8222994,0
4770774,1
6353474,0
4211227,0
4973794,1
3451543,1
692116,0
8680306,0
9102438,0
3673994,0
2130128,0
8237848,0
1134311,1
2434576,0
9609708,0
6386234,0
8132699,0
4899492,0
320676,0
6761886,0
9281340,0
4692294,0
5388561,0
4705047,0
4114114,1
91200,0
8541458,1
1330331,1
4382230,0
7913180,0
6073208,0
1596951,1
870149,0
5397614,0
7185817,1
5801879,0
6818360,0
7029732,0
9966699,1
1564500,0
76698,0
2345374,0
6159985,0
5748434,0
7924908,0
7544276,0
7077928,0
4529022,0
4213491,0
9854589,1
3212175,0
1813168,0
174710,1
2031302,1
9568786,0
2911704,0
295329,0
948275,0
2700512,0
9166619,1
1654451,0
3542600,0
2233370,0
8988140,0
5395998,0
4783248,0
9100927,0
6600004,0
1545249,0
5412718,0
2566688,0
8219128,1
5739330,0
3381145,0
848480,1
4607064,1
6252124,0
174552,0
1627261,1
6906261,0
9284829,1
1605061,1
4378709,0
3323864,0
3707073,1
9600983,0
2554209,0
8325897,0
3461643,1
1281820,0
9479749,1
6909573,0
1060601,1
3721434,0
8674768,1
2342776,0
163008,0
898687,0
5880748,0
7743477,1
2836532,0
402040,1
3313723,0
9101100,0
7979797,1
8447020,0
3332333,1
1400946,0
4474225,0
1360631,1
9086401,0
6869686,1
4654748,0
819180,1
5126310,0
5277015,0
4829284,1
8979566,0
4403044,1
7920239,0
1894290,0
1098830,0
4515313,0
3161224,0
1184811,1
1374731,1
7603438,0
4260624,1
4818184,1
8822411,0
7955671,0
5472680,0
6075714,0
1923291,1
1053016,0
3706431,0
7624267,1
5265625,1
41079,0
3065826,0
7584857,1
4478744,1
942490,1
1569651,1
261017,0
7202794,0
2582243,0
7328220,0
9433812,0
8052836,0
6453546,1
7542457,1
1319131,1
3818183,1
2204022,1
7125000,0
2615031,0
2642648,0
1263590,0
9797979,1
2873173,0
3215432,0
3667705,0
5629990,0
1389338,0
4176714,1
4083057,0
7042470,0
301061,0
8652568,1
5602879,0
9366833,0
670807,0
5596654,0
1343377,0
5208025,1
8238831,0
1015015,0
3862683,1
5267769,0
3236776,0
5878312,0
7604884,0
7738377,1
4389834,1
2095301,0
4427244,1
6081895,0
7270727,1
3792589,0
9537359,1
4679256,0
8593958,1
6686614,0
1663238,0
335299,0
9601671,0
3954593,1
6134868,0
9947347,0
9678769,1
5028417,0
9128207,0
1006001,1
8166618,1
5968318,0
7180496,0
2582073,0
1165611,1
3682389,0
2576390,0
6464256,0
1118111,1
5187862,0
3759573,1
6385099,0
3992474,0
149410,1
7815874,0
7777777,1
1916191,1
2222222,1
2299392,0
6828367,0
8792160,0
2561988,0
7943489,0
3718168,0
4466644,1
310583,0
8512978,0
789578,0
1072324,0
2674235,0
9604841,0
5889885,1
439855,0
7126116,0
2026655,0
8603827,0
5275086,0
7641047,0
3223411,0
6548456,1
8025350,0
4099229,0
6883187,0
1120867,0
5758616,0
1218059,0
1864706,0
8771128,0
1903995,0
2785339,0
7393526,0
3144583,0
893420,0
5707723,0
2265622,1
2716665,0
6388836,1
4729653,0
8142418,1
3999956,0
1493451,0
601902,0
3283320,0
8185818,1
1844900,0
7552557,1
7002007,1
9190820,0
3026773,0
7926530,0
3430624,0
1076591,0
4754779,0
8596032,0
8576,0
5847485,1
1988830,0
2012102,1
385089,0
1607632,0
1034301,1
8663528,0
3661189,0
3419429,0
8268628,1
5237325,1
6054506,1
7925670,0
2878782,1
3387776,0
9691585,0
5559555,1
8085399,0
7016140,0
844351,0
5478426,0
3003003,1
7950388,0
3429126,0
5798975,1
4201024,1
4344434,1
4327206,0
7409697,0
5385166,0
2368632,1
5632411,0
4354003,0
509050,1
6514011,0
8309038,1
1814181,1
8621268,1
4381875,0
746470,1
9216356,0
7815395,0
6825286,1
7361222,0
900948,0
5465645,1
358571,0
1355297,0
8928218,0
4022306,0
8132045,0
2631202,0
2485139,0
303156,0
5703980,0
8290928,1
110658,0
9954285,0
7232327,1
3864146,0
6814256,0
3161613,1
5000005,1
5338320,0
1496118,0
1918485,0
4866833,0
2911201,0
2414142,1
6192943,0
4542288,0
6771857,0
2764672,1
7398048,0
7056507,1
5892173,0
2506052,1
786452,0
5070944,0
249420,1
77700,1
3522871,0
7511157,1
3226745,0
7663949,0
9403049,1
7485847,1
524250,1
3126486,0
1263631,0
9989418,0
278683,0
4289654,0
5770754,0
6349891,0
7280827,1
8605068,1
4707617,0
6015106,1
956590,1
1584265,0
6553556,1
7703799,0
1511723,0
4369153,0
941490,1
18073,0
3488843,1
8358300,0
5199374,0
6243848,0
8343902,0
6591513,0
8023015,0
2131564,0
5926295,1
6298926,1
4911194,1
1527567,0
827280,1
1876901,0
34300,1
1707071,1
1065786,0
3179733,0
9340386,0
5171039,0
5051505,1
845714,0
9811189,1
4068251,0
7339337,1
6903096,1
821280,1
6877807,0
1708879,0
5963695,1
3373138,0
5333335,1
5708220,0
695960,1
8586231,0
962762,0
3481660,0
4188834,0
7629396,0
5232092,0
4673638,0
311130,1
5402904,0
2822707,0
9408531,0
6469018,0
570022,0
1723271,1
2952526,0
4566654,1
4482743,0
8335338,1
7511673,0
6093852,0
1412074,0
8833388,1
6169742,0
7944497,1
6502986,0
5313732,0
9722504,0
5568655,1
6403046,1
1656769,0
729270,1
3788873,1
5842232,0
1013101,1
353361,0
9569659,1
390930,1
7681428,0
6497508,0
1275721,1
559643,0
7651278,0
3822461,0
7757911,0
7093424,0
8442466,0
6718176,1
7922297,1
3407855,0
8932565,0
7277727,1
7932494,0
6770565,0
414019,0
4273721,0
2163771,0
7064425,0
5106015,1
7614423,0
5680760,0
323788,0
6163552,0
6867156,0
7573827,0
2881297,0
8564261,0
7668667,1
1544863,0
481232,0
5702217,0
4610164,1
882880,1
1346431,1
5603265,0
6576034,0
2300937,0
4362718,0
6583856,1
7074639,0
7065690,0
7378811,0
4147794,0
9446072,0
9434141,0
2619947,0
3712452,0
3997993,1
7411797,0
9426249,1
651786,0
9239586,0
2489340,0
9759835,0
7538327,0
121989,0
1233321,1
306215,0
1584851,1
7509042,0
298883,0
8716397,0
1657359,0
7487406,0
1388831,1
7224008,0
2041402,1
7788566,0
1335070,0
7779665,0
6598687,0
9630369,1
788425,0
3097903,1
2010809,0
3219489,0
900189,0
7888887,1
3359604,0
112110,1
8294950,0
7369935,0
601934,0
3268287,0
9644878,0
2033044,0
17307,0
8287531,0
4661896,0
1548291,0
8031079,0
9466649,1
3475200,0
7591772,0
1824070,0
8530358,1
5229225,1
1422854,0
8778579,0
1057455,0
4915325,0
3440109,0
7435445,0
5869451,0
381771,0
4959674,0
5130693,0
6562059,0
3255809,0
201480,0
3570361,0
2386832,1
2737083,0
4830384,1
6205026,1
9213319,0
9008009,1
3764140,0
2245101,0
1626849,0
1961330,0
8790978,1
1981891,1
5808827,0
5232325,1
9664791,0
7189803,0
8868407,0
4857569,0
1810299,0
6837916,0
5028754,0
5463784,0
5938573,0
8014975,0
3892895,0
7268267,0
7465610,0
4905956,0
9567047,0
1871697,0
6566035,0
1941908,0
8982882,0
2174316,0
8243031,0
8322238,1
9228401,0
1160023,0
2413022,0
5449800,0
9720646,0
3779297,0
5829746,0
3869400,0
885632,0
838983,0
2461948,0
5148806,0
9729279,1
5464539,0
3442546,0
7244298,0
7192917,1
6977975,0
3686267,0
2787872,1
6894706,0
6028658,0
8970798,1
2334419,0
644665,0
1455541,1
1288923,0
6504955,0
2330314,0
3971151,0
2479742,1
3484761,0
1266621,1
8652624,0
9742542,0
8121792,0
8839763,0
3256523,1
8926157,0
8849488,1
488840,1
2527181,0
1629275,0
5261103,0
6592956,1
8817791,0
3350178,0
683082,0
162968,0
6815233,0
6383836,1
1932732,0
991990,1
9145131,0
9866681,0
4962722,0
9423732,0
4938481,0
2512152,1
9214596,0
9132906,0
3841483,1
6305564,0
4877996,0
7843548,0
6347937,0
2289368,0
7490200,0
6491140,0
5123377,0
9092855,0
1397655,0
9689918,0
5730375,1
2782003,0
4698964,1
720039,0
2499127,0
4440444,1
4104449,0
724928,0
2555027,0
3641463,1
9153711,0
6828286,1
2462520,0
7073707,1
7333383,0
9668669,1
7873226,0
1207383,0
3115113,1
9440449,1
6417614,0
4126214,1
5195249,0
7232297,0
9146162,0
4003004,1
5242452,0
2777832,0
4011337,0
6053506,1
3071626,0
5305035,1
2435709,0
3375364,0
1565247,0
7442447,1
5866685,1
3133348,0
8046819,0
3697099,0
4787215,0
2492942,1
4255877,0
7420247,1
5637809,0
9614492,0
8875092,0
6601775,0
2426242,1
4646464,1
7292669,0
4801084,1
2331125,0
5087680,0
9073709,1
8571694,0
6538400,0
616160,1
7963307,0
2641644,0
104994,0
5227607,0
7520737,0
9915199,1
3730829,0
1065601,1
3674620,0
7655505,0
267438,0
7835387,1
5832368,0
625991,0
9242170,0
2589852,1
8130627,0
6834386,1
7166794,0
7472747,1
15100,1
1208021,1
7444533,0
6297740,0
5646468,0
8424248,1
7066136,0
5961695,1
2145334,0
7742251,0
606833,0
2894394,0
2867682,1
2833382,1
7416430,0
3125213,1
1102011,1
1486841,1
3832399,0
1234335,0
896341,0
4401044,1
807847,0
6752931,0
6662863,0
3816807,0
2717172,1
7889614,0
8501290,0
5797833,0
5561655,1
6352774,0
2007676,0
4269046,0
4491944,1
643938,0
3497832,0
5116140,0
4496944,1
2345432,1
3055341,0
5326850,0
2047007,0
4857348,0
4493604,0
8654914,0
6101443,0
7205055,0
7583760,0
67409,0
5754806,0
1491642,0
7771777,1
8681858,0
8454303,0
1368831,0
4165511,0
6309442,0
1784043,0
595503,0
3720663,0
1321436,0
744107,0
2888411,0
21200,1
1971105,0
7514157,1
3571217,0
2621262,1
3781427,0
6666486,0
8309293,0
5208569,0
2635362,1
8396461,0
7132066,0
4395934,1
2295922,1
8788723,0
2132290,0
1853929,0
8791511,0
1214898,0
5516418,0
2841787,0
2495908,0
655702,0
7821314,0
9367746,0
5236717,0
1494941,1
1096480,0
4542454,1
4246598,0
7698463,0
3579488,0
2125474,0
8387095,0
5395078,0
9087266,0
8262350,0
7911557,0
5993995,1
7038307,1
7303956,0
349430,1
9207311,0
694103,0
1086392,0
9953806,0
8340438,1
3546012,0
6654566,1
6991996,1
3229964,0
2859339,0
6319552,0
6618585,0
1597597,0
986763,0
2541178,0
5865131,0
750489,0
1082673,0
5962390,0
1311463,0
2383832,1
2354810,0
292376,0
5414620,0
1791102,0
3476743,1
5449248,0
967546,0
8927235,0
8511887,0
688874,0
1433341,1
2930392,1
882973,0
2734363,0
727047,0
1534386,0
3448443,1
3397093,0
71474,0
9877789,1
3230902,0
4066998,0
7394325,0
6941496,1
5493991,0
3761673,1
4492529,0
9709079,1
8930398,1
2853492,0
463217,0
2248156,0
1174451,0
9733869,0
9741479,1
5946495,1
3464485,0
7021058,0
2448706,0
1135115,0
654710,0
4298298,0
6442963,0
7524257,1
685501,0
3865310,0
6291926,1
3551546,0
5177715,1
6036469,0
5260740,0
9360639,1
8124705,0
8610315,0
786588,0
5210392,0
3357746,0
6554444,0
8256684,0
6035114,0
3548453,1
6550100,0
629545,0
2616385,0
2190912,1
4932394,1
4704771,0
3285831,0
33300,1
9107317,0
1026201,1
4800576,0
3486843,1
9777779,1
9794614,0
664953,0
4135686,0
5768028,0
5776903,0
992414,0
7955150,0
158880,0
2823395,0
2023533,0
456522,0
8559489,0
5267522,0
502147,0
4060868,0
9574655,0
5884600,0
417577,0
1188115,0
6472152,0
4521607,0
5068121,0
8161618,1
7191508,0
7838387,1
9200574,0
3299123,0
9835192,0
4101035,0
1645461,1
7971165,0
7464804,0
6186816,1
1924869,0
5822869,0
6998862,0
7790756,0
4320091,0
4676253,0
6469646,1
5379735,1
7629365,0
6223299,0
9941142,0
295462,0
5840655,0
5101015,1
7786877,1
9563003,0
7299927,1
1744471,1
2617,0
3449752,0
9238329,1
1848498,0
6831028,0
3834083,0
4038190,0
9688869,1
5682155,0
7781439,0
6830908,0
683207,0
9380839,1
9143419,1
1155735,0
1056501,1
1917191,1
6238326,1
9295167,0
8902498,0
5977318,0
5700652,0
5554555,1
2488842,1
2543452,1
5149003,0
2075725,0
5716490,0
7255853,0
812408,0
8147301,0
5716167,0
1945792,0
6546456,1
1812051,0
8739829,0
4978822,0
3569653,1
6042604,0
553037,0
226220,1
6340436,1
1758713,0
14100,1
8149792,0
2141657,0
5357920,0
5009005,1
8568658,1
711596,0
5520419,0
9827587,0
9141419,1
2836535,0
4927610,0
5661665,1
3526777,0
2120212,1
671914,0
9300114,0
9209277,0
8276092,0
8620999,0
1882896,0
2407042,1
2939392,1
4653109,0
5257800,0
1493238,0
4398700,0
6898986,1
3372944,0
2163612,1
8598087,0
927290,1
6940496,1
9124625,0
7035414,0
3892983,1
5666102,0
9185921,0
7034047,0
2180462,0
3262258,0
6470197,0
4969694,1
7238327,1
5116115,1
5622962,0
689957,0
1699620,0
8015216,0
5782875,1
3095903,1
9433965,0
2252702,0
9213677,0
5923588,0
7952997,0
3534671,0
6451546,1
4964694,1
6357586,0
9988716,0
2177819,0
3324142,0
5334331,0
294920,1
8550558,1
3030303,1
8405547,0
9737198,0
7376737,1
1000207,0
9962157,0
4460644,1
1246421,1
6813442,0
6879925,0
4332023,0
3506053,1
1526251,1
4867422,0
3856691,0
6060606,1
6350536,1
8836388,1
4230324,1
3001003,1
8026996,0
9389839,1
6777051,0
1555551,1
6622435,0
7027982,0
6481128,0
6411279,0
2879769,0
8070266,0
2863424,0
2385393,0
9794341,0
8742245,0
9861373,0
712806,0
2483776,0
756397,0
6396979,0
3552193,0
8193918,1
2464657,0
5643465,1
376487,0
6328236,1
1359702,0
8336855,0
3837533,0
1756081,0
8068433,0
6998951,0
178010,0
5371004,0
3147428,0
8444448,1
2526104,0
1982891,1
5352535,1
4150715,0
7627154,0
5316135,1
978815,0
8088808,1
8873742,0
5607065,1
5352510,0
2047112,0
3739413,0
6803210,0
7825557,0
834800,0
7123707,0
8727843,0
3328923,0
1872183,0
955725,0
4883054,0
5387835,1
8348438,1
8988655,0
3295818,0
6491861,0
765317,0
210120,1
6985722,0
6506376,0
213120,1
6349436,1
1960691,1
4011600,0
6937396,1
2269714,0
7313137,1
882584,0
4889884,1
8893776,0
1233521,0
7199917,1
3211123,1
3047403,1
6180884,0
8060608,1
1100011,1
7952989,0
3151513,1
3166831,0
3953299,0
8480211,0
3120867,0
1704353,0
3888952,0
3019882,0
2545472,0
8814318,0
4758276,0
4215124,1
6396364,0
3017462,0
242576,0
2863207,0
7329432,0
680027,0
2883882,1
5925295,1
6135316,1
5849485,1
8870567,0
7007304,0
1468096,0
6880610,0
842893,0
7227227,1
6982896,1
9928647,0
1219280,0
1363631,1
9889889,1
808104,0
2582855,0
3597349,0
8954067,0
3104747,0
4362634,1
9583356,0
281355,0
2441474,0
756087,0
1011424,0
6391936,1
310880,0
4225224,1
8043661,0
1314514,0
5891723,0
9175719,1
4977794,1
6670937,0
8450551,0
4717710,0
756274,0
2623262,1
3448901,0
6660709,0
5376573,0
5096905,1
3549453,1
4064604,1
3642649,0
2455442,0
2435342,1
6478746,1
204979,0
7410147,1
9191223,0
7807912,0
6040939,0
9481849,1
3107755,0
6200196,0
7615976,0
7172276,0
8138369,0
4220214,0
6626266,1
2945715,0
9331830,0
5218125,1
7808233,0
5059505,1
1008988,0
4634308,0
7924297,1
9161619,1
2138513,0
7606593,0
4044639,0
712200,0
4988152,0
9226680,0
2905251,0
6967529,0
3867921,0
5199929,0
668584,0
6418146,1
2443442,1
9525324,0
259050,0
6297641,0
4054504,1
2061500,0
7246427,1
1091481,0
3123982,0
4785188,0
7284034,0
104950,0
6190232,0
2108012,1
6152399,0
4831821,0
1040401,1
2075683,0
5103669,0
4369924,0
7224227,1
7242908,0
4785018,0
377148,0
5796975,1
8422957,0
4015104,1
9503138,0
5784254,0
437340,1
8880888,1
7061878,0
3961693,1
8252311,0
3165742,0
930310,0
6784884,0
9000194,0
8100467,0
6700390,0
6731422,0
5654319,0
3026203,1
9356980,0
6638775,0
956521,0
3975493,0
2517152,1
1821407,0
6618166,1
727532,0
7722315,0
2173712,1
8977450,0
1748471,1
7745618,0
4811184,1
5059806,0
6519156,1
764746,0
1606061,1
3480843,1
743204,0
5875232,0
1188332,0
7559527,0
3980393,0
608944,0
919769,0
3967451,0
6823224,0
2127212,1
2473328,0
9325343,0
7468647,1
6468888,0
7416202,0
1075272,0
2490074,0
5421245,1
7438344,0
5575345,0
7888838,0
350364,0
8246372,0
7547168,0
274542,0
6881695,0
7908281,0
6300354,0
3267945,0
2093902,1
4254315,0
1974560,0
7549860,0
7035307,1
3680675,0
4443270,0
2897641,0
6845899,0
2128472,0
9692927,0
1652486,0
9809089,1
4646211,0
4942494,1
7479577,0
5570755,1
2905744,0
1247421,1
6259820,0
8051111,0
1091901,1
957644,0
6961696,1
5973795,1
8912198,1
4185814,1
4317323,0
6673688,0
1371731,1
3391933,1
7144997,0
1892084,0
774926,0
2593916,0
7161607,0
5626747,0
2164001,0
9904432,0
7465965,0
3759295,0
5401045,1
7102729,0
4251221,0
7809237,0
9558559,1
8163704,0
988611,0
6383013,0
6364636,1
8800276,0
9428525,0
7296640,0
5516155,1
2906163,0
2028495,0
5543522,0
3014654,0
4856584,1
2239517,0
3500276,0
1155511,1
4433897,0
7466448,0
4911757,0
7247335,0
644460,1
1804081,1
2716863,0
8564267,0
5612822,0
1846567,0
7191917,1
4991748,0
4817547,0
8918325,0
3484083,0
6571664,0
5878707,0
7094910,0
4261624,1
1563212,0
527250,1
1362065,0
6894986,1
7721277,1
7196472,0
2525083,0
9139049,0
8358383,0
2050873,0
5027816,0
3103493,0
8717178,1
2690237,0
8412339,0
9938160,0
9366252,0
6911388,0
9233329,1
6333634,0
1388512,0
5840890,0
4671764,1
332330,1
8913450,0
1291421,0
7680941,0
1147411,1
4077999,0
1610161,1
7337337,1
7802708,0
1595951,1
2632567,0
3269625,0
1538825,0
8570596,0
5220986,0
5715633,0
6111116,1
9608797,0
4650564,1
3035303,1
550550,1
3701960,0
295420,0
5605334,0
1209021,1
1997943,0
9725974,0
9581859,1
5852623,0
4558554,1
8377738,1
28572,0
9137133,0
7005438,0
601060,1
5084805,1
451822,0
7103017,1
7177769,0
6650959,0
3371386,0
4661407,0
6897982,0
7113701,0
8816393,0
5832893,0
9518933,0
7403639,0
9315304,0
5964018,0
367767,0
8874982,0
957590,1
6141870,0
9009534,0
2762176,0
1541451,1
2577752,1
3538353,1
9567403,0
4492144,0
1926304,0
4501054,1
5808706,0
9762824,0
4095794,0
9624881,0
6159516,1
7343311,0
5397310,0
5045405,1
1574751,1
6636164,0
329826,0
1201473,0
229297,0
9817963,0
4366426,0
3446570,0
9299094,0
1712394,0
1126767,0
570221,0
8941246,0
8160280,0
7121217,1
1614161,1
3326233,1
7957597,1
4112785,0
3637294,0
5763718,0
5433345,1
8365771,0
7977394,0
606060,1
2218122,1
1666752,0
3263623,1
2048267,0
6058494,0
6795976,1
3936523,0
8358538,1
2084248,0
458029,0
5960864,0
2315112,0
6459910,0
8526569,0
7254527,1
5870890,0
6013692,0
8306191,0
3834383,1
9340536,0
709540,0
3251029,0
7275156,0
8859117,0
3702037,0
4611042,0
7877787,1
8947498,1
9217214,0
9058858,0
1623261,1
5820285,1
3723845,0
4228607,0
5587628,0
6296043,0
4562654,1
8716222,0
9245429,1
8689668,0
8614061,0
4440454,0
4603225,0
286564,0
6314161,0
6208145,0
7307610,0
2129212,1
9503872,0
7160968,0
9152519,1
3137313,1
3021451,0
6896059,0
1469641,1
8737378,1
6445109,0
7178652,0
4279254,0
4852775,0
3592953,1
6880013,0
7035160,0
4810510,0
7447868,0
9177719,1
3898989,0
8015878,0
8867688,1
8451533,0
2214537,0
2391314,0
2716781,0
5008005,1
1267575,0
4040178,0
548747,0
2381122,0
2498942,1
1183123,0
8772778,1
4203024,1
4522624,0
1567966,0
4454292,0
5205025,1
5650662,0
3826283,1
3754319,0
1382632,0
8984898,1
7893987,1
5585907,0
5867734,0
5179376,0
9240894,0
52883,0
5875785,1
3715173,1
3968896,0
9228399,0
92107,0
8152235,0
6331336,1
1041401,1
7981897,1
2891982,1
489120,0
1012898,0
8228228,1
3055023,0
9405977,0
5803369,0
4193414,0
5323128,0
1472178,0
2462807,0
6066934,0
75070,0
6249250,0
8619225,0
7424985,0
9857589,1
8865774,0
7591020,0
6476931,0
2130969,0
819893,0
7917197,1
3704227,0
9458643,0
5381835,1
2936916,0
5224225,1
7578174,0
6678435,0
5501478,0
7000007,1
7784094,0
9964988,0
6159927,0
7392937,1
2368563,0
436705,0
2947715,0
4026781,0
3945393,0
1596598,0
847398,0
7998997,1
8563658,1
7713177,1
8037470,0
1952695,0
7601067,1
3974140,0
4127190,0
2443060,0
4625843,0
8839773,0
3810237,0
452626,0
2773222,0
4170714,1
5542598,0
2320,0
5482630,0
2102934,0
7369637,1
1653759,0
6699903,0
593511,0
2124212,1
8422248,1
1422241,1
5888188,0
9622801,0
1471561,0
5878785,1
6783465,0
8700749,0
23068,0
3980893,1
3008003,1
4636314,0
2605062,1
362367,0
4297721,0
1020044,0
1782958,0
6117472,0
1283234,0
45092,0
857580,1
6815106,0
6755531,0
2285822,1
9442813,0
3523041,0
2601338,0
1423707,0
7721366,0
6341588,0
9672893,0
4963191,0
4533354,1
4895984,1
4932783,0
637761,0
9607089,0
2899982,1
3337333,1
5412199,0
4415979,0
5467454,0
2841482,1
8763678,1
1851421,0
6858174,0
5485326,0
6178716,1
9541924,0
5554643,0
4703073,0
3508053,1
7649467,1
4862459,0
4788874,1
1609696,0
875916,0
7964697,1
5443434,0
6190664,0
3574188,0
2799972,1
6220356,0
3951593,1
4686864,1
4187814,1
9234482,0
3163613,1
435483,0
426411,0
1598908,0
3319133,1
4974668,0
9075709,1
516159,0
2601709,0
5198915,1
3201685,0
1625261,1
63839,0
1112111,1
1361483,0
158759,0
9457549,1
8893375,0
9716660,0
5676765,1
3676763,1
6929296,1
9494949,1
7963711,0
4568249,0
6220963,0
945446,0
2915192,1
7201464,0
77541,0
9133943,0
5346435,1
6474746,1
7006224,0
6656071,0
8417148,1
29200,1
9781879,1
4184814,1
6812186,1
5473301,0
7921322,0
3819995,0
1203021,1
407040,1
3389833,1
3403043,1
3689340,0
711170,1
3551553,1
587763,0
6970032,0
9240597,0
8226228,1
6607066,1
9295456,0
7335337,1
8761086,0
1440521,0
8205085,0
3198479,0
4235324,1
4152514,1
6987330,0
5599919,0
6558572,0
6809716,0
385093,0
2125461,0
7412147,1
813180,1
8150251,0
3021203,1
3758188,0
7268755,0
5080544,0
8146393,0
3940326,0
4029507,0
7112515,0
7627267,1
9171319,0
5476782,0
2987290,0
4422259,0
1067372,0
8363054,0
6701970,0
5155687,0
8488648,0
8639620,0
4546081,0
2807092,0
9862159,0
4574754,1
4875812,0
965690,1
502332,0
2309959,0
3341214,0
4446622,0
5108015,1
8588858,1
7092907,1
578263,0
2688892,0
6378114,0
5458878,0
9482796,0
9611721,0
2942708,0
3214123,1
6574610,0
9763122,0
7051465,0
8874788,1
4633136,0
4868270,0
6628266,1
6098804,0
7155356,0
7288209,0
6482940,0
3055503,1
1715359,0
7267899,0
9832389,1
2326367,0
4377267,0
8066658,0
9767679,1
6461813,0
1173711,1
4108706,0
8625287,0
5002005,1
8353549,0
115131,0
1430036,0
5960259,0
2983892,1
526250,1
6570756,1
3729700,0
5691616,0
9208029,1
2438845,0
5281629,0
950431,0
9455009,0
6821009,0
3405043,1
8757267,0
9767905,0
2462367,0
5047767,0
6950596,1
1733371,1
3411449,0
4891723,0
1225479,0
8032013,0
1880382,0
7977698,0
7340437,1
272804,0
3111372,0
6637969,0
6596131,0
4304034,1
899050,0
8546640,0
1817181,1
3655501,0
9833849,0
2584841,0
6719826,0
1527269,0
593743,0
6892837,0
6287826,1
387830,1
221010,0
1626289,0
8346726,0
6594956,1
3522314,0
5996353,0
3715879,0
2930676,0
7691768,0
6983898,0
4845484,1
6071870,0
861445,0
4869684,1
3988893,1
9092909,1
2099156,0
3156911,0
8144042,0
4668116,0
7944328,0
1519483,0
2679762,1
1334937,0
9271729,1
2590930,0
6740236,0
5988129,0
9645726,0
8147724,0
1522942,0
9148419,1
6162138,0
8488432,0
2029202,1
7365637,1
2106874,0
1303031,1
2940492,1
1464641,1
8053906,0
4000592,0
9279128,0
7723063,0
5336485,0
440440,1
7547751,0
890302,0
4318497,0
3217689,0
3326386,0
8206480,0
4537669,0
6042406,1
1320373,0
9072521,0
7257171,0
1352531,1
2912930,0
5375325,0
6796976,1
666308,0
7112876,0
2498712,0
7577940,0
8532073,0
1137823,0
805693,0
2515152,1
5535355,1
7688786,0
970790,1
2262622,1
5512063,0
5432345,1
6395960,0
4385834,1
7395306,0
4450819,0
6070547,0
1874083,0
6066606,1
5768779,0
1116309,0
8733012,0
6934033,0
1307021,0
1168635,0
9986899,1
3843246,0
3368150,0
6429315,0
3334333,1
5121839,0
5699965,1
9823289,1
414799,0
7310489,0
607060,1
3741887,0
1723220,0
4498105,0
2445322,0
2653920,0
8117432,0
7606427,0
6032625,0
727511,0
3784056,0
5291925,1
5727170,0
8025420,0
3185654,0
5429376,0
2374732,1
2474953,0
365012,0
794045,0
8190797,0
9348412,0
2817004,0
4138314,1
7435588,0
3225023,0
7285827,1
869683,0
3983342,0
3895968,0
788870,1
6301091,0
7972263,0
9605363,0
7979030,0
7249427,1
2035897,0
9811646,0
9636369,1
4888884,1
9683161,0
7799302,0
7167395,0
2499167,0
2663662,1
9951599,1
9055509,1
4265502,0
4700243,0
5033445,0
8074336,0
3893794,0
5261625,1
3767006,0
7845438,0
9863891,0
699075,0
1164577,0
9923792,0
5694965,1
8831411,0
4302946,0
3319450,0
9921718,0
7299088,0
3386966,0
4949928,0
9865683,0
7445778,0
9243746,0
6588646,0
4150514,1
1776771,1
4130314,1
1456409,0
9165923,0
774770,1
7059056,0
7914197,1
7846487,1
8359784,0
723749,0
2574752,1
3429966,0
7471325,0
269370,0
2557239,0
6732376,1
2437342,1
634360,1
7740477,1
706363,0
9479427,0
4015861,0
8630293,0
814180,1
7455422,0
9874789,1
4865775,0
9539249,0
7844750,0
3899983,1
3122745,0
7604801,0
8304348,0
101010,1
2385633,0
1234321,1
2264622,1
2684202,0
9676168,0
2111112,1
3935393,1
1007364,0
5528842,0
4998994,1
5541455,1
2040226,0
3663827,0
594339,0
8055508,1
2367632,1
8284828,1
5154515,1
6404023,0
8171718,1
5108533,0
6955076,0
5349311,0
4684025,0
1499203,0
1710250,0
3710950,0
5468237,0
2695781,0
192473,0
5692232,0
2498372,0
1159133,0
8886777,0
6625858,0
384534,0
3050833,0
3206553,0
5245425,1
5238142,0
7500057,1
3848483,1
1943277,0
7900617,0
503050,1
7076690,0
9738822,0
8567628,0
6435621,0
3192913,1
299259,0
5568665,0
6424230,0
2660961,0
4034251,0
7029044,0
2441355,0
8574758,1
592493,0
4379743,0
781292,0
1910951,0
6784381,0
832380,1
5314135,1
1402041,1
5296718,0
2013184,0
5534452,0
6933836,0
8622268,1
4007854,0
580372,0
2185445,0
9255174,0
2927292,1
839074,0
4294461,0
1559290,0
1913191,1
4999029,0
2444981,0
5596278,0
6786948,0
9603972,0
3082079,0
1933980,0
7756870,0
6209176,0
7854653,0
3141814,0
1690270,0
5132409,0
3795349,0
7275227,0
7231553,0
6566656,1
4229383,0
9778331,0
3974379,0
2959592,1
4039304,1
8507916,0
8255686,0
5216198,0
4840302,0
6579416,0
7469542,0
2531599,0
1063074,0
8735665,0
5930034,0
138987,0
2326232,1
9022004,0
1538351,1
9765480,0
2376732,1
8599978,0
4236709,0
9921299,1
950850,0
2704568,0
6252526,1
79700,1
454626,0
5550555,1
3411161,0
1860006,0
4489267,0
817180,0
2453663,0
2876315,0
3287511,0
4176065,0
8812188,1
8983711,0
1870605,0
543450,1
1557217,0
730849,0
2860224,0
8346106,0
902508,0
269900,0
2800082,1
1483434,0
8970761,0
5263625,1
7032078,0
6555378,0
9325239,1
9938135,0
1011101,1
2192771,0
9774281,0
6512130,0
4275724,1
6587684,0
9816189,1
9195381,0
4057504,1
1177711,1
1335186,0
6769629,0
856580,1
8287736,0
1762711,0
5706001,0
2851463,0
8748478,1
9705789,0
1165081,0
6486950,0
5010482,0
7833370,0
3759387,0
469907,0
5995312,0
908483,0
9651086,0
4499944,1
3343656,0
411611,0
8489319,0
8369114,0
360630,1
2234075,0
6075706,1
8809905,0
874702,0
1416141,1
209020,1
6511156,1
5533033,0
2839288,0
4078704,1
1490982,0
4425585,0
2946606,0
801116,0
2107250,0
7891549,0
5052025,0
2883576,0
2891102,0
994493,0
1774286,0
1193092,0
2942915,0
7354953,0
9888252,0
6727276,1
7548215,0
2064602,1
7266627,1
3365633,1
5063050,0
9328239,1
5021397,0
5773870,0
3734804,0
1834963,0
9545692,0
9917842,0
6523869,0
8332338,1
1251521,1
9647603,0
7683160,0
1972791,1
7868646,0
9579677,0
9325093,0
8724905,0
604551,0
6376365,0
3708389,0
2336993,0
3589853,1
6660666,1
9107049,0
3406043,1
8490948,1
9292705,0
6235868,0
9303847,0
3512234,0
8896297,0
5669811,0
1937589,0
5061605,1
3528179,0
6068854,0
9849489,1
3570753,1
6915531,0
9923244,0
7196678,0
4844774,0
759570,1
6558755,0
2420242,1
5939070,0
1725602,0
603032,0
6648466,1
1384694,0
6933990,0
4705995,0
8346070,0
2835686,0
1170013,0
3345516,0
7869382,0
3727820,0
1270946,0
9014366,0
1494648,0
9448183,0
3662003,0
6634366,1
3183097,0
6083490,0
1487602,0
1636428,0
7966116,0
7164617,1
8592958,1
9710334,0
3798895,0
8989610,0
8632759,0
2516152,1
2993948,0
8495663,0
6172716,1
1874781,1
6472191,0
3557733,0
7706793,0
7359019,0
5674362,0
6814618,0
6870077,0
8573082,0
7499396,0
544594,0
8948891,0
7334203,0
6444585,0
2500454,0
9962821,0
2327516,0
2229222,1
1137311,1
1442520,0
1783153,0
4721274,1
6101118,0
1671042,0
3775674,0
8420504,0
9931890,0
5922668,0
8311169,0
9046073,0
8433348,1
4611937,0
7387355,0
1459185,0
2385003,0
3840081,0
5915706,0
9210129,1
8447460,0
2238402,0
2690106,0
2168262,0
2657039,0
4005228,0
1457541,1
854763,0
7655,0
8882574,0
5989335,0
4047257,0
5362831,0
4808084,1
8669559,0
9269629,1
3763624,0
1723205,0
8278728,1
2004292,0
3449184,0
7484112,0
4867684,1
7460301,0
5553580,0
2805156,0
7646467,1
9061863,0
2323232,1
8296591,0
8212053,0
6577939,0
913190,1
7433007,0
7779777,1
3573430,0
66275,0
1118262,0
9438715,0
1411534,0
5216965,0
868908,0
3321678,0
4216596,0
3753573,1
8931310,0
792690,0
7150517,1
923290,1
8042812,0
5502055,1
6213126,1
4671168,0
7225107,0
4110114,1
5385835,1
1110343,0
8937720,0
9700079,1
7615023,0
7939510,0
8682845,0
6737867,0
9258879,0
2926274,0
9200029,1
8017525,0
353499,0
7348916,0
4503222,0
5102343,0
369105,0
5624940,0
9538007,0
8415941,0
6247426,1
3943982,0
1016262,0
4053504,1
4667439,0
5181341,0
7466647,1
6918196,1
5198106,0
8587314,0
1704288,0
9034450,0
9218945,0
1861914,0
2214044,0
1790971,1
169219,0
8714178,1
6467489,0
3430343,1
3332682,0
4209391,0
1508476,0
3645068,0
4535295,0
4919194,1
1967691,1
2638362,1
6404515,0
9370503,0
2446442,1
5029205,1
82800,1
3301033,1
3793097,0
8221228,1
2257690,0
4703483,0
4487095,0
4420302,0
5301990,0
9041409,1
9620269,1
588850,1
3039463,0
8839942,0
1850581,1
7800160,0
8743478,1
8360472,0
9190919,1
883880,1
670847,0
8827559,0
9053142,0
9120755,0
2556004,0
1585851,1
7098251,0
6719688,0
6279089,0
879037,0
7458419,0
7930493,0
7615550,0
9610529,0
7746224,0
4217962,0
9001887,0
3110113,1
1785926,0
5569972,0
168444,0
2797342,0
2041496,0
6250814,0
1625069,0
2101012,1
2661036,0
3865491,0
6602465,0
552203,0
4090562,0
1645271,0
8630368,1
4324342,0
9030291,0
5217125,1
1246608,0
2530140,0
47658,0
378730,1
4072819,0
8157248,0
9572759,1
7022207,1
1131325,0
3419252,0
1690043,0
1813181,1
5739311,0
5660665,1
6854586,1
5602215,0
6259059,0
8571758,1
6283386,0
3998629,0
8443448,1
5485330,0
9359008,0
9964459,0
2210611,0
3720273,1
4293595,0
329200,0
8452548,1
5976795,1
8891988,1
3414459,0
9064427,0
31937,0
3728273,1
7185923,0
1247,0
3959593,1
7118492,0
1445708,0
6910672,0
7630660,0
8174648,0
3764639,0
675893,0
124985,0
7326009,0
4636364,1
2616500,0
632467,0
7042993,0
6213068,0
7560832,0
366288,0
8879788,1
903715,0
3896879,0
2893534,0
1651746,0
6833742,0
18513,0
8976779,0
7248991,0
3126021,0
7672592,0
5907611,0
9689869,1
8554895,0
6156378,0
3425269,0
5264842,0
6236731,0
642460,1
2957782,0
4905591,0
1827281,1
5551555,1
9886889,1
1065047,0
2989892,1
3735373,1
2859508,0
8771011,0
6279507,0
9625269,1
6343436,1
9983617,0
9260976,0
3340980,0
2303685,0
2750572,1
3426236,0
3038004,0
9468047,0
3814183,1
772189,0
1652699,0
290936,0
586850,1
6214665,0
976163,0
4038304,1
3003493,0
1996964,0
8230135,0
3687432,0
4247141,0
7678916,0
7376883,0
4244833,0
6791976,1
7347145,0
1624066,0
8527838,0
3342496,0
8297928,1
6270758,0
7602067,1
3934429,0
6788343,0
6373204,0
9964699,1
6699408,0
7224120,0
422746,0
4939760,0
5334362,0
4577754,1
1820984,0
9758488,0
1067249,0
2572763,0
9609357,0
4398727,0
1251139,0
7580787,0
5915483,0
1575751,1
9513758,0
1118540,0
7540457,1
7939114,0
1186006,0
9311262,0
3369633,1
9815201,0
7973797,1
6649044,0
160610,1
8390875,0
8508058,1
2259193,0
1058501,1
8238328,1
3353415,0
9799904,0
2126765,0
7629267,1
7038831,0
114577,0
4619201,0
3288823,1
6127953,0
4506966,0
1905769,0
3937555,0
4357004,0
3765771,0
755682,0
9280829,1
815180,1
1330009,0
5822285,1
4675898,0
6311759,0
5288701,0
5316272,0
507249,0
4996994,1
6439065,0
7807004,0
968762,0
168610,1
6156940,0
4767753,0
7234327,1
9506718,0
9076335,0
5238930,0
9743022,0
7513910,0
1781522,0
7127217,1
2304894,0
866350,0
6308104,0
3845554,0
4163980,0
6673220,0
7174251,0
9833427,0
7513224,0
8016088,0
8259528,1
5182815,1
2414477,0
1646249,0
3846149,0
9108691,0
9047126,0
5975307,0
524581,0
8191133,0
4678686,0
7515445,0
4169636,0
4282474,0
9124219,1
7167437,0
4330334,1
645460,1
9930399,1
4933394,1
6443446,1
3496131,0
8544639,0
9864227,0
742470,1
5312135,1
9520446,0
2281049,0
2940622,0
4230398,0
6463646,1
4719649,0
7597262,0
5207025,1
7807143,0
76679,0
5689490,0
652560,1
1263168,0
9619169,1
3719459,0
5549455,1
3870634,0
663032,0
7338933,0
9833692,0
295920,1
9540685,0
4173036,0
4203808,0
4373734,1
247142,0
2544159,0
4026204,1
957705,0
8355113,0
9094438,0
4852373,0
904810,0
884880,1
5048995,0
2518152,1
1875142,0
9686795,0
1897619,0
3174193,0
8233566,0
5686569,0
4604064,1
834598,0
2658229,0
1838789,0
2086802,1
7556557,1
7217264,0
2705072,1
8951124,0
5036836,0
9478083,0
144661,0
732807,0
7372737,1
3599953,1
267620,1
7208139,0
6370662,0
461904,0
9941265,0
7705383,0
9699643,0
2093733,0
9382487,0
3582853,1
2526252,1
6125842,0
1175671,0
2901780,0
3483347,0
8064193,0
6277726,1
7815187,1
6101016,1
8220796,0
9933114,0
1012101,1
4975434,0
9095909,1
5641003,0
2883378,0
8597478,0
869680,1
9194183,0
7243678,0
1916318,0
2585852,1
5254525,1
91474,0
1743015,0
7711177,1
3990993,1
8207028,1
3851583,1
4840484,1
9432349,1
3231802,0
2323177,0
5937395,1
1322231,1
1401041,1
5212125,1
7768514,0
5981895,1
3133329,0
9673109,0
6962087,0
7421302,0
3163591,0
285820,1
6026955,0
8498174,0
9279729,1
6225034,0
5777567,0
3321243,0
9355942,0
1767671,1
7660599,0
2488322,0
9999999,1
8711178,1
4789010,0
1537351,1
1283552,0
5046405,1
7135459,0
8546458,1
8481457,0
8622557,0
1432341,1
1120385,0
2736936,0
9589835,0
1540660,0
7302037,1
3324793,0
1027745,0
6947472,0
7871323,0
5906095,1
9843491,0
6819179,0
8372738,1
794218,0
1467229,0
7701424,0
8755578,1
5357677,0
6410481,0
5145415,1
9433349,1
1956509,0
7573705,0
8517158,1
9808062,0
8448448,1
3084925,0
4653770,0
9876789,1
8401537,0
7765260,0
5275482,0
7867687,1
873227,0
4273384,0
2289268,0
5632295,0
6371899,0
2914514,0
9275729,1
9629269,1
641174,0
9793130,0
5605065,1
2932235,0
9461649,1
4216626,0
3367162,0
9813279,0
4667664,1
5232369,0
3952197,0
4109014,1
866680,1
8436396,0
1209719,0
8514158,1
9399939,1
796970,1
525374,0
9108019,1
4887702,0
9892813,0
7929297,1
3142596,0
3698963,1
9420934,0
1143744,0
2606062,1
675760,1
8787743,0
2710172,1
5309944,0
7351537,1
1465694,0
1223653,0
9428249,1
7106017,1
632980,0
3775254,0
2217055,0
7028517,0
5817185,1
280109,0
5347866,0
2285614,0
4157514,1
713192,0
8357411,0
4687433,0
9723279,1
4705074,1
926290,1
8725375,0
4013490,0
7306037,1
4963555,0
3781182,0
2679002,0
7769677,1
4997930,0
290900,0
5793454,0
1086937,0
6502884,0
8607094,0
7689867,1
4009493,0
3468576,0
9623292,0
1702594,0
6121852,0
5136315,1
2062291,0
8464648,1
4850472,0
8696968,1
6601066,1
6260136,0
9313139,1
9023561,0
2826543,0
7573393,0
4370253,0
6067412,0
1076870,0
1364631,1
7447879,0
2713154,0
9739060,0
1564810,0
2849537,0
8926298,1
3308033,1
8190918,1
2543836,0
189400,0
5964695,1
7493439,0
9493022,0
5019750,0
7687867,1
6357146,0
3001934,0
3212123,1
4543454,1
9141716,0
3426365,0
9117119,1
1464514,0
4242082,0
1810946,0
3265623,1
3293860,0
7023207,1
9755579,1
8986149,0
1949491,1
2205583,0
1506963,0
1069601,1
3442443,1
8143465,0
7774522,0
6199553,0
9061783,0
1215121,1
2656572,0
3985893,1
159868,0
6437364,0
9891623,0
2102012,1
2384832,1
618248,0
3351533,1
6125216,1
5459543,0
1715171,1
1166611,1
5632845,0
9722234,0
2622621,0
9254780,0
4527042,0
4097574,0
600989,0
9264629,1
9022955,0
3223348,0
493684,0
8841277,0
5925687,0
9322181,0
5590955,1
2409867,0
3904613,0
3334102,0
5492058,0
5873785,1
8449925,0
8567871,0
2794972,1
8390745,0
241704,0
7365607,0
1661661,1
1530220,0
3759587,0
5084247,0
1461641,1
5641465,1
2186812,1
4072474,0
5664665,1
5353535,1
6591877,0
1805652,0
5473600,0
9547442,0
9616169,1
278003,0
8772343,0
9197832,0
2253425,0
2653562,1
758570,1
5220225,1
9177729,0
8388838,1
4919104,0
7118117,1
1388484,0
2127436,0
6111785,0
1830381,1
6317938,0
8285987,0
6294250,0
5392760,0
9415149,1
3745034,0
6914601,0
9759555,0
9727279,1
2390056,0
2680732,0
9308947,0
7025207,1
2976403,0
1995991,1
2733211,0
4334334,1
6200467,0
2825282,1
5590846,0
2159834,0
2084767,0
9836016,0
6341648,0
6517658,0
3698492,0
7766677,1
4710871,0
4103995,0
6948142,0
9672769,1
2909092,1
4734520,0
1375100,0
3494943,1
1342431,1
6105016,1
5527556,0
1771327,0
9385205,0
1975478,0
30872,0
1245421,1
7376668,0
3450543,1
4270980,0
6584267,0
5082729,0
3439036,0
6630861,0
1653111,0
1550551,1
7311654,0
6364808,0
9726279,1
8346205,0
4356293,0
5669665,1
432432,0
886608,0
7691482,0
8277112,0
3066678,0
8534488,0
3068603,1
8691378,0
5707651,0
6052506,1
8306532,0
575738,0
6979432,0
2434254,0
8907657,0
9268403,0
697960,1
9115119,1
7641135,0
8421248,1
757477,0
6679853,0
4837367,0
3832120,0
292082,0
7973672,0
5007254,0
8660249,0
6656754,0
1039301,1
1552859,0
2629735,0
380743,0
1554902,0
2461730,0
5893373,0
3821620,0
5136355,0
7233327,1
3478778,0
4466601,0
1820936,0
3596382,0
5775102,0
4077031,0
5211125,1
8767832,0
2127900,0
9951396,0
472277,0
2966692,1
4290472,0
2306963,0
6115314,0
8142676,0
154918,0
6001586,0
9091909,1
4264176,0
1249623,0
5831385,1
8868999,0
9597646,0
1397931,1
4841484,1
7479747,1
1884956,0
1782871,1
5223442,0
1176711,1
3925293,1
4988894,1
358862,0
7654567,1
1809474,0
9169619,1
5327209,0
6910196,1
8684868,1
186851,0
6925296,1
5983286,0
1693393,0
7381837,1
61600,1
4955634,0
8217128,1
1954593,0
2362479,0
5439345,1
1735976,0
7539357,1
222841,0
1984968,0
9969699,1
4666623,0
3802314,0
6909893,0
8016108,1
9269675,0
9872761,0
5027326,0
5469645,1
7336286,0
9402026,0
8926092,0
3450426,0
3566446,0
3240423,1
8515815,0
4558502,0
1901091,1
1855026,0
2826052,0
8066608,1
8691968,1
7937187,0
7338848,0
351467,0
162461,0
9541561,0
4005445,0
3087803,1
9976643,0
5122851,0
6521581,0
6293440,0
8308864,0
4205246,0
6468531,0
4391998,0
6251957,0
3016718,0
4511096,0
2405450,0
6829288,0
2086934,0
3371337,0
4569192,0
1637405,0
7496047,0
2956214,0
862302,0
6058506,1
2066582,0
3419445,0
9127219,1
6250526,1
3120604,0
4978794,1
3728854,0
4516079,0
5878097,0
2588475,0
4153514,1
8201695,0
5557991,0
4161614,1
6655011,0
1150511,1
4692964,1
3901050,0
3532822,0
1220149,0
6914440,0
8851588,1
9984454,0
7931563,0
6497258,0
8849746,0
8797436,0
6502056,1
4190778,0
3363309,0
407647,0
5732003,0
5427245,1
9116119,1
8447298,0
6812168,0
4192914,1
5303035,1
1698854,0
7963697,1
2579580,0
353014,0
3194913,1
8968989,0
9793775,0
4379326,0
9796319,0
8984201,0
8877433,0
5810185,1
5064605,1
1147075,0
7769448,0
1301615,0
8775791,0
3294920,0
5053505,1
1348441,0
9664669,1
5784673,0
5362635,1
2677762,1
8272780,0
2463642,1
2036705,0
3627325,0
4400044,1
8965410,0
9734572,0
485517,0
2850582,1
5017172,0
7142417,1
2119655,0
3284823,1
6269666,0
7223461,0
4594954,1
6422395,0
8458522,0
5930663,0
1241682,0
8403744,0
2189812,1
1326034,0
9100019,1
3288387,0
2879782,1
6085911,0
6182816,1
3457543,1
5375517,0
3147675,0
4858584,1
6241010,0
2694962,1
9981250,0
7227566,0
2182291,0
3924293,1
5335335,1
6982250,0
3133943,0
2998480,0
1537367,0
3458807,0
7197958,0
8744478,1
6122931,0
8281828,1
810180,1
1360830,0
4267972,0
1429241,1
4678506,0
5696660,0
180013,0
8845488,1
7323976,0
3877447,0
2522256,0
4838384,1
2786647,0
4249340,0
6521256,1
263620,1
8346223,0
2803079,0
5497945,1
1873906,0
4226224,1
3452590,0
6316304,0
6999045,0
9786359,0
8421752,0
7830199,0
7712077,0
9811146,0
2074702,1
545318,0
9771811,0
2296012,0
8181500,0
8551495,0
35484,0
7032307,1
1291023,0
2943236,0
2118843,0
314873,0
3394631,0
3003990,0
484232,0
7576757,1
3135313,1
4853584,1
753628,0
2815221,0
6136316,1
2316132,1
6071706,1
1031301,1
1183811,1
6795099,0
4307627,0
74849,0
3952665,0
5194915,1
7752577,1
6300630,0
1441905,0
4519154,1
6868686,1
2527252,1
1078701,1
1169185,0
6662437,0
6020206,1
1583649,0
1614655,0
5814623,0
8642468,1
4156514,1
5592140,0
6553603,0
476740,1
639360,1
2357704,0
2709412,0
4089850,0
6038306,1
6142416,1
7570218,0
7626763,0
8415687,0
9647607,0
7361379,0
9138319,1
456540,1
1674943,0
7812604,0
8769507,0
105010,1
9670106,0
4041404,1
2060602,1
1574729,0
5269475,0
5857415,0
5090905,1
2624824,0
951123,0
7132620,0
3298906,0
7085807,1
6058167,0
739370,1
7811613,0
8758578,1
9154017,0
3879480,0
8936398,1
1631975,0
1969691,1
1479880,0
4143461,0
2894532,0
4961645,0
8350817,0
8519550,0
648369,0
6501056,1
492940,1
3465572,0
7189841,0
2217837,0
6476746,1
2649365,0
692671,0
7110838,0
4159220,0
6640466,1
8236328,1
5538086,0
3541453,1
2087819,0
7753577,1
7418564,0
4223399,0
535801,0
4901025,0
6200718,0
2596636,0
3302033,1
9762388,0
3650339,0
1234541,0
8024208,1
8744548,0
5277938,0
4455003,0
4365155,0
3602679,0
1555560,0
3845483,1
5762338,0
2319264,0
1257751,0
653560,1
7350537,1
2341151,0
2232714,0
8181059,0
8856386,0
8430992,0
7010107,1
2489102,0
191197,0
2342212,0
9533970,0
4839384,1
2534206,0
7985839,0
4961321,0
9410149,1
2612162,1
9281101,0
4368047,0
3294803,0
6405575,0
4018784,0
3434814,0
6928451,0
6051687,0
514150,1
8399188,0
7002776,0
208822,0
9785879,1
7908097,1
2552498,0
3000003,1
8257164,0
5952595,1
5762675,1
1479327,0
3292923,1
1362631,1
475740,1
4970266,0
1321272,0
5378166,0
3465301,0
9093294,0
3663012,0
9013109,1
324230,1
5268796,0
1290982,0
2134716,0
7251220,0
1321762,0
457030,0
44125,0
5191915,1
5431345,1
6387791,0
233666,0
5299925,1
8306038,1
8741478,1
7060607,1
4789038,0
7836387,1
981890,1
182845,0
9888106,0
4076704,1
7346437,1
7790977,1
1227660,0
87370,0
3656237,0
3945493,1
9895989,1
6538674,0
7857587,1
1881762,0
432024,0
3458449,0
2438342,1
8447915,0
4264698,0
4467480,0
8966260,0
557599,0
7132927,0
5037017,0
8374571,0
8905203,0
4032217,0
4403543,0
696600,0
1181811,1
2115284,0
3219117,0
1297391,0
1525361,0
9694549,0
7479117,0
7736377,1
7579108,0
9883865,0
3962332,0
5402062,0
6316136,1
3678763,1
9741840,0
9642923,0
522250,1
4249423,0
6878264,0
128538,0
8586596,0
3396952,0
4467256,0
5339335,1
2529546,0
3514719,0
5245265,0
7120109,0
7156517,1
7907097,1
4934542,0
9003502,0
2020202,1
1496941,1
2882406,0
2836061,0
3033303,1
2010102,1
4421404,0
3638363,1
2252522,1
4887884,1
4627244,0
3955593,1
2756358,0
7220619,0
6264626,1
2096339,0
5851281,0
6059295,0
9567132,0
243420,1
9545390,0
1642461,1
8605526,0
8656543,0
3142472,0
6604066,1
4240873,0
4835384,1
8583858,1
9717179,1
224220,1
908090,1
2989886,0
3404101,0
8769219,0
5838164,0
5405227,0
2601666,0
5156515,1
9133212,0
2727831,0
2326366,0
1347431,1
7184817,1
6642042,0
5067404,0
7178301,0
4886146,0
8152518,1
2441442,1
977790,1
3993233,0
4107511,0
9761139,0
9674537,0
6297459,0
7968162,0
4878300,0
1213202,0
1596923,0
2226222,1
93559,0
509147,0
9082809,1
6900703,0
4728274,1
8706078,1
3508181,0
7296734,0
631847,0
1408403,0
162590,0
6748555,0
4502054,1
7225418,0
951121,0
3907208,0
3422822,0
9919815,0
2451542,1
9106908,0
2804082,1
9136319,1
2533352,1
3813130,0
904674,0
217035,0
4210694,0
7260184,0
6701178,0
261294,0
5352385,0
505066,0
7881619,0
8576382,0
5765675,1
2733180,0
3763626,0
4486844,1
119110,1
6631225,0
705070,1
5980895,1
999600,0
6474549,0
2818150,0
132782,0
8987898,1
2393037,0
4483291,0
2955592,1
1770048,0
1180287,0
8129494,0
4046594,0
115309,0
5170715,1
2895580,0
9592130,0
4550196,0
7817197,0
9997501,0
7216935,0
9661822,0
8413233,0
7864914,0
1221064,0
4945803,0
1826242,0
2254522,1
5602953,0
1842481,1
6824886,0
5358289,0
381665,0
7562657,1
1146262,0
690919,0
6536418,0
6072993,0
2713146,0
9395939,1
983630,0
9570146,0
7622515,0
8949498,1
2405042,1
6855360,0
9554242,0
5679765,1
5816185,1
6634078,0
801950,0
1448494,0
7925297,1
3979006,0
4139252,0
6889564,0
5884885,1
4127156,0
1492134,0
528006,0
4317134,1
9648469,1
9416423,0
3061603,1
72700,1
8201579,0
7114843,0
9675984,0
5004005,1
3101765,0
721594,0
1567086,0
2759590,0
3305692,0
7061463,0
4444497,0
4636971,0
9348439,1
2777050,0
7500871,0
995990,1
4323981,0
7666513,0
9488849,1
6271726,1
9429052,0
4098986,0
8988898,1
6490946,1
4210124,1
1500804,0
4017104,1
8321278,0
1172266,0
6779776,1
8966698,1
9382839,1
6799483,0
684860,1
6164616,1
1404600,0
3225161,0
3974568,0
4734137,0
3344825,0
7980492,0
5317135,1
368629,0
1160611,1
42268,0
5326085,0
3133313,1
167086,0
1272107,0
6523607,0
2258767,0
511326,0
2452214,0
7057725,0
3915430,0
1380831,1
1220477,0
3989128,0
6789875,0
1463641,1
7890987,1
3626263,1
5965695,1
2844374,0
9502043,0
5811185,1
1172623,0
872188,0
1729311,0
6881886,1
2902709,0
530998,0
7203027,1
3682955,0
2929081,0
4982507,0
4358420,0
2464555,0
9329591,0
5368635,1
5666332,0
3268231,0
2454318,0
1761671,1
8818487,0
4799812,0
3247448,0
3046229,0
7570180,0
6552049,0
8085612,0
8083559,0
4105247,0
226430,0
3510153,1
5202023,0
5760675,1
1478917,0
1454042,0
2691026,0
1262842,0
8762,0
9408356,0
6911196,1
4683186,0
1559468,0
2765672,1
4576839,0
9298929,1
6697966,1
7613671,0
5351535,1
690340,0
7736896,0
916665,0
5645538,0
240420,1
3846525,0
6841264,0
4577253,0
7689143,0
6410835,0
9546051,0
7089395,0
3994993,1
5696965,1
9352539,1
3490943,1
8134502,0
8319138,1
233713,0
9305915,0
2017652,0
2571757,0
31558,0
2366632,1
4617967,0
6650043,0
6847570,0
5446445,1
418281,0
3543557,0
3669601,0
8446448,1
8681868,1
1443074,0
3673763,1
3677924,0
8230785,0
5241948,0
6902576,0
9088082,0
1965059,0
4691810,0
2302098,0
9930867,0
6467646,1
893980,1
8528567,0
1438238,0
5322753,0
9216112,0
5790014,0
1842620,0
4933076,0
8726278,1
8828288,1
74700,1
1457454,0
6665666,1
4577926,0
1527251,1
1539163,0
9414086,0
4908608,0
8550708,0
7956597,1
2672762,1
295430,0
7489924,0
7565657,1
9760679,1
5053034,0
8421379,0
8820288,1
4926885,0
2183812,1
4972619,0
2528350,0
9486182,0
5669587,0
4218124,1
7935397,1
862954,0
5218440,0
1812479,0
526083,0
442440,1
6958394,0
1905091,1
1314436,0
5104628,0
5795015,0
8768678,1
3787519,0
1174208,0
3345521,0
7446931,0
1524760,0
9266629,1
7844717,0
194910,1
1670885,0
8836542,0
1549229,0
1165201,0
9448449,1
6669666,1
5684689,0
7322401,0
986961,0
7801656,0
4547454,1
993272,0
9645653,0
6094351,0
3701164,0
7778777,1
4542602,0
4169614,1
3688241,0
2061602,1
270720,1
6816510,0
5749185,0
1055501,1
7277245,0
4711789,0
7567657,1
1373772,0
1680028,0
2537265,0
9268558,0
4426244,1
9056509,1
4897886,0
6399936,1
115709,0
7828287,1
2910618,0
1962353,0
1663856,0
7994509,0
1422863,0
7278026,0
1103421,0
8784878,1
680860,1
4136314,1
757867,0
5222630,0
3230323,1
1567972,0
8299290,0
3992533,0
7944898,0
1231669,0
4831626,0
7542816,0
9147419,1
3192309,0
1111111,1
7165964,0
7552029,0
175271,0
599178,0
5963453,0
5531355,1
5865741,0
7428247,1
6440432,0
566650,1
2579143,0
7048407,1
5872393,0
5248392,0
2283264,0
3344466,0
2411142,1
4595604,0
9758228,0
2526017,0
1480841,1
1297921,1
5939817,0
9011020,0
1327231,1
323789,0
6878681,0
3554074,0
2478742,1
8169664,0
7272727,1
7826287,1
4761777,0
6058504,0
4870938,0
7626499,0
3352751,0
5971968,0
1754371,0
7859852,0
650210,0
3822283,1
8473640,0
441169,0
8205028,1
925911,0
3934320,0
1308882,0
6537032,0
6784281,0
257520,1
4531553,0
8981898,1
355255,0
1451541,1
2120981,0
4200397,0
5941495,1
7992997,1
314130,1
5130596,0
4409994,0
355625,0
5792016,0
7667674,0
1332587,0
197910,1
7300495,0
999982,0
4602914,0
5614165,1
3745696,0
4906054,0
9249429,1
6893086,0
2035302,1
3064683,0
85717,0
2714172,1
4443444,1
1666721,0
4953594,1
9165618,0
9180946,0
5794595,0
2290203,0
6177641,0
6327304,0
8789878,1
6984501,0
2851789,0
260510,0
9562443,0
6658566,1
5267090,0
3659670,0
932004,0
8369088,0
7830448,0
7036307,1
5726275,1
8647823,0
3583749,0
8159741,0
5580609,0
1718858,0
4436152,0
3066556,0
8468932,0
3812712,0
6295636,0
4337212,0
2452024,0
1431347,0
8517053,0
8369118,0
3531382,0
5920295,1
2047730,0
1110552,0
9233757,0
8856186,0
6995360,0
3188067,0
6934396,1
1430341,1
4338357,0
9593422,0
2821282,1
4703074,1
4171714,1
7328237,1
8048408,1
4437015,0
4490944,1
5612329,0
9300400,0
7781281,0
6170716,1
7017893,0
1171407,0
9380941,0
4977,0
4027496,0
6399300,0
1084801,1
8166605,0
1272484,0
4707620,0
8492948,1
6028206,1
663507,0
9322443,0
5293660,0
7968697,1
9076709,1
7140925,0
3840264,0
1963691,1
7865028,0
1927080,0
6552164,0
5525850,0
5005506,0
4025204,1
8574994,0
715851,0
4038045,0
6436468,0
6696732,0
3609899,0
7920236,0
1930391,1
5595252,0
7215349,0
2953338,0
5747475,1
8206028,1
9442425,0
6266626,1
1456157,0
2684242,0
9358539,1
7849158,0
8624372,0
2569652,1
9680654,0
6528256,1
6279726,1
55540,0
3921760,0
7486499,0
5436500,0
7182817,1
4102014,1
1718171,1
234320,1
424657,0
4186155,0
8043976,0
6670182,0
4856206,0
6014681,0
8016877,0
6751340,0
9022347,0
4786874,1
25200,1
38300,1
5315376,0
1958591,1
1459541,1
1175403,0
1760112,0
3126213,1
9938301,0
4584127,0
2200862,0
7898987,1
4497944,1
9518159,1
9519562,0
8167618,1
7984897,1
9165301,0
2607861,0
3540425,0
679575,0
9974550,0
2440442,1
7885829,0
7329237,1
6731021,0
1253698,0
3504554,0
1312646,0
7595957,1
4971472,0
5697270,0
3254523,1
9090909,1
49068,0
3130191,0
6180816,1
2016618,0
9792854,0
4738374,1
7729277,1
5635263,0
7616956,0
9872681,0
6502338,0
4292798,0
5394189,0
6730992,0
9355026,0
9344574,0
4314134,1
2287685,0
2557474,0
105013,0
3548692,0
78700,1
9413149,1
3522532,0
4134427,0
1527629,0
5167735,0
3700073,1
6474834,0
3447453,0
9835990,0
2897861,0
6102016,1
4591223,0
536744,0
2831269,0
5843924,0
2070803,0
7317137,1
9031479,0
1197550,0
514874,0
3544453,1
8117118,1
3477690,0
2256870,0
2195197,0
6621595,0
8393741,0
2885069,0
4592259,0
2932383,0
2472697,0
4003163,0
8174304,0
5326759,0
1408041,1
4487739,0
431331,0
8997998,1
4128214,1
3354921,0
6320236,1
8056941,0
9975046,0
8316138,1
9046329,0
497940,1
6667787,0
1771984,0
4250524,1
8240428,1
5159378,0
7953597,1
278124,0
9248203,0
4646134,0
6379062,0
4132841,0
805484,0
5030829,0
5569806,0
8322088,0
218090,0
7546102,0
6389836,1
7747631,0
8042408,1
9220830,0
4269777,0
3268623,1
2307976,0
1763671,1
6963644,0
9852382,0
2546452,1
3739373,1
6123744,0
7909739,0
831428,0
5071705,1
6364453,0
2108295,0
1480659,0
5962911,0
6883658,0
9519385,0
6323746,0
4881243,0
4533513,0
9219755,0
4191911,0
1517868,0
8447070,0
1600461,0
543951,0
7758485,0
8368384,0
538288,0
4034450,0
8692983,0
2952695,0
7726997,0
6180772,0
7774954,0
8677390,0
9346439,1
9571231,0
6633968,0
700762,0
2879826,0
1351028,0
5339433,0
4443047,0
592263,0
3586853,1
9168619,1
3778745,0
9223644,0
2874464,0
8463648,1
3303545,0
5130148,0
8634368,1
6222226,1
5394935,1
3129658,0
5036707,0
8705471,0
1397390,0
1965758,0
8375738,1
9586859,1
9024683,0
7171071,0
9138043,0
7274727,1
453094,0
8677768,1
935390,1
6729276,1
1821791,0
2351908,0
5352538,0
9889818,0
1177909,0
7821241,0
1385191,0
8860958,0
6293359,0
6786912,0
6846847,0
509226,0
1136519,0
5662726,0
4593624,0
2382697,0
2611162,1
5767675,1
3466139,0
1725233,0
803080,1
205020,1
776770,1
2656742,0
5785775,0
9170060,0
4127214,1
6462646,1
4094922,0
8971201,0
6017008,0
1276721,1
903090,1
2579857,0
8843150,0
7366240,0
852670,0
4442980,0
9265522,0
292920,1
7606802,0
3429177,0
9877187,0
5057813,0
4675738,0
5025205,1
4878784,1
2971790,0
1501255,0
7433272,0
3006622,0
8671322,0
3004956,0
1010774,0
7563819,0
9731201,0
8857588,1
6043959,0
7707077,1
1824281,1
1860049,0
5468645,1
5817796,0
196528,0
2028202,1
6096899,0
3072703,1
7416147,1
5516593,0
2417142,1
8589858,1
7244959,0
9335440,0
5974795,1
8554632,0
1432473,0
4711174,1
9132364,0
8873556,0
6392162,0
6869211,0
1741845,0
9523996,0
5821285,1
8458039,0
8261794,0
5477443,0
4186749,0
5854643,0
7807731,0
3518570,0
1433597,0
6487291,0
2851582,1
1759462,0
1220116,0
6560656,1
707070,1
4953256,0
6275726,1
5949017,0
4098904,1
6125349,0
963672,0
2304024,0
8234412,0
2572792,0
8301557,0
4536865,0
9364524,0
4550554,1
8464172,0
7515157,1
9384576,0
3086532,0
8057707,0
9371331,0
3663476,0
2287822,1
8570220,0
1018768,0
2649680,0
3427243,1
6023215,0
2544950,0
9144346,0
3113113,1
52344,0
6228301,0
5177137,0
4505931,0
3323505,0
1777434,0
7317491,0
3348555,0
1835270,0
850580,1
375730,1
4211875,0
9747709,0
7566711,0
8894324,0
4239324,1
7566657,1
1336488,0
1347382,0
4580854,1
7355537,1
5783754,0
8808088,1
8694302,0
6847764,0
8953561,0
2896982,1
2928292,1
2462406,0
500050,1
3409043,1
9499834,0
6487802,0
7704823,0
5790729,0
3465642,0
2479772,0
3361258,0
6714954,0
2197130,0
1972750,0
5120215,1
498355,0
8372808,0
3984223,0
942868,0
3770226,0
165311,0
1624311,0
9781153,0
7381610,0
3512487,0
2928269,0
4912194,1
4145414,1
3821281,0
3107436,0
7337964,0
4429244,1
5617721,0
6813165,0
4908125,0
5482162,0
7914218,0
3818398,0
8191575,0
2267155,0
3260155,0
1011103,0
1101210,0
6015334,0
7020791,0
5910484,0
9070869,0
3611324,0
6809086,1
4591954,1
5964655,0
5072705,1
7223227,1
6105206,0
4800340,0
6515280,0
5258958,0
4202212,0
6747515,0
3141280,0
8915198,1
4085804,1
3608992,0
4889194,0
3993993,1
2629629,0
9437349,1
9569873,0
5593499,0
7261627,1
3343529,0
3202023,1
1527995,0
7998172,0
8635899,0
1059931,0
5296214,0
9348939,0
9730020,0
4874951,0
5382308,0
832005,0
5842373,0
5337614,0
1061601,1
962104,0
8554972,0
6437875,0
5329176,0
8774778,1
415140,1
3197901,0
3404043,1
4324234,1
3139570,0
3852340,0
9498508,0
3160613,1
1359531,1
4747503,0
1422556,0
5575503,0
3926874,0
6263398,0
7560657,1
1542443,0
7331435,0
9991999,1
6235238,0
5649525,0
2133312,1
1494705,0
8613164,0
8488695,0
5347918,0
5702005,0
4563997,0
9254529,1
5798594,0
3283195,0
6068083,0
5404161,0
5143386,0
1595013,0
5804651,0
4619640,0
2628901,0
2554552,1
7960630,0
4486089,0
7761677,1
341375,0
3969125,0
3644463,1
4574749,0
3106966,0
778770,1
8386021,0
5077705,1
2987892,1
4504054,1
7072707,1
3111891,0
3025573,0
9248429,1
2753162,0
6901689,0
329686,0
504050,1
9661272,0
3031671,0
5670765,1
7830807,0
6967292,0
872780,1
5464383,0
9838968,0
477740,1
1770771,1
1644995,0
6177240,0
4523868,0
8509205,0
4556335,0
8801088,1
4931394,1
2373732,1
8251845,0
9885889,1
8345438,1
8730210,0
2801490,0
8226027,0
723198,0
8313138,1
2905092,1
5518666,0
5658559,0
4227676,0
6952559,0
2076702,1
3045434,0
5887885,1
1789894,0
4639746,0
6335336,1
7186817,1
6022206,1
5088437,0
3279502,0
5871756,0
9918199,1
8720563,0
3710958,0
2628262,1
1132311,1
9643201,0
2179712,1
3571230,0
1572267,0
4392324,0
9409154,0
9458472,0
7854239,0
2743472,1
8811451,0
7268627,1
3525397,0
250233,0
9201029,1
8045408,1
1761576,0
2016193,0
8532772,0
6718689,0
5096860,0
9304448,0
3839418,0
8525258,1
8017165,0
3489980,0
3574753,1
8373845,0
8142644,0
4878970,0
2308032,1
5292013,0
2288293,0
143623,0
6381836,1
3828283,1
3969693,1
7899108,0
8336338,1
8582271,0
3176810,0
2611135,0
3421287,0
41400,1
7630367,1
7664484,0
1441441,1
9114119,1
9669669,1
5351952,0
3110969,0
154444,0
6112624,0
3137173,0
9854908,0
8804290,0
4744474,1
1288821,1
5694594,0
6961189,0
4665664,1
2033302,1
7447447,1
446347,0
8319109,0
1562651,1
4965694,1
4529087,0
8406048,1
6327236,1
5691020,0
5126215,1
6792976,1
492,0
4951715,0
1557551,1
1929069,0
4375366,0
6139965,0
9148581,0
824944,0
8153518,1
3104693,0
8169858,0
1010101,1
6034373,0
8990998,1
3129213,1
8635325,0
3819183,1
4237389,0
9202029,1
284611,0
5539355,1
9300417,0
845657,0
7139606,0
1349829,0
2545198,0
6058444,0
2306032,1
7655151,0
3096903,1
1574059,0
387945,0
1919182,0
9960699,1
3225752,0
9495949,1
1775771,1
6074706,1
8532882,0
4563890,0
2268622,1
2687862,1
7930475,0
6365049,0
6082806,1
8785878,1
8809088,1
2958659,0
7549957,0
3648463,1
6678567,0
3427677,0
4395723,0
1082801,1
9732320,0
8459807,0
1190917,0
450809,0
7133317,1
345430,1
7506813,0
2395932,1
5777210,0
1332060,0
3546453,1
3367253,0
6959617,0
2771287,0
5078705,1
5737375,1
7181661,0
372573,0
1761834,0
5356535,1
8360338,0
4746474,1
9902682,0
1556859,0
7378737,1
1784806,0
3014240,0
5747901,0
6222194,0
1718504,0
700070,1
3654323,0
6513156,1
9984162,0
9099909,1
7684706,0
8108018,1
2448897,0
3014919,0
7781439,0
3111316,0
7020207,1
7572773,0
5359535,1
2259924,0
5769675,1
9725623,0
2107012,1
2069036,0
9774779,1
7018107,1
1526394,0
1189535,0
7144803,0
6832472,0
5018964,0
9492949,1
392930,1
7910339,0
3903713,0
5109321,0
4651564,1
2072395,0
5619165,1
9491949,1
2852050,0
1255667,0
6899535,0
6938366,0
5018105,1
1030301,1
2306507,0
4088783,0
1154511,1
7644742,0
9055165,0
4100014,1
8716178,1
3744547,0
5506844,0
2350715,0
9137319,1
4541938,0
7774777,1
523250,1
7359306,0
2031113,0
8834281,0
4509069,0
4158119,0
3134825,0
944366,0
9885871,0
6707362,0
9912199,1
5560586,0
9975799,1
1289821,1
4994516,0
2888045,0
7628267,1
62965,0
503513,0
1869675,0
3298599,0
5944495,1
5858585,1
9032172,0
6396049,0
7782569,0
1282407,0
995454,0
5050850,0
1799691,0
8081164,0
5229293,0
367226,0
7620267,1
7459352,0
9087078,0
5950974,0
6295926,1
8916211,0
4288875,0
7309037,1
2949322,0
3370817,0
7154517,1
617830,0
1750285,0
5458041,0
6721255,0
9936938,0
2333332,1
2140951,0
4775372,0
8126420,0
1254511,0
9002115,0
4876658,0
2296922,1
1749702,0
3900596,0
1171897,0
1159511,1
6440292,0
7902097,1
8665668,1
9087809,1
1631524,0
261967,0
4418245,0
1307814,0
4927836,0
9643967,0
9262404,0
1917324,0
9560104,0
2336661,0
9851330,0
8103842,0
2461596,0
419140,1
5500901,0
6400663,0
4426099,0
3517425,0
2458542,1
746085,0
6748476,1
5745967,0
7467647,1
7318413,0
6855907,0
4534354,1
1895166,0
4221459,0
6618677,0
9884793,0
1428509,0
4090801,0
7927542,0
6670188,0
6838970,0
5147366,0
3584853,1
48243,0
2413853,0
5008319,0
943490,1
6888689,0
5316891,0
786870,1
9990999,1
9371413,0
4397934,1
5789299,0
2820979,0
1756567,0
7627647,0
6963982,0
4381834,1
8188765,0
1395316,0
8473748,1
9808089,1
1411285,0
9273266,0
5632365,1
3971887,0
9959385,0
6861661,0
3282187,0
3406122,0
114110,1
7964007,0
4862684,1
8110086,0
7920297,1
4384198,0
3313653,0
5910195,1
5096577,0
7238084,0
4305626,0
7869687,1
4584782,0
9860689,1
385307,0
1745651,0
6288826,1
2694101,0
3634363,1
6572832,0
7735464,0
7352380,0
9623551,0
9336339,1
8330338,1
719578,0
6621827,0
8876860,0
710430,0
2541452,1
390059,0
3937522,0
6506851,0
2868682,1
4738364,0
1988038,0
850145,0
4912210,0
4463918,0
1283556,0
6496133,0
6944496,1
293815,0
4103301,0
8095900,0
4398934,1
2666290,0
5413061,0
2582852,1
9791979,1
528250,1
790960,0
4619122,0
3443443,1
5991990,0
6126630,0
3860571,0
1579751,1
4032681,0
5801012,0
2502211,0
3335512,0
6848396,0
1445646,0
1614658,0
5576073,0
3002000,0
3775773,1
6655293,0
2081037,0
8157734,0
7373737,1
759726,0
4023204,1
4050504,1
247232,0
348131,0
8781817,0
2978792,1
3891535,0
8936545,0
8332217,0
6889237,0
981765,0
11780,0
9130319,1
7058694,0
2519152,1
3371951,0
8610168,1
3349433,1
308821,0
5066605,1
6008006,1
1536401,0
3561653,1
6414146,1
7735853,0
8665732,0
8587842,0
8323407,0
1371420,0
4666178,0
416140,1
3261053,0
7354537,1
1585756,0
948567,0
2489247,0
3358923,0
1413345,0
4046250,0
3287823,1
6238718,0
7336699,0
2934939,0
7232129,0
8175255,0
4792974,1
8178825,0
236320,1
1128805,0
4302516,0
1563651,1
5598955,1
6597819,0
5470842,0
7610821,0
2982892,1
3085938,0
640460,1
188810,1
5819440,0
7070707,1
5408235,0
8095908,1
1249297,0
7739380,0
6550556,1
6952528,0
787870,1
1158456,0
2763127,0
10100,1
628508,0
6556556,1
4009638,0
460737,0
5948495,1
9099510,0
2616609,0
5065660,0
7840091,0
8906747,0
5324520,0
8203214,0
5010881,0
9765679,1
743882,0
1391061,0
9981095,0
7250527,1
4181378,0
5704642,0
4710587,0
7761705,0
4034567,0
4278681,0
2173359,0
5754593,0
6963051,0
987890,1
8928601,0
1515528,0
9883889,1
2343432,1
5124496,0
6298319,0
2397959,0
6567917,0
8781372,0
8912660,0
2855582,1
2672876,0
9501571,0
1412249,0
7278727,1
8710178,1
220220,1
5836223,0
202020,1
5187557,0
1257939,0
2638408,0
577143,0
9320560,0
9552369,0
518150,1
176856,0
9638906,0
4886106,0
2210122,1
8387450,0
3014427,0
4177959,0
6134098,0
5430220,0
6728472,0
581850,1
4746090,0
3464380,0
1329013,0
3323635,0
561961,0
4707524,0
1468345,0
8345975,0
5499409,0
2077337,0
8561658,1
3702204,0
8919064,0
6718008,0
2623219,0
6875786,1
3111113,1
6248521,0
2755572,1
7565863,0
1912191,1
2082802,1
3290451,0
6085806,1
7892751,0
2103679,0
4365634,1
8012581,0
1746538,0
8065607,0
3231575,0
2361482,0
6352536,1
5423245,1
855797,0
8092202,0
4436498,0
671760,1
469640,1
5593542,0
7167617,1
5341529,0
3430939,0
7685738,0
2601299,0
461139,0
3684863,1
8352134,0
1918748,0
6781876,1
4129974,0
3275723,1
8483809,0
1492941,1
8869075,0
6730290,0
8565658,1
8826288,1
3104104,0
4056504,1
5330335,1
5016767,0
6507056,1
1582851,1
9316794,0
9966460,0
9246780,0
279253,0
4363583,0
5804175,0
197219,0
9578759,1
1083824,0
6861308,0
6523697,0
9208994,0
1385138,0
1240835,0
8044408,1
8534407,0
8871530,0
1421241,1
9401049,1
1409728,0
9048294,0
6957706,0
2394559,0
9194792,0
2255981,0
7883079,0
313804,0
8134289,0
9476749,1
7695732,0
5500388,0
1270721,1
8939388,0
5938658,0
4349366,0
2829126,0
6963628,0
7410161,0
5578746,0
7770805,0
7293927,1
2174051,0
5779912,0
7358296,0
4838450,0
6233620,0
9543791,0
7630502,0
1714638,0
8199102,0
2945492,1
6735376,1
6691966,1
4646440,0
1105954,0
1392590,0
5958652,0
4455544,1
6760344,0
5072937,0
1456188,0
2424213,0
9465649,1
7336337,1
8465581,0
3730932,0
8764293,0
4744730,0
9597554,0
6570602,0
9954599,1
6425679,0
5173715,1
1027408,0
8543682,0
6904096,1
5472145,0
5494370,0
7465470,0
1314131,1
4764897,0
5023183,0
9757172,0
8963698,1
9888074,0
3757573,1
4407747,0
5582855,1
5793975,1
7749421,0
9264828,0
9542637,0
7726484,0
2397078,0
3043922,0
9556559,1
4339334,1
2963109,0
250520,1
4877649,0
6000,1
7765677,1
2707736,0
8261991,0
4872227,0
1501338,0
2695200,0
9015121,0
921328,0
2909845,0
564241,0
1121981,0
6850885,0
2184426,0
4838979,0
7078489,0
4445444,1
423878,0
6443075,0
7735127,0
7634780,0
738798,0
4512154,1
1958227,0
7942497,1
9942688,0
5706075,1
305509,0
4763674,1
201143,0
7614553,0
6419146,1
4507576,0
8412148,1
808758,0
9831110,0
7900097,1
3263883,0
9930630,0
635327,0
5685035,0
5935395,1
9129672,0
5807647,0
8431348,1
289820,1
9364510,0
5752575,1
683803,0
3067603,1
9149419,1
2440423,0
365155,0
8479748,1
9589308,0
7319137,1
6770813,0
572750,1
3805910,0
9288858,0
1827865,0
58242,0
5390935,1
5353547,0
8463272,0
5670736,0
9390939,1
1079701,1
4001317,0
6227229,0
450971,0
6359495,0
3289823,1
1544451,1
4066287,0
2530618,0
1514151,1
3909214,0
2916192,1
9347284,0
2760066,0
338160,0
4922653,0
737370,1
8098441,0
4038299,0
2339908,0
8908747,0
9220229,1
2428177,0
6272243,0
1474741,1
7480859,0
3533353,1
8234328,1
4313255,0
6405117,0
4960168,0
2687267,0
7876787,1
4487439,0
2483842,1
4042069,0
9118768,0
8311138,1
1856715,0
1722906,0
2287192,0
2337332,1
2633190,0
4485110,0
5210125,1
5323864,0
6626317,0
8966859,0
9521259,1
7916892,0
4424181,0
2390148,0
9845259,0
8668668,1
7206007,0
2037302,1
608392,0
8138318,1
9734379,1
7586543,0
2167966,0
7318416,0
3554165,0
9896294,0
9065744,0
1814479,0
5672851,0
7529982,0
6340752,0
7429915,0
5364635,1
3340493,0
3386833,1
683910,0
8714767,0
1576436,0
2026355,0
8332296,0
3000601,0
754971,0
2347286,0
9953229,0
4315134,1
7067607,1
8246262,0
4209685,0
3979793,1
9323242,0
3715474,0
6070100,0
4478615,0
127210,1
717237,0
5977195,0
2075464,0
7592791,0
7167843,0
874726,0
3587853,1
9111119,1
1827340,0
6850574,0
1698961,1
5247425,1
8359381,0
6218126,1
7088807,1
8562025,0
8453562,0
8430018,0
9649864,0
5314940,0
8247450,0
5744475,1
973790,1
7348094,0
8743247,0
9841132,0
7208500,0
5447744,0
293635,0
9180956,0
242925,0
3468565,0
7140417,1
1093901,1
5765963,0
444440,1
1918702,0
6574756,1
9339169,0
6165616,1
6265626,1
6397936,1
3806083,1
3199913,1
3869808,0
933573,0
744470,1
6366943,0
439402,0
8875788,1
4200536,0
836259,0
6116116,1
131047,0
6788010,0
3920761,0
1278721,1
9655569,1
4375734,1
391930,1
5890285,0
1024898,0
8361215,0
5471522,0
7528257,1
808294,0
9505059,1
6463009,0
5398000,0
1745836,0
9389186,0
731494,0
8929570,0
9386120,0
9275137,0
1649461,1
3274525,0
2643589,0
9416784,0
8939415,0
8330551,0
2584852,1
5883417,0
6877658,0
2798172,0
4300755,0
2898817,0
8416570,0
8944388,0
2680168,0
6296414,0
7291641,0
8992246,0
2501056,0
3894205,0
7603067,1
8594050,0
6500948,0
9526365,0
5410613,0
6550068,0
4697798,0
9666708,0
3556553,1
7815519,0
5350535,1
1105046,0
8685334,0
1538018,0
5315775,0
140410,1
3818458,0
1667309,0
7324496,0
6903407,0
6444674,0
7585943,0
2166136,0
703070,1
8546329,0
5811738,0
6388597,0
4534340,0
9935730,0
4331520,0
5008449,0
2265930,0
293993,0
2327232,1
8210143,0
7961697,1
5185815,1
2523252,1
4817168,0
6337138,0
9823261,0
8004571,0
8500626,0
6577756,1
314566,0
604783,0
1875024,0
2823717,0
3548620,0
4176263,0
8748698,0
7473747,1
781870,1
6371736,1
9485849,1
3464751,0
8577147,0
326230,1
474515,0
7393937,1
175710,1
4968816,0
60467,0
5667175,0
559212,0
9223229,1
9163524,0
6522793,0
9375940,0
6784876,1
5887069,0
3771244,0
5259275,0
2788810,0
5753204,0
279238,0
3854064,0
4459213,0
3365796,0
7281927,0
3641466,0
7295632,0
8957372,0
3908093,1
2760672,1
575664,0
2598952,1
9267866,0
8260117,0
8910039,0
1711171,1
6582990,0
6693966,1
1376379,0
5163676,0
4358534,1
2733411,0
3577654,0
4547221,0
5675765,1
1693962,0
709453,0
2363890,0
5737529,0
5613165,1
2975093,0
5762304,0
5142534,0
9145758,0
4710174,1
7269627,1
537094,0
2593004,0
8101018,1
9332286,0
7461647,1
3849483,1
6400117,0
1523044,0
7870808,0
9514561,0
767670,1
2868237,0
2675804,0
9026985,0
4057951,0
4871289,0
3335486,0
3540348,0
1619161,1
9903099,1
7056026,0
6933156,0
2716575,0
9042630,0
9835304,0
896621,0
2429618,0
7685103,0
1977791,1
1951767,0
593570,0
6953596,1
1154258,0
5814273,0
3839582,0
2436426,0
2409501,0
3677703,0
7499650,0
4076609,0
4075103,0
4773774,1
8615168,1
7746828,0
1810844,0
6707076,1
7884612,0
3898055,0
842073,0
9756327,0
902884,0
1288906,0
3769229,0
6209026,1
3664101,0
1896787,0
8510523,0
424240,1
2493437,0
8588567,0
9271529,0
9601264,0
6469028,0
8046817,0
792184,0
1040592,0
4884884,1
8394938,1
5832385,1
4392450,0
9994999,1
3006632,0
6257745,0
7489289,0
1392595,0
3253636,0
3514520,0
7006007,1
6094528,0
3664663,1
8324671,0
4559126,0
3104539,0
5235325,1
2948724,0
3562107,0
3207077,0
959555,0
1341431,1
8261363,0
9993678,0
6800359,0
8894061,0
4477744,1
4773469,0
4682042,0
3532353,1
6696619,0
6946496,1
3068949,0
3938323,0
1823121,0
7983138,0
8657175,0
5256537,0
3175713,1
3688874,0
5152515,1
2236974,0
3792500,0
6831386,1
5244723,0
3478671,0
2916431,0
4329540,0
8949052,0
7027162,0
4450107,0
8161422,0
3504329,0
8169618,1
8435268,0
2610088,0
9037405,0
8867750,0
114343,0
1672527,0
3075006,0
8386441,0
7841321,0
5930395,1
9015180,0
9312526,0
9406518,0
2036638,0
8460612,0
2817847,0
7744477,1
985811,0
82240,0
3976793,1
6780820,0
3853583,1
8222228,1
5375676,0
6689866,1
3799570,0
1194911,1
9747443,0
7667915,0
6838546,0
7116080,0
4332093,0
455846,0
6969519,0
8505058,1
5654537,0
9504780,0
8799103,0
6338336,1
9812189,1
4789707,0
805968,0
9429240,0
798970,1
1136617,0
4932430,0
6556870,0
1511376,0
4488610,0
7704077,1
7921988,0
2571679,0
8365638,1
726648,0
8687068,0
1626358,0
741470,1
4533866,0
4258547,0
3644867,0
451770,0
6034306,1
8722448,0
4071704,1
9943499,1
4122584,0
879807,0
4585789,0
4169229,0
4994225,0
1416519,0
7781201,0
24582,0
6522256,1
9650306,0
482325,0
7738947,0
7121722,0
2426444,0
9285806,0
6539356,1
1043754,0
5136126,0
4921979,0
3649279,0
4978018,0
603415,0
4425394,0
1138855,0
423954,0
1858581,1
7307517,0
6727638,0
2820285,0
7535987,0
4845791,0
2596523,0
4675818,0
8480848,1
4165493,0
6683479,0
4752574,1
1621032,0
7245427,1
9412149,1
8425542,0
9510159,1
3266036,0
8019335,0
7973592,0
6091559,0
3958858,0
8711523,0
6867686,1
5400837,0
912190,1
9176491,0
4550792,0
6124246,0
2940241,0
5772298,0
6248555,0
7184906,0
8568481,0
8181513,0
2183973,0
3315176,0
7748477,1
10466,0
5599179,0
4511119,0
5088659,0
1723819,0
5656565,1
5543639,0
4119608,0
7931397,1
4919394,0
7791922,0
5310253,0
5797230,0
9786604,0
2951592,1
3842483,1
8415148,1
81440,0
8993054,0
3313785,0
3465643,1
2101460,0
6006297,0
1332908,0
7967612,0
3240767,0
445769,0
6561976,0
2575752,1
8361604,0
3419143,1
7158170,0
3180939,0
3637365,0
727270,1
9900099,1
798623,0
7103353,0
6253167,0
7027878,0
620573,0
9115320,0
373291,0
4649985,0
9606148,0
6419135,0
8719178,1
4104076,0
7979841,0
450540,1
8870788,1
4866684,1
1420241,1
5133882,0
4072877,0
498056,0
1600853,0
544309,0
1114990,0
109709,0
3572753,1
1496622,0
44665,0
3090667,0
807080,1
2986490,0
8465648,1
2749472,1
1268635,0
2544115,0
4123214,1
6301910,0
7513157,1
2834559,0
9395009,0
5871716,0
5628265,1
9446449,1
696423,0
9554559,1
6058310,0
3826474,0
2153939,0
2079702,1
8564658,1
7746477,1
5180815,1
5834922,0
62600,1
809732,0
7399661,0
5348435,1
7874787,1
7193917,1
3862394,0
5292925,1
1658392,0
3546013,0
1324894,0
740093,0
6919924,0
3970793,1
4026482,0
9190568,0
868278,0
3920293,1
4577997,0
7484847,1
5416652,0
6894085,0
5274725,1
6208661,0
2377384,0
962690,1
7450547,1
8544294,0
2006002,1
5015105,1
259520,1
8736007,0
9550755,0
27200,1
9934399,1
6270726,1
3058781,0
8309039,0
7018804,0
8780115,0
5717175,1
8367638,1
5269008,0
3049025,0
7656428,0
6409526,0
241602,0
8958611,0
1885356,0
2510405,0
7298761,0
98632,0
8934398,1
6024206,1
2700322,0
7002990,0
338330,1
448756,0
9610362,0
5238011,0
3675228,0
8071373,0
6608046,0
2075702,1
9632318,0
51196,0
7096869,0
2402871,0
2472581,0
4219285,0
7058507,1
7991997,1
8453042,0
5629265,1
6494946,1
6203669,0
6319127,0
2823282,1
1073171,0
5150515,1
9374650,0
6861686,1
5085717,0
5211490,0
686046,0
9530794,0
4897938,0
821653,0
2648462,1
8715178,1
4845846,0
4946926,0
5101905,0
9530359,1
7593957,1
8661862,0
7575757,1
7171344,0
6971893,0
8806678,0
3252073,0
7004280,0
5826062,0
9452549,1
8823451,0
2421096,0
4010925,0
4327234,1
3624507,0
5151515,1
2198712,0
7808426,0
5129215,1
9384864,0
4590936,0
874780,1
9739649,0
7992354,0
9922482,0
1224712,0
2510298,0
8101212,0
1125548,0
4597954,1
5488845,1
1434510,0
9685367,0
2698636,0
4901159,0
1513873,0
5174418,0
4222100,0
9523474,0
1828281,1
7928230,0
1551764,0
8307020,0
178397,0
5613471,0
462640,1
2779892,0
1017508,0
5358644,0
578323,0
9614169,1
2980719,0
772195,0
5297575,0
683499,0
5764140,0
2685118,0
321175,0
7833387,1
355531,0
2949423,0
7452510,0
547536,0
5867887,0
3438343,1
1317131,1
3327378,0
2355787,0
7110401,0
7352537,1
9537888,0
3566631,0
4333821,0
3647249,0
6960696,1
9457763,0
3754405,0
3148138,0
6491946,1
9084329,0
6036306,1
1916565,0
3102116,0
6879786,1
5719326,0
8463606,0
5011813,0
8444486,0
5237905,0
8471046,0
2384477,0
5690224,0
7052300,0
4265624,1
7009007,1
5852585,1
270428,0
7203608,0
6501992,0
3985634,0
4045280,0
4573754,1
3695222,0
4944449,0
1302031,1
2303032,1
7344572,0
4966694,1
4279724,1
117675,0
9397939,1
3121213,1
790232,0
4923771,0
2811261,0
6825195,0
6707862,0
9908414,0
4620315,0
4563654,1
1036248,0
1750571,1
4694649,0
5414001,0
2557076,0
8639637,0
1574788,0
7113117,1
9821289,1
1695666,0
2321232,1
7665332,0
5025146,0
4043094,0
1135558,0
2843088,0
123951,0
2758644,0
3882614,0
6059506,1
8773778,1
878780,1
9585994,0
649538,0
8430770,0
4638364,1
1832504,0
9739614,0
5125186,0
2854582,1
2131312,1
4677764,1
5734102,0
9966061,0
6235265,0
698960,1
3347087,0
4247037,0
9728686,0
840299,0
6341436,1
9988899,1
7684867,1
9994477,0
1968691,1
6887404,0
4143991,0
1450412,0
1028865,0
8199651,0
2695212,0
7216891,0
6199844,0
4290205,0
6443021,0
2340190,0
6085138,0
1958240,0
5307035,1
4952594,1
3279723,1
8449448,1
5702905,0
811595,0
1890367,0
9707079,1
8598958,1
7100017,1
4478114,0
4086900,0
7392618,0
3545737,0
2473742,1
2693771,0
2525665,0
8057154,0
3391666,0
843038,0
512185,0
3770281,0
9366639,1
8013003,0
1312108,0
3142648,0
3574366,0
1042544,0
4504524,0
3131604,0
4694964,1
3024883,0
49400,1
9028331,0
3338731,0
4831066,0
3841920,0
1655561,1
4832016,0
2174566,0
4317368,0
9520563,0
6537356,1
3876783,1
1680959,0
5714839,0
9347538,0
5988414,0
5179715,1
5333723,0
8237503,0
381538,0
2221018,0
1635959,0
2533057,0
4996923,0
6556081,0
7850385,0
2361632,1
7739105,0
5284039,0
5815481,0
678760,1
9944499,1
5156908,0
988736,0
3395042,0
4852488,0
5324848,0
9003551,0
8623268,1
9540459,1
6182588,0
4538054,0
8435348,1
1225009,0
8817188,1
9398939,1
1362141,0
5702075,1
3104248,0
9376739,1
7284621,0
1147509,0
7320237,1
628260,1
8590958,1
7835337,0
4455181,0
9502229,0
2901884,0
4021473,0
685244,0
9114940,0
1184252,0
5897213,0
4349761,0
9957200,0
95928,0
560650,1
3706073,1
7510157,1
9423249,1
5582564,0
6376736,1
4208363,0
2949492,1
9884870,0
7366525,0
4019950,0
2242422,1
3109128,0
147377,0
8636318,0
5618165,1
6347436,1
2703991,0
2438603,0
1605773,0
4528236,0
7688110,0
7140821,0
5388726,0
7002584,0
635096,0
9872484,0
7569657,1
8777821,0
1959591,1
4886824,0
7206220,0
6494594,0
7088602,0
2596952,1
6975796,1
1921239,0
941253,0
8064922,0
4534660,0
5512155,1
162834,0
5671893,0
3468643,1
2452988,0
5111115,1
1764815,0
6672352,0
2077163,0
8910198,1
5928295,1
5261778,0
5373735,1
3151181,0
2312132,1
5256666,0
8736580,0
3344433,1
7559557,1
9450549,1
7852453,0
1027611,0
2581852,1
204111,0
5086805,1
1638961,0
8581296,0
472652,0
144758,0
6734376,1
8084808,1
982890,1
2669838,0
9953202,0
4664664,1
6828079,0
9240429,1
515024,0
5400486,0
262418,0
8512158,1
7259460,0
9920299,1
9846447,0
184500,0
4730374,1
5280437,0
4605047,0
313330,0
5712175,1
8047408,1
3357903,0
273720,1
1848622,0
3865606,0
3260011,0
8799737,0
7841487,1
40735,0
8532149,0
8486848,1
3846050,0
5084140,0
5711354,0
400195,0
7459547,1
1682861,1
8198918,1
7646452,0
84134,0
2115127,0
8432069,0
4888074,0
9444794,0
8233328,1
1911408,0
7508057,1
1397057,0
1228221,1
831413,0
6081806,1
9943029,0
7165617,1
1845808,0
2051659,0
4250461,0
7811035,0
6417146,1
7785388,0
9484712,0
4717174,1
8112320,0
9461666,0
5862702,0
7819187,1
5616508,0
67084,0
5823873,0
4902327,0
6654947,0
1973513,0
3930537,0
2835382,1
9881996,0
4125257,0
1719541,0
2938392,1
2012247,0
7851471,0
18984,0
6103311,0
7240427,1
4867898,0
3037546,0
495584,0
799808,0
7955628,0
5486255,0
4936394,1
7839387,1
7591394,0
8385838,1
3601063,1
414546,0
9791119,0
9397362,0
7891988,0
2510603,0
402885,0
8759578,1
5499945,1
2887542,0
3057503,1
3511414,0
5171710,0
9881778,0
8740478,1
7486847,1
3487080,0
3060431,0
5456654,0
5218831,0
7534579,0
8027170,0
5066228,0
6712176,1
8502948,0
2267437,0
4090937,0
8214929,0
6188816,1
685482,0
1034596,0
203020,1
1331733,0
3557197,0
8993893,0
3586029,0
1232321,1
6633668,0
236129,0
1557037,0
460440,0
9614033,0
7252745,0
5696885,0
5277603,0
9946683,0
4393934,1
8807088,1
1556551,1
6128036,0
7584093,0
8232328,1
8831166,0
5837179,0
4681274,0
8781878,1
1975197,0
8434369,0
2586694,0
6888743,0
7528354,0
4523970,0
6955714,0
7856331,0
8911147,0
1071319,0
5603065,1
6778776,1
5019581,0
1992617,0
638944,0
5452691,0
3820553,0
287417,0
8957552,0
5178715,1
3534499,0
8255550,0
9914732,0
2887882,1
5013105,1
8833561,0
9393894,0
7999084,0
9061609,1
9069324,0
3534853,0
5876037,0
7808087,1
3811183,1
4699384,0
9301307,0
8362638,1
3999993,1
1708071,1
9870789,1
8888246,0
2399795,0
2326014,0
5480945,0
235320,1
4561062,0
3025858,0
5968695,1
3974793,1
6317222,0
2537040,0
4218498,0
6617185,0
8377009,0
1360580,0
1488914,0
3148896,0
979620,0
246420,1
2119474,0
4755524,0
9143684,0
3796605,0
9379297,0
3378933,0
7291927,1
3949780,0
9082558,0
9698497,0
9940499,1
9860558,0
4163614,1
7248070,0
9789136,0
2947567,0
4798974,1
1604836,0
5672268,0
3657755,0
8043408,1
204344,0
8552576,0
3972111,0
2844631,0
426889,0
4757635,0
73121,0
4275420,0
5622265,1
2378531,0
6802476,0
9028201,0
45305,0
3947493,1
67600,1
8252974,0
3167224,0
9204029,1
3238323,1
9804089,1
1891905,0
1190089,0
1480642,0
9136791,0
5359359,0
431358,0
1266429,0
5749475,1
3226100,0
5613857,0
626260,1
1422495,0
162670,0
1824624,0
1903091,1
8830170,0
8072688,0
7238390,0
9151867,0
9758090,0
6147728,0
5784394,0
2079645,0
353132,0
7979198,0
472265,0
696960,1
4180814,1
721702,0
1825265,0
4256933,0
2312663,0
7782320,0
8610076,0
9102733,0
3059895,0
7435855,0
6884499,0
1586137,0
903575,0
5860039,0
3884883,1
1785172,0
7415757,0
1810225,0
3976227,0
2765749,0
4238510,0
6878976,0
5984276,0
1339331,1
9621958,0
2649673,0
4925251,0
7072509,0
159672,0
4383834,1
6073706,1
534414,0
1836576,0
5238326,0
8257496,0
4423292,0
4920468,0
3250523,1
4776774,1
6687329,0
6141416,1
3154513,1
3636893,0
5811713,0
5245320,0
2440982,0
6742281,0
4220261,0
393930,1
474740,1
946918,0
6028684,0
2110920,0
5176105,0
905051,0
8125218,1
3496796,0
571750,1
6663666,1
4044404,1
5648465,1
1186668,0
6040494,0
6135331,0
2492428,0
7391867,0
3500366,0
1902475,0
8709078,1
672760,1
9745387,0
6193385,0
9473565,0
2801264,0
8840932,0
3937393,1
6498946,1
3809397,0
2352332,0
4669775,0
3902093,1
2813074,0
1849363,0
841480,1
3628263,1
2892400,0
1542921,0
5275612,0
6368636,1
7897221,0
1839209,0
7526257,1
9066745,0
9491624,0
6079706,1
6844486,1
6845154,0
9083623,0
6912642,0
323203,0
3433259,0
7688867,1
2600576,0
576272,0
4895839,0
1662465,0
5276903,0
5293925,1
3992993,1
9878789,1
5643372,0
261848,0
4514683,0
5216418,0
6686698,0
7640467,1
5826285,1
3147329,0
3375733,1
157308,0
2239322,1
1849481,1
8577758,1
3902340,0
8283828,1
6921957,0
9246654,0
8145418,1
1427991,0
4163449,0
2992421,0
4243871,0
1201537,0
119003,0
9892277,0
4808469,0
8034630,0
6501453,0
5204709,0
3263978,0
9941964,0
7782877,1
5051144,0
1143527,0
5885027,0
7970797,1
5057524,0
9971799,1
5575755,1
9020221,0
1918191,1
4118287,0
48123,0
3403764,0
1182220,0
1076643,0
6625334,0
8001927,0
6994851,0
1002001,1
4412144,1
5838878,0
8479906,0
1755773,0
6858031,0
8989718,0
5054019,0
5739375,1
6603927,0
9003246,0
7051829,0
1831398,0
5830408,0
4528254,1
8947719,0
6355891,0
3518226,0
4135223,0
5202717,0
7310921,0
393834,0
7691977,0
7113405,0
7531357,1
860913,0
9604069,1
4968820,0
1115339,0
2376811,0
1459785,0
8403361,0
3896983,1
6803165,0
7414147,1
8533732,0
5298925,1
6346436,1
2404748,0
4924848,0
4600732,0
5440445,1
8140371,0
5498422,0
8859170,0
3779817,0
1493765,0
3575337,0
1968495,0
4503849,0
6222260,0
8141771,0
9848876,0
3610163,1
1123626,0
7595157,0
8520885,0
6362511,0
743470,1
2082185,0
5306035,1
2906283,0
2140361,0
3392850,0
5949083,0
4631364,1
3619163,1
2228238,0
3106013,1
2994668,0
3878783,1
5383835,1
6853331,0
1281821,1
701070,1
5040657,0
4883440,0
7040142,0
1180333,0
9010935,0
3893541,0
8969001,0
7941682,0
6811009,0
6887390,0
7404047,1
5653565,1
580516,0
4007004,1
7710177,1
4250235,0
452551,0
378196,0
9594041,0
568404,0
9848489,1
7033213,0
2156512,1
2748103,0
2342487,0
8162275,0
8408048,1
608462,0
9648726,0
5833385,1
5079191,0
9057509,1
7568657,1
4986761,0
2260753,0
1244375,0
52500,1
6345436,1
3025856,0
5189815,1
7556204,0
1399283,0
365543,0
5912195,1
3174878,0
923244,0
2189278,0
8844488,1
1394344,0
9710179,1
7323615,0
9067909,0
7034022,0
3109995,0
3948050,0
5325235,1
9794979,1
1616844,0
5659084,0
9993107,0
1855581,1
4313512,0
4598512,0
7286002,0
5869685,1
9469649,1
3436343,1
200174,0
1862681,1
5856220,0
6077672,0
8649335,0
1753875,0
552126,0
9365639,1
7271727,1
6587856,1
844495,0
4499167,0
154967,0
9520452,0
139310,1
984890,1
9841654,0
7900020,0
3250609,0
2621014,0
5121461,0
5055164,0
5343471,0
3439170,0
6052822,0
2457265,0
9379056,0
6713383,0
5152557,0
4565051,0
1280691,0
7178394,0
9627810,0
2818997,0
3031303,1
3521090,0
2466456,0
9026209,1
9217129,1
4867034,0
9507059,1
1355049,0
3079610,0
8232352,0
1800359,0
5321051,0
9469288,0
2370314,0
7605424,0
7435347,1
296948,0
7099907,1
1426241,1
8610235,0
7016969,0
8701032,0
8069830,0
1049663,0
9978799,1
3091903,1
9519250,0
5082170,0
8979746,0
5730935,0
9635001,0
8475838,0
4094904,1
7314137,1
382235,0
1442310,0
2549528,0
8349438,1
5664344,0
4566765,0
6246595,0
5030735,0
4000,1
3900680,0
1622261,1
7471824,0
2916232,0
2337151,0
3863041,0
156588,0
135310,1
3831383,1
719173,0
9088809,1
1394931,1
8075708,1
822843,0
1033301,1
8127218,1
4982970,0
5475745,1
3152513,1
9425232,0
7296379,0
3073080,0
1922250,0
251520,1
6437346,1
665594,0
8997759,0
6432764,0
4078492,0
9837962,0
9355500,0
7564508,0
9138424,0
1427045,0
7786341,0
5812185,1
2522438,0
1862854,0
9351539,1
9159519,1
7982897,1
4342184,0
4555121,0
8961698,1
9343455,0
7870547,0
1724245,0
3073999,0
78935,0
5485003,0
3557553,1
7702077,1
2914074,0
7344437,1
5316238,0
7235327,1
6875391,0
8060431,0
3363633,1
5988895,1
8180952,0
186391,0
3680955,0
9852589,1
9267922,0
5548029,0
6962747,0
5758353,0
3538917,0
5885546,0
4681762,0
6252998,0
3992171,0
1450541,1
4282824,1
3123320,0
1966449,0
5927936,0
1758399,0
5187164,0
5706002,0
1026716,0
5784990,0
8762411,0
9876660,0
8224386,0
28200,1
3267630,0
338028,0
7805800,0
3459930,0
3118938,0
4124214,1
3336333,1
986915,0
8854588,1
4832248,0
8376738,1
4807697,0
4480844,1
1337800,0
9653569,1
4319953,0
9687685,0
6686832,0
9286829,1
6252259,0
3746079,0
2755420,0
3521253,1
6718573,0
7812187,1
8061735,0
8105585,0
5405045,1
8540371,0
6682145,0
3359872,0
2781881,0
1967821,0
5699960,0
1270282,0
3289546,0
8511490,0
5603293,0
5310535,0
6673763,0
3165911,0
7532195,0
3735553,0
4394322,0
3486226,0
5366635,1
6754576,1
5700162,0
3321233,1
8736378,1
2900438,0
7886386,0
9018367,0
5890985,1
8650568,1
7892936,0
9563659,1
2484625,0
8473664,0
2501052,1
2631362,1
2279722,1
7422247,1
5204941,0
2836382,1
4258132,0
6319713,0
9059653,0
1434026,0
1123211,1
6220226,1
4957594,1
8464031,0
1971396,0
4326511,0
2304032,1
563855,0
1381624,0
8509743,0
5127800,0
7532881,0
1520251,1
5437851,0
6864704,0
2939975,0
932390,1
5512025,0
5093905,1
2233738,0
5108657,0
8258528,1
184805,0
881880,1
398932,0
9890337,0
4915194,1
3774773,1
7137317,1
7364637,1
8233487,0
3980769,0
9770444,0
6671681,0
5904095,1
165610,1
1789871,1
3635061,0
1782553,0
5343961,0
5187110,0
5379619,0
6050506,1
1394076,0
7606067,1
7616167,1
278106,0
1311131,1
6168616,1
8817358,0
7204743,0
6886886,1
2943125,0
9236329,1
5113439,0
3778896,0
4899984,1
3239680,0
8162618,1
7557169,0
7549457,1
950400,0
5114967,0
8231394,0
4155113,0
296920,1
4591349,0
5120113,0
5413903,0
7737377,1
8280828,1
6397468,0
4881292,0
6431035,0
7062068,0
9633369,1
1739228,0
7606669,0
9038456,0
4430112,0
6189367,0
2439342,1
5212829,0
7288827,1
8864688,1
156695,0
7064758,0
6614166,1
130121,0
9472747,0
5724275,1
5510599,0
2946492,1
231320,1
7921584,0
3700217,0
3701294,0
5957441,0
8748386,0
7646922,0
2014394,0
5451545,1
6465901,0
1021684,0
1798599,0
2649462,1
6888886,1
8732284,0
4350534,1
3156513,1
2355792,0
4368556,0
4794974,1
9164417,0
8163486,0
2160426,0
4001131,0
7105307,0
3777410,0
6440505,0
7458371,0
73700,1
5281484,0
9731610,0
5250763,0
8400091,0
6355536,1
2788042,0
4881278,0
2180810,0
7741861,0
4900094,1
3262535,0
7834119,0
7947335,0
6301275,0
8905098,1
6157096,0
3372687,0
5480650,0
3293923,1
9439944,0
2678957,0
9970912,0
9940428,0
475709,0
6172109,0
8410344,0
532350,1
5519065,0
9027098,0
4544454,1
4833022,0
7847946,0
3927234,0
6547456,1
475496,0
1448888,0
5067015,0
8575341,0
611160,1
3250397,0
7610987,0
125264,0
6620180,0
4027962,0
4723274,1
9966311,0
3060834,0
5462705,0
6534652,0
6734946,0
2594952,1
7612804,0
9341611,0
8465551,0
3760673,1
4403716,0
2972792,1
1087516,0
9800703,0
7783725,0
5275797,0
3209759,0
2893982,1
2389832,1
5278451,0
4259843,0
2381832,1
8665241,0
3331333,1
58179,0
948623,0
9037288,0
1226221,1
6643466,1
1724210,0
3418879,0
722719,0
9295929,1
3011937,0
7670767,1
7336621,0
697989,0
7255234,0
854543,0
6695427,0
9301275,0
142400,0
103041,0
8823876,0
9116273,0
5095621,0
2218389,0
747470,1
6552504,0
8440448,1
7371737,1
5486845,1
1250521,1
9568659,1
5309842,0
7966697,1
144155,0
3142441,0
6068572,0
5959595,1
5707075,1
6064606,1
7788877,1
4856495,0
598605,0
1126211,1
2624330,0
1460641,1
7165263,0
2670808,0
6594096,0
9475749,1
7651611,0
9346868,0
2718435,0
4494830,0
4979184,0
7550557,1
2031926,0
3009003,1
2421755,0
2334821,0
6984425,0
8378738,1
9895783,0
6226928,0
3635363,1
7214289,0
6746476,1
6963696,1
4097898,0
7454172,0
9500059,1
994347,0
5598064,0
438340,1
8792978,1
322618,0
693960,1
9780972,0
4934394,1
5665665,1
968192,0
2533653,0
7656336,0
3538001,0
6638286,0
2545452,1
152648,0
5953504,0
9846341,0
3350226,0
4777537,0
9878433,0
837606,0
9570692,0
2138976,0
9542796,0
6565135,0
5142265,0
2678680,0
2069602,1
971758,0
4572687,0
3400736,0
9177843,0
2327151,0
8862983,0
8664668,1
5689617,0
2034710,0
5376119,0
3671987,0
2754572,1
1114838,0
6718074,0
4720561,0
9517159,1
6145416,1
7844623,0
5997995,1
7093077,0
6495946,1
5673187,0
6719176,1
2414495,0
600079,0
4205024,1
3005016,0
748581,0
5400969,0
4783311,0
920223,0
7745477,1
5629151,0
5706482,0
1111826,0
4218338,0
1342201,0
8699710,0
8347682,0
6318430,0
6163186,0
1935391,1
2152785,0
9531359,1
4406044,1
5530355,1
9632023,0
1050175,0
8891137,0
9978527,0
1038789,0
2889870,0
5590023,0
8536943,0
7980897,1
9722158,0
3749873,0
1093197,0
593950,1
8928298,1
9639376,0
8698968,1
8886997,0
1418370,0
1475741,1
5576974,0
1499566,0
8114118,1
7432891,0
7047407,1
5060605,1
3229537,0
6431346,1
431340,1
6406199,0
5162547,0
7656835,0
4416368,0
7234670,0
5069605,1
3880883,1
6302047,0
4330678,0
9153519,1
3751550,0
23698,0
7934397,1
5770699,0
4382338,0
6905528,0
6436595,0
9002737,0
3086377,0
6753343,0
3592712,0
5203025,1
9866285,0
9776272,0
4441444,1
9526983,0
333699,0
8059793,0
9707012,0
6430097,0
4530653,0
8690517,0
7580051,0
3617591,0
230457,0
1002008,0
8560011,0
3029688,0
7814377,0
1222241,0
8215831,0
3183970,0
5414753,0
2622245,0
9730210,0
7758432,0
3479645,0
5357211,0
1998814,0
3572201,0
1188430,0
3769371,0
854547,0
8727143,0
1321231,1
8489848,1
105372,0
1571387,0
4240304,0
485840,1
2404302,0
7221227,1
7274129,0
7159865,0
3330793,0
8186818,1
4628743,0
8618623,0
2278744,0
6461646,1
7637953,0
4447732,0
5352024,0
4792277,0
485818,0
6018106,1
101448,0
6957027,0
9083809,1
7115053,0
7558817,0
969690,1
3792172,0
2326339,0
1264753,0
2961719,0
5928073,0
2448859,0
6905256,0
5333693,0
3912193,1
20596,0
6659946,0
4253524,1
6998798,0
9974799,1
8465935,0
8867990,0
6108790,0
6179716,1
8345544,0
802027,0
7615045,0
5569489,0
2397932,1
3253523,1
4434344,1
6403203,0
9142419,1
9748136,0
7542195,0
7729572,0
595881,0
2688847,0
8131309,0
2324892,0
805028,0
9922299,1
5009162,0
9179719,1
1383497,0
5996574,0
7446141,0
2896527,0
8115364,0
7007007,1
549538,0
3665773,0
2802130,0
7364162,0
4158033,0
90904,0
2467169,0
3699406,0
2951191,0
4697964,1
6137316,1
2730146,0
3623166,0
9856325,0
3948835,0
7914029,0
1747687,0
692960,1
5659547,0
2882338,0
3687852,0
4997663,0
5485718,0
7821287,1
8276628,0
2994466,0
1244031,0
3680863,1
969131,0
9855589,1
4408772,0
7112463,0
9745244,0
5407045,1
2123262,0
2205022,1
5189569,0
5677765,1
9861918,0
7320154,0
7764677,1
7623267,1
1980891,1
7236327,1
1652390,0
586839,0
3634235,0
9040464,0
7574624,0
5968581,0
3428704,0
1151556,0
7706338,0
6026206,1
580850,1
893615,0
102170,0
508527,0
5371735,1
6265509,0
88218,0
1807081,1
381300,0
2895732,0
7908721,0
379730,1
136889,0
7572873,0
2831331,0
3728997,0
5860685,1
3029339,0
4281986,0
5757284,0
6251691,0
8933180,0
5112115,1
2053779,0
565650,1
3489727,0
3524253,1
7247765,0
3785873,1
5070705,1
9591273,0
6662341,0
4963974,0
8953598,1
3713803,0
896980,1
2157802,0
6780203,0
7498188,0
2696962,1
817629,0
8779778,1
9258819,0
9550250,0
9982252,0
8649596,0
6769014,0
4812275,0
909816,0
7892987,1
4642685,0
6304878,0
4466641,0
4450052,0
1902662,0
2971269,0
442569,0
8811188,1
5360635,1
2432286,0
2799383,0
8378493,0
1827223,0
3912288,0
7912832,0
1304389,0
6610408,0
2319981,0
4910450,0
7554557,1
1219493,0
951897,0
6207026,1
1282577,0
8760322,0
3998993,1
4813184,1
5409262,0
5663665,1
9025209,1
5881664,0
5551984,0
4384562,0
9016879,0
9472880,0
9652569,1
1693446,0
7709487,0
1802239,0
3353533,1
1103408,0
5708075,1
5573755,1
2900092,1
4272724,1
7562366,0
8011108,1
6410962,0
8315844,0
901125,0
4828654,0
5684865,1
1131351,0
8766678,1
7176717,1
7144792,0
8337338,1
8748419,0
305030,1
8808046,0
9346337,0
910406,0
8080332,0
7762634,0
4214958,0
6555556,1
1730371,1
7846482,0
9576697,0
6682114,0
3181278,0
7111117,1
5894357,0
9573759,1
8700078,1
4047404,1
855348,0
274185,0
9171442,0
3393732,0
4917138,0
1313103,0
7631480,0
5547535,0
5972838,0
953590,1
1402186,0
2742472,1
1043401,1
4629261,0
1840481,1
4823633,0
1265160,0
7359775,0
1925291,1
1204597,0
2693365,0
5183962,0
9844720,0
5229025,0
9085084,0
9676709,0
5154300,0
3919566,0
3258523,1
715316,0
9807181,0
9843672,0
4386592,0
4220996,0
8092908,1
8934182,0
9505627,0
7078707,1
9881889,1
3766673,1
3721806,0
2404043,0
625012,0
449238,0
489840,1
9864689,1
7394778,0
6524265,0
4541454,1
9957599,1
9715739,0
1507051,1
3177713,1
1434620,0
2773000,0
579021,0
1274571,0
8545458,1
5394328,0
4174202,0
6060948,0
5023644,0
9743175,0
8787878,1
8325238,1
617151,0
3216123,1
1868893,0
9588859,1
376188,0
2549250,0
4440115,0
8311062,0
267773,0
7849746,0
7226908,0
9606355,0
6250471,0
2191205,0
7821096,0
1744297,0
4740023,0
3559389,0
2169540,0
3554444,0
2264441,0
7696967,1
1014699,0
1118187,0
8587858,1
3107600,0
637287,0
8184818,1
4069260,0
3703161,0
9490136,0
7033048,0
4593758,0
7336675,0
2417807,0
5739644,0
9377971,0
5516596,0
3744773,0
8207781,0
993990,1
2059424,0
6808209,0
5784875,1
6228513,0
1674761,1
3506124,0
1763508,0
4935394,1
8341831,0
3874912,0
9227229,1
5005321,0
8768015,0
5608106,0
6124216,1
6555406,0
6876229,0
9390116,0
5327235,1
8120414,0
9546211,0
3820185,0
66546,0
5379065,0
6595956,1
6543777,0
2562260,0
4093904,1
5519677,0
2578752,1
7797977,1
221769,0
4252524,1
5214611,0
7460620,0
9379895,0
9027853,0
658560,1
5449445,1
180954,0
1259491,0
1208207,0
9941039,0
6877635,0
1460876,0
3153743,0
8301218,0
4004425,0
8808972,0
6554741,0
5415145,1
7310137,1
691057,0
9201105,0
5735375,1
5290115,0
9997502,0
7264627,1
6407572,0
4888385,0
7693686,0
9854202,0
9762759,0
4592954,1
376730,1
4243587,0
7285619,0
5939395,1
747779,0
7706077,1
6427246,1
1562212,0
2570209,0
4134314,1
2131021,0
1869681,1
1671761,1
3513153,1
644317,0
2736186,0
6747057,0
2433986,0
1765671,1
3988621,0
8720351,0
1045401,1
7804087,1
1914374,0
157367,0
5632756,0
4565867,0
8258271,0
2847849,0
8923118,0
6452193,0
4319481,0
9964978,0
2823675,0
6807704,0
6795499,0
2369869,0
1271347,0
2076390,0
2147036,0
4348298,0
5989895,1
9769527,0
2228936,0
9162619,1
6237326,1
7802087,1
5874552,0
9628986,0
958649,0
9002219,0
5400536,0
6825028,0
247078,0
5605261,0
4992862,0
5208624,0
2910192,1
3110459,0
5775775,1
9444449,1
7750079,0
193910,1
3789942,0
2232322,1
6063606,1
71300,0
148410,1
5560655,1
2985698,0
6930158,0
8579176,0
6297338,0
3003210,0
8360638,1
1244421,1
344430,1
8099295,0
7133920,0
6401398,0
9402408,0
4551554,1
487457,0
6191916,1
6682307,0
1726271,1
4022051,0
6791419,0
5657565,1
7631367,1
1926291,1
8986402,0
4301034,1
1264746,0
6027575,0
139595,0
291301,0
1776994,0
2319132,1
24559,0
3231323,1
3462643,1
4297061,0
9153981,0
2336212,0
115110,1
7096037,0
3007867,0
4561654,1
5837305,0
8617582,0
3137392,0
6520808,0
4549849,0
8261197,0
7677133,0
7614167,1
5951155,0
3324233,1
7950960,0
3439527,0
6258352,0
519162,0
5736679,0
9125900,0
5754575,1
2732142,0
979950,0
1469802,0
3070703,1
6561656,1
4810184,1
731370,1
4833384,1
116927,0
5598922,0
1671903,0
6256468,0
4086804,1
5050629,0
32400,0
4108014,1
9424249,1
7586857,1
6056506,1
3316133,1
4072704,1
1214275,0
1578751,1
2683447,0
648549,0
7865026,0
7239853,0
1418740,0
5251525,1
6866686,1
677760,1
6872219,0
8924982,0
2856582,1
5149415,1
3028581,0
6674551,0
9450386,0
4450544,1
116271,0
1775095,0
2686192,0
3336504,0
907817,0
5051937,0
2749232,0
4346297,0
7569485,0
2347432,1
9315882,0
1235432,0
9784519,0
4529079,0
1421841,0
3959072,0
8320577,0
711356,0
3465912,0
2244496,0
774316,0
2185344,0
186523,0
7147729,0
619160,1
4418144,1
9904099,1
3862885,0
9152886,0
2789872,1
1449792,0
3218445,0
6421871,0
8203081,0
7657770,0
511150,1
8974446,0
9934191,0
63445,0
8879611,0
4674837,0
977603,0
355261,0
6112865,0
3091396,0
4226602,0
8871788,1
2967517,0
667993,0
6512156,1
4071234,0
458540,1
2208022,1
4147414,1
3191834,0
6417147,0
95900,1
6804265,0
8975729,0
147410,1
5229774,0
2379732,1
8985123,0
3999944,0
1252567,0
593166,0
5444570,0
4203546,0
5165615,1
2103812,0
3661589,0
6062517,0
3839383,1
7960697,1
9751628,0
8552558,1
5341435,1
8140028,0
2752572,1
6457955,0
8462190,0
7996271,0
3490862,0
3167807,0
7793997,0
124413,0
6422209,0
2751837,0
8299418,0
3349102,0
9465152,0
4639364,1
9256115,0
1613588,0
7746340,0
5896351,0
5711677,0
3863683,1
9615910,0
2482842,1
5580445,0
6007729,0
4471744,1
6355125,0
2614162,1
4152236,0
2673762,1
8770665,0
9124647,0
2784091,0
6464095,0
8104018,1
489424,0
7820287,1
8097908,1
3570738,0
5882887,0
3903657,0
6100287,0
8041903,0
6292991,0
3267623,1
1446388,0
4550550,0
372730,1
1315131,1
237883,0
1715364,0
9971849,0
2211122,1
4081995,0
393891,0
831461,0
7521214,0
4977640,0
6670766,1
9406871,0
2510163,0
2347066,0
4868407,0
9398662,0
1647028,0
6620572,0
2536352,1
1161915,0
1306031,1
8944498,1
7198620,0
2388832,1
2861765,0
6985726,0
2874811,0
7190917,1
6039498,0
6140692,0
6821432,0
5219852,0
604346,0
9177437,0
8232777,0
8316,0
4274150,0
8869959,0
4721676,0
9480939,0
4158315,0
3667870,0
9277689,0
8397938,1
8865042,0
5463536,0
5900018,0
8892048,0
655721,0
9171852,0
176710,1
2238054,0
2882651,0
6523256,1
7775965,0
5412421,0
7266091,0
1209143,0
7785792,0
3196913,1
8476748,1
3276837,0
1346862,0
972007,0
8527258,1
317227,0
3144413,1
2321496,0
9508059,1
7127684,0
1403568,0
8667668,1
2101955,0
8154518,1
5179591,0
1363150,0
5474745,1
7168518,0
5371620,0
8095342,0
1659972,0
6972796,1
4352447,0
3176677,0
8486956,0
7197134,0
3972793,1
4211124,1
9381457,0
9525259,1
5123060,0
6811186,1
5892596,0
7619167,1
5670269,0
4239139,0
8296928,1
954346,0
814964,0
5945495,1
4013104,1
4102110,0
4963694,1
4860562,0
5634178,0
9636784,0
5594982,0
9142283,0
6292871,0
655560,1
2574246,0
7301037,1
7188946,0
2868593,0
5640127,0
2422326,0
854962,0
9834389,1
2775772,1
5402045,1
703083,0
7957455,0
8089068,0
9265629,1
4837157,0
7529357,0
3899344,0
6497526,0
6531356,1
2668782,0
6391161,0
5845093,0
6304036,1
691960,1
672760,0
1299921,1
8323238,1
9617169,1
217115,0
3910952,0
4078556,0
4645464,1
4114922,0
3182813,1
62635,0
3861980,0
3246816,0
207432,0
8224884,0
1504273,0
6650617,0
662414,0
3850700,0
3744473,1
683860,1
2088802,1
1114111,1
2461616,0
9735379,1
2248422,1
8424423,0
9434361,0
4051504,1
6272287,0
3056503,1
7037107,0
6823288,0
2100012,1
4549433,0
8387814,0
2153442,0
330514,0
7837679,0
9492718,0
5188815,1
5478108,0
3955052,0
8018108,1
2273429,0
5253108,0
2959822,0
4487317,0
1827137,0
3764255,0
8054595,0
7672767,1
9135486,0
7418054,0
8861688,1
5312016,0
7584102,0
155446,0
7433347,1
783980,0
8775778,1
1530890,0
2912156,0
6368319,0
6976796,1
6652566,1
263928,0
538146,0
2104012,1
2324170,0
6232326,1
2066826,0
4978348,0
9669688,0
9061541,0
4482869,0
5555555,1
3385888,0
5290593,0
9853589,1
3820283,1
3201788,0
2965692,1
3088803,1
3560653,1
5785245,0
4314210,0
8167172,0
5624549,0
1819236,0
5307767,0
2504052,1
1825281,1
9374739,1
4058835,0
9516993,0
3981893,1
7837516,0
1841332,0
5651762,0
7490615,0
3975840,0
4171042,0
6039185,0
5894720,0
4491611,0
6450108,0
2558809,0
4976794,1
7690461,0
9768679,1
5682865,1
2006718,0
1083801,1
6159508,0
4129717,0
5587855,1
6552469,0
5950745,0
6267622,0
5177584,0
8822288,1
2286767,0
3415143,1
4508054,1
1989673,0
3789547,0
4052320,0
5594955,1
4632643,0
6853586,1
2422242,1
3264623,1
8624948,0
2664662,1
6310867,0
4171419,0
2826505,0
542764,0
4846432,0
9634369,1
4064935,0
1182799,0
2154047,0
131668,0
8980898,1
146366,0
5939554,0
4094696,0
7773410,0
2708937,0
1640461,1
75700,1
9552716,0
4684826,0
9849855,0
3510074,0
4129214,1
2866756,0
3429243,1
2540957,0
7181423,0
1766064,0
3759479,0
7178376,0
5082805,1
4280733,0
7693031,0
3046403,1
8521558,0
787675,0
7287827,1
1229221,1
8570044,0
8402048,1
5188133,0
9229038,0
255481,0
298920,1
9453168,0
2020509,0
7545868,0
4136297,0
5800914,0
8129018,0
6633378,0
1067431,0
8307038,1
6703076,1
9383829,0
2304013,0
8709409,0
7728277,1
5779158,0
4046527,0
6658091,0
3495943,1
7987423,0
9278875,0
855862,0
8347662,0
9629973,0
1607005,0
7343466,0
4379545,0
599950,1
4095904,1
5983427,0
144410,1
5119115,1
3335664,0
4730312,0
9078307,0
3722758,0
1878781,1
4932010,0
5770775,1
2112112,1
4693420,0
7995140,0
316405,0
16750,0
2382832,1
6132316,1
2114112,1
7124217,1
4213050,0
3233279,0
1828055,0
3495058,0
529732,0
4775774,1
3095611,0
4576754,1
2463236,0
5387354,0
8585055,0
7946977,0
4457535,0
6487764,0
1580138,0
5213853,0
9393939,1
987380,0
8815189,0
5767146,0
629260,1
1874105,0
2988810,0
5414014,0
4636588,0
647064,0
5768100,0
5184815,1
516632,0
1123005,0
7152177,0
430340,1
213026,0
7351452,0
6754378,0
3585603,0
1093249,0
3808311,0
3937193,0
570750,1
1576834,0
6720276,1
6971057,0
3987755,0
404040,1
3984893,1
8403048,1
8269660,0
7801087,1
6831903,0
2440273,0
6951596,1
6012588,0
6730676,0
1540451,1
3514153,1
1254236,0
6323236,1
1043638,0
972489,0
4513154,1
5686331,0
7787877,1
9958759,0
785870,1
1383142,0
438231,0
9543459,1
5534355,1
657869,0
5397935,1
8188299,0
9935115,0
2415142,1
5268211,0
9771131,0
4291924,1
8366260,0
3100013,1
8419751,0
6964696,1
8688183,0
4302033,0
5134724,0
9516433,0
7598592,0
8348241,0
7143823,0
105986,0
4774774,1
3989154,0
5621265,1
9611079,0
4614164,1
2230452,0
4100186,0
9008156,0
3459543,1
2080802,1
4577615,0
1330284,0
7064607,1
6595842,0
8806154,0
224478,0
8714924,0
229220,1
7581857,1
888881,0
2027646,0
8201803,0
4761674,1
229684,0
2753295,0
1308094,0
7141350,0
5250570,0
3450039,0
6762193,0
7308173,0
562788,0
3161987,0
471740,1
7996997,1
4779206,0
3766896,0
5960011,0
4765674,1
2971892,0
53500,1
9718666,0
5463407,0
9604747,0
1350205,0
8621078,0
2245422,1
7866747,0
7098907,1
8180432,0
8103796,0
9786854,0
4029204,1
1724765,0
6892986,1
460431,0
5040277,0
4608064,1
7705077,1
1141794,0
768368,0
8137270,0
5592955,1
9835007,0
3617939,0
9645469,1
3812039,0
7974897,0
6655208,0
3832383,1
749470,1
7428049,0
3216518,0
6760676,1
8463615,0
5865178,0
2130139,0
6138849,0
6487545,0
8748450,0
8275504,0
8441584,0
6923695,0
878886,0
4068274,0
6838720,0
508378,0
9573878,0
9766043,0
8858785,0
1905832,0
8211788,0
3852530,0
2698287,0
714088,0
3621770,0
4172259,0
9254030,0
8441448,1
1941491,1
7273727,1
4805097,0
1973791,1
5199225,0
4868935,0
9334339,1
5062605,1
5814185,1
9081809,1
4897984,1
7019107,1
5138522,0
1504051,1
1975745,0
5840485,1
3968693,1
7258527,1
875703,0
9432658,0
6146416,1
4745810,0
7364289,0
6585392,0
1230111,0
9730721,0
3199504,0
484664,0
5910796,0
8454548,1
876109,0
5957595,1
6629266,1
8300661,0
3969743,0
427271,0
7533357,1
3614163,1
1660498,0
4490991,0
2437615,0
6778392,0
2576752,1
4104957,0
2431745,0
3245895,0
6400540,0
3906091,0
6029206,1
8714440,0
5291500,0
7643467,1
6657040,0
6722794,0
2495299,0
7741173,0
478775,0
9759632,0
770770,1
6548810,0
9265047,0
4306429,0
4183503,0
8018738,0
7850587,1
5939594,0
8210353,0
8181027,0
62196,0
9544285,0
452961,0
1753571,1
9358908,0
6457848,0
613160,1
2984163,0
7587772,0
5681865,1
147509,0
7093152,0
3184903,0
5744861,0
7907289,0
8090959,0
1681590,0
9591959,1
8187017,0
6630750,0
2837382,1
3981020,0
4858472,0
6620842,0
2487842,1
3565246,0
8013108,1
1394192,0
1383831,1
3418406,0
4972794,1
6030306,1
6408725,0
9308039,1
5165051,0
2005763,0
6382195,0
7677144,0
8406651,0
9312139,1
7941497,1
108793,0
5481845,1
5410088,0
7456615,0
8758904,0
46862,0
853580,1
8541286,0
4829303,0
7903673,0
706070,1
4814184,1
4359730,0
9371126,0
7680018,0
8048998,0
418140,1
8603068,1
9639873,0
9366355,0
312986,0
5265064,0
1587679,0
4337334,1
4174971,0
712170,1
2249783,0
5955151,0
3835515,0
5548097,0
2625262,1
2934392,1
214120,1
820839,0
6031306,1
112923,0
2399932,1
894094,0
9032117,0
7353631,0
3634022,0
8847488,1
7409206,0
2650800,0
1548451,1
4642560,0
4269711,0
7800087,1
399930,1
63903,0
6116175,0
8416542,0
6777776,1
7913648,0
7609510,0
7267531,0
9347256,0
1652381,0
181555,0
2383479,0
2961277,0
1693533,0
9499059,0
8773026,0
9383839,1
5547455,1
9353645,0
7225227,1
922290,1
1269825,0
4837256,0
8542148,0
80800,1
601074,0
9976799,1
5820199,0
5304865,0
8635802,0
9566659,1
7677568,0
5783015,0
4475763,0
7211070,0
6838386,1
1433805,0
167860,0
664588,0
6430705,0
5461748,0
9845032,0
8548412,0
9461843,0
6210454,0
6289175,0
8025359,0
1812181,1
3423211,0
7967546,0
3058138,0
9142688,0
8549458,1
4999658,0
4172714,1
1961691,1
172017,0
7129217,1
5642216,0
9750571,0
4171196,0
247823,0
8355538,1
8515733,0
8856578,0
5588113,0
5776775,1
218120,1
3114113,1
8366751,0
9024045,0
2880812,0
3526244,0
6797778,0
5122360,0
1027036,0
5154721,0
1772707,0
6142697,0
3852878,0
384968,0
9278169,0
1065665,0
8965698,1
7743035,0
5878046,0
3813113,0
293613,0
5161708,0
800080,1
2702261,0
6325351,0
2054502,1
7763677,1
9970799,1
6704076,1
8827808,0
64600,1
2359532,1
1201622,0
9651115,0
2560105,0
128210,1
1006602,0
2545052,0
9674769,1
3128213,1
8729278,1
900090,1
5472051,0
4349111,0
6419539,0
1615892,0
4981894,1
7037307,1
8432359,0
6765676,1
865089,0
9904818,0
2825661,0
1954248,0
3377693,0
5268271,0
8294442,0
2191112,0
2295061,0
5496945,1
3650363,0
5089805,1
979380,0
9317165,0
8681463,0
8891024,0
1443015,0
5056505,1
5836967,0
8044882,0
286393,0
1778720,0
9103019,1
9482849,1
9364639,1
6845486,1
9101367,0
4662450,0
1109203,0
3712231,0
3500053,1
5514161,0
6540516,0
1594064,0
4528285,0
1164611,1
7876247,0
1680861,1
1270940,0
7930397,1
2599831,0
4565031,0
4032435,0
1271454,0
6199789,0
317130,1
5853585,1
7497947,1
108794,0
225688,0
1789232,0
2157565,0
6035306,1
7053507,1
3193727,0
3392933,1
988217,0
3196458,0
2509050,0
9258870,0
8138824,0
8253556,0
5408045,1
3160866,0
4224224,1
2757572,1
6958237,0
4014113,0
5757569,0
934277,0
4342434,1
5544455,1
6859222,0
8385709,0
4196914,1
6477092,0
8605254,0
8098932,0
1815055,0
722270,1
4050382,0
1467937,0
2607277,0
9750646,0
6619166,1
2404034,0
9255474,0
818180,1
1889952,0
5673765,1
2734851,0
732370,1
7770347,0
4362557,0
5983238,0
656932,0
7228384,0
2882897,0
3479719,0
9744479,1
3670303,0
2304328,0
718170,1
4823897,0
6803160,0
548450,1
2441870,0
2129455,0
9935399,1
6393774,0
1941384,0
1752119,0
2615339,0
7893116,0
6499990,0
2913192,1
1728883,0
6884050,0
6808355,0
497503,0
5752625,0
2396932,1
8974064,0
1928567,0
2609167,0
6404632,0
7919197,1
9810803,0
3818973,0
8384838,1
7586640,0
3261691,0
7892178,0
612017,0
8875669,0
9454448,0
4120546,0
7026207,1
5797200,0
9900320,0
3759104,0
5201694,0
3883192,0
1704071,1
545450,1
6589280,0
480840,1
17976,0
7506057,1
3999184,0
9450203,0
8054385,0
3257668,0
8703622,0
5903095,1
9110758,0
6870786,1
3940493,1
2961692,1
5846744,0
1782596,0
5877648,0
5328374,0
7541285,0
4944494,1
9447449,1
470007,0
8410257,0
2023091,0
8370925,0
7537274,0
988045,0
560385,0
245420,1
7004037,0
8646468,1
5107015,1
8623324,0
7181817,1
3707053,0
927746,0
3768202,0
3085803,1
4267667,0
4430344,1
527414,0
7891102,0
1563372,0
820280,1
7821095,0
9122426,0
4946281,0
3750264,0
7853587,1
6904528,0
2583852,1
4332248,0
1817727,0
794746,0
3183048,0
8384863,0
7032007,0
3402557,0
1131311,1
2088533,0
5043697,0
6405046,1
4569243,0
4387109,0
3662665,0
7916197,1
4644320,0
1708334,0
5742183,0
3197699,0
6359740,0
9210984,0
1438341,1
4677223,0
1298921,1
6461873,0
5519064,0
4922294,1
3795613,0
1456783,0
1834166,0
7625885,0
9892894,0
266043,0
8771778,1
7484884,0
1099901,1
9892989,1
9824289,1
691887,0
8924298,1
7333337,1
8635401,0
5851434,0
6836420,0
5327129,0
7448447,1
9139883,0
7120084,0
5095641,0
6977187,0
9114704,0
6650566,1
1300031,1
5172788,0
3421350,0
6896958,0
4281413,0
7450510,0
4338465,0
2367444,0
8157518,1
4141618,0
9607919,0
4487448,0
2272245,0
6688866,1
9954055,0
9978712,0
8341396,0
4948026,0
200020,1
7512903,0
2671397,0
2174712,1
8780883,0
1972930,0
7352813,0
7093907,1
7294927,1
1001517,0
3547942,0
8996106,0
9639369,1
5576519,0
8838094,0
641460,1
4099719,0
3535483,0
5040405,1
5752323,0
6244426,1
2208679,0
9220885,0
1573751,1
625654,0
333085,0
5231191,0
1186811,1
8014266,0
5472793,0
3716181,0
6637134,0
4378734,1
4715349,0
3730780,0
6077887,0
9094909,1
7023771,0
640543,0
7035537,0
2054354,0
7550696,0
6798106,0
4573366,0
8989898,1
2835710,0
671646,0
8356538,1
3870783,1
4545454,1
9408154,0
1008899,0
7390937,1
9862689,1
8467144,0
6678581,0
358348,0
3019103,1
409413,0
2784775,0
461252,0
6832386,1
1171711,1
3169837,0
2540215,0
319909,0
7832331,0
1734024,0
3320402,0
516860,0
4609501,0
4535790,0
47055,0
9195919,1
3376918,0
8762126,0
4783482,0
3436432,0
745944,0
9938703,0
5886882,0
7331337,1
9844489,1
2121643,0
4768938,0
9293929,1
1900091,1
7287900,0
6042224,0
5336798,0
6339336,1
9659569,1
8644468,1
441273,0
9153628,0
2545551,0
2552176,0
5039441,0
4902094,1
2701072,1
1572249,0
2526207,0
4864862,0
7492947,1
1418141,1
511050,0
7700077,1
6552659,0
3160871,0
2851920,0
9002009,1
7506173,0
8318997,0
1791151,0
9549459,1
750570,1
7094382,0
4804133,0
3623218,0
2576930,0
779711,0
6441772,0
1765125,0
6152763,0
3520253,1
9228499,0
5906811,0
3939990,0
3123857,0
7457917,0
3215044,0
6227392,0
851621,0
1661732,0
3779773,1
5532020,0
6284826,1
4811341,0
2681447,0
9683336,0
7299238,0
1992836,0
6573682,0
2820298,0
6540155,0
5824666,0
5154557,0
9672455,0
7281827,1
7964198,0
8112118,1
8276571,0
965097,0
7734004,0
2403177,0
1215010,0
5281825,1
7647467,1
5538557,0
5445445,1
3960693,1
9347272,0
9960612,0
8147878,0
3385068,0
9614890,0
7542524,0
4803084,1
9564659,1
9096934,0
4597764,0
5031531,0
3358796,0
9739957,0
2729712,0
8906226,0
1416534,0
6340444,0
4294924,1
9203864,0
1597760,0
2136456,0
8731893,0
7832387,1
1500856,0
3612305,0
2830953,0
2917508,0
4603149,0
1975735,0
1439341,1
5650266,0
6895841,0
1192096,0
2784872,1
5509361,0
60285,0
3623849,0
476345,0
4138174,0
3644984,0
4739509,0
5135248,0
5505055,1
2107383,0
9774676,0
7558557,1
7154613,0
9792189,0
5461056,0
9717026,0
6135896,0
3788495,0
98772,0
2607867,0
9285829,1
8386838,1
8093715,0
3901093,1
6899986,1
2118112,1
8562182,0
4541780,0
7682005,0
1388214,0
8604068,1
9340857,0
2233434,0
1302313,0
6471664,0
1316337,0
6077311,0
5742826,0
1746471,1
8761581,0
3295696,0
9588896,0
6481846,1
9652975,0
928290,1
205545,0
9190139,0
2860117,0
8821721,0
1875781,1
1498328,0
8851318,0
3145614,0
7433439,0
8158571,0
1514759,0
5730856,0
7844487,1
1884881,1
8874235,0
959590,1
9691835,0
9168419,0
4771568,0
1015101,1
3633363,1
6983278,0
9744436,0
8942855,0
9373669,0
3063603,1
4390289,0
3278723,1
9636255,0
1107011,1
4455627,0
674085,0
513738,0
4544289,0
3596767,0
5637365,1
5623265,1
7147417,1
3181813,1
185571,0
1558491,0
5466863,0
423136,0
7556422,0
8892404,0
649362,0
7077661,0
4228224,1
800105,0
8285980,0
5629550,0
8056538,0
7940243,0
9694160,0
3189260,0
1495941,1
6274373,0
281353,0
7310546,0
4067329,0
8547078,0
6643742,0
1978791,1
6635788,0
3545458,0
4053182,0
9337339,1
4466162,0
4172339,0
8942688,0
8231660,0
1057317,0
6967696,1
9980899,1
8901098,1
3361216,0
5246425,1
8151518,1
9942499,1
8176001,0
460296,0
786282,0
4182623,0
2146412,1
8405048,1
5618397,0
4782372,0
4788404,0
7698967,1
9998562,0
5258171,0
3594063,0
1693961,1
9862652,0
1080801,1
1193903,0
2924746,0
8042029,0
9476382,0
2857011,0
7647364,0
4055504,1
8484891,0
3044987,0
1407069,0
6169616,1
975610,0
3384833,1
5936832,0
807295,0
238320,1
240869,0
9561659,1
4546454,1
4982553,0
891980,1
621684,0
9558364,0
9783968,0
4486310,0
5925291,0
4392194,0
5027618,0
3897710,0
559349,0
6335696,0
1413141,1
1406058,0
9828289,1
3371733,1
5423306,0
9593959,1
9349667,0
6855617,0
1886228,0
2583625,0
8069428,0
3193552,0
9351332,0
8143578,0
8840488,1
1420295,0
2029326,0
9770596,0
6017655,0
9930441,0
8861181,0
2814439,0
1775914,0
7901097,1
9548459,1
6444640,0
1265136,0
7423484,0
8708165,0
6247470,0
4287824,1
1054501,1
4479897,0
4806693,0
8980863,0
3155277,0
8398938,1
6040875,0
2422925,0
1761166,0
2456856,0
9018109,1
3577753,1
4681507,0
1354538,0
8628752,0
6312136,1
4653229,0
4117114,1
125210,1
6391901,0
2307629,0
824013,0
6572756,1
222220,1
3354533,1
6530356,1
1047669,0
5800440,0
9223521,0
2828129,0
4874784,1
3482843,1
9196919,1
2392644,0
516110,0
1173338,0
4167162,0
47400,1
8622046,0
9553293,0
2004098,0
4628592,0
2654420,0
1627606,0
5519691,0
7755077,0
4844484,1
1434650,0
4000794,0
9235329,1
7050507,1
7012107,1
9817571,0
8260469,0
4031304,1
7503008,0
3609063,1
9422126,0
558550,1
4151514,1
2814182,1
4955483,0
2680825,0
9611043,0
5777775,1
7641467,1
3385833,1
3525652,0
7375737,1
2841676,0
7157623,0
59871,0
598368,0
4738350,0
6608146,0
8094694,0
2215122,1
5817934,0
5464026,0
4160225,0
5630066,0
9344439,1
3732625,0
1049876,0
4576461,0
3266955,0
2968900,0
3124075,0
8883745,0
5753575,1
9343839,0
9677769,1
9586195,0
3449381,0
4575754,1
8726725,0
1399931,1
72136,0
2207791,0
4621637,0
6487109,0
9287829,1
5803085,1
6185755,0
1141055,0
937822,0
7559549,0
8498948,1
2993250,0
8189156,0
5399391,0
7600067,1
3427236,0
4638230,0
6702076,1
8727721,0
4077704,1
9533359,1
1600846,0
2164596,0
7109017,1
1656561,1
5045000,0
1927291,1
495940,1
3719173,1
603515,0
3567982,0
7683867,1
1802081,1
5010454,0
7963476,0
2134770,0
3036303,1
8302545,0
4269525,0
5299870,0
835319,0
7249971,0
1124766,0
194613,0
5642915,0
6117593,0
3040478,0
7086080,0
3011149,0
9927360,0
8627268,1
5313570,0
92921,0
4078331,0
1883934,0
1703071,1
6114116,1
8885888,1
6534356,1
7206065,0
2012791,0
7470747,1
672594,0
2596794,0
7750577,1
9747995,0
9106019,1
9329239,1
5690978,0
1027201,1
8897645,0
6319136,1
2097902,1
3759904,0
9545556,0
5228894,0
2585778,0
8910159,0
1375244,0
9110855,0
3433856,0
341447,0
9529925,0
1146765,0
6368569,0
710292,0
1776393,0
376227,0
5289418,0
952590,1
1098901,1
3466042,0
3959079,0
2984190,0
8840417,0
5456690,0
184810,1
8933696,0
6749952,0
2026202,1
1587851,1
1784871,1
5616899,0
54500,1
318428,0
2934411,0
1265721,0
2669119,0
1216315,0
5344188,0
343666,0
4135314,1
4893984,1
259202,0
1097044,0
2869682,1
9393548,0
1305920,0
3960651,0
5914195,1
7241055,0
3862319,0
8312138,1
5548565,0
1344664,0
7574757,1
2130574,0
7838374,0
2876399,0
182400,0
4144414,1
1887881,1
8967654,0
8998227,0
1607061,1
3949019,0
2246422,1
6216314,0
2846086,0
798907,0
4224289,0
1074701,1
971736,0
2987948,0
2394932,1
1965245,0
9601069,1
3597375,0
1320672,0
5255266,0
5961519,0
6987321,0
4177469,0
1586851,1
4020053,0
3547932,0
9047439,0
737046,0
6348940,0
1598462,0
2965607,0
9754579,1
4499569,0
2933377,0
2590728,0
8826261,0
6551556,1
339330,1
8136609,0
5193211,0
8872807,0
3433774,0
1703582,0
5577748,0
7645223,0
9071709,1
4782710,0
3481995,0
6023206,1
7394937,1
1220980,0
8244604,0
7642467,1
3892920,0
1865681,1
2443001,0
9375639,0
7877590,0
3990325,0
4603040,0
9831389,1
8405962,0
31300,1
8170497,0
1656130,0
1548567,0
5395409,0
33817,0
6072706,1
1520288,0
3589334,0
720986,0
71994,0
888880,1
5933134,0
8385682,0
5532107,0
9920220,0
6230326,1
5110782,0
6555552,0
1681635,0
7116154,0
1223257,0
7436347,1
6372736,1
788244,0
3423125,0
4245424,1
5865345,0
6830386,1
2559419,0
485504,0
7009241,0
8414148,1
2162612,1
6314131,0
956681,0
6177438,0
423240,0
1339424,0
5683911,0
7053871,0
7296927,1
272720,1
4309034,1
8532358,1
1553975,0
7834387,1
9020735,0
2976566,0
8670768,1
1886881,1
68600,1
3327230,0
2429497,0
4497307,0
5337958,0
4522296,0
3807083,1
7188398,0
6470497,0
8962698,1
9529841,0
2656297,0
4634364,1
7847508,0
2499775,0
3539353,1
664660,1
7199899,0
7267627,1
3885050,0
621826,0
5924516,0
4563115,0
3674244,0
1039960,0
6982284,0
7061607,1
6933396,1
9521503,0
7264648,0
3838693,0
4453710,0
8437983,0
4753518,0
1866564,0
2525252,1
2387947,0
4210221,0
1979196,0
8419148,1
2991864,0
43400,1
8749478,1
2413142,1
8776618,0
8535358,1
879780,1
5802085,1
9916199,1
1259630,0
9984989,0
8651409,0
455540,1
7613465,0
1067784,0
8353156,0
8105306,0
2829524,0
878596,0
2736372,1
2810182,1
9484103,0
6012967,0
9836389,1
9791914,0
2437878,0
110923,0
9438259,0
4438797,0
8994130,0
257886,0
9619803,0
3063994,0
8742116,0
6611711,0
283050,0
6447446,1
2532110,0
5088357,0
3340070,0
5092358,0
4417126,0
2813133,0
8536918,0
9570759,1
5234258,0
7057771,0
3301187,0
8064608,1
7931328,0
8869657,0
1188811,1
4471091,0
2992992,1
99813,0
3236107,0
2277722,1
4307034,1
6855586,1
8479476,0
1967403,0
5882332,0
7149400,0
4801662,0
7042082,0
232769,0
9899989,1
9952475,0
8369306,0
2567652,1
9798986,0
3435556,0
2927777,0
1733836,0
12873,0
1187811,1
3834914,0
5139695,0
113264,0
4730006,0
5416145,1
4553293,0
4651454,0
1447231,0
7654756,0
623260,1
1921291,1
1273721,1
2194488,0
9649079,0
116751,0
2971025,0
9061543,0
4765148,0
4826007,0
1141425,0
9227601,0
817180,1
5314810,0
9642469,1
7040003,0
2703072,1
1859740,0
9252529,1
2671058,0
2496942,1
1844407,0
9724533,0
7092646,0
2849307,0
8739378,1
2558595,0
1410560,0
2964692,1
1197540,0
8201462,0
6570896,0
9995534,0
3233673,0
5972444,0
3843728,0
1047401,1
6163616,1
694960,1
2971792,1
6876692,0
6055506,1
7647310,0
3431628,0
8078683,0
3291875,0
7657547,0
8855588,1
3677763,1
5690325,0
7220295,0
1417741,0
9886371,0
7499372,0
2147038,0
3119580,0
8853588,1
8315954,0
6259016,0
4600064,1
4702479,0
4896788,0
1610526,0
1538988,0
9807754,0
2535728,0
2145412,1
5085627,0
6162248,0
1410808,0
1861508,0
8831563,0
4320234,1
8081808,1
3380833,1
2841051,0
2372118,0
4850835,0
5496060,0
8689016,0
3974628,0
7921297,1
649108,0
7866687,1
5755068,0
8457632,0
6315592,0
4447510,0
3737882,0
6812411,0
9899305,0
8692211,0
7190358,0
5601575,0
6061571,0
8806316,0
3145438,0
2213122,1
125072,0
3289069,0
9846489,1
773155,0
381830,1
9252280,0
1039410,0
6390207,0
1676927,0
1573305,0
3189813,1
2901965,0
6010343,0
9002951,0
4969875,0
2729426,0
3931759,0
2691962,1
6253526,1
2639362,1
8653568,1
6893495,0
1242737,0
578185,0
6424134,0
8072612,0
2716805,0
9434076,0
3228223,1
696640,0
9693969,1
2548940,0
4840290,0
6531798,0
8023928,0
6446400,0
9941748,0
9595959,1
3305894,0
2784459,0
4994994,1
1785559,0
1576403,0
5999905,0
3170137,0
3964693,1
7024495,0
2373062,0
1998991,1
1106458,0
6661080,0
9913770,0
7937385,0
2009106,0
5554167,0
3472474,0
1862894,0
165292,0
6944775,0
127762,0
805080,1
542723,0
2198615,0
452841,0
1898981,1
1087801,1
7092331,0
7776777,1
8679696,0
6775161,0
6934114,0
1587235,0
5338335,1
7075707,1
9744934,0
6012106,1
7995754,0
1094901,1
4122302,0
7888800,0
6787686,0
9908112,0
1146682,0
7989897,1
7969697,1
7583857,1
5314008,0
8041227,0
9669203,0
9178719,1
9514159,1
6639717,0
7807527,0
3112310,0
9060422,0
1974807,0
7191029,0
2752712,0
6466646,1
7538063,0
7411434,0
1075257,0
2310339,0
7249662,0
6149667,0
7883887,1
9804662,0
1143620,0
9799377,0
9504755,0
8057508,1
3094148,0
3606992,0
5125272,0
6841486,1
4150004,0
9443449,1
6783038,0
3690963,1
8439348,1
86454,0
7398937,1
2059195,0
3765258,0
5139775,0
1368222,0
2711172,1
4796974,1
6173716,1
2018621,0
6357536,1
9965699,1
8226409,0
1453541,1
2711344,0
2993992,1
7181223,0
3730373,1
1788871,1
2774486,0
4039522,0
6882886,1
6096328,0
3911523,0
6229422,0
6770361,0
4776832,0
1187562,0
5143044,0
4996678,0
6373736,1
3015103,1
6642986,0
1076158,0
1484219,0
5272595,0
782870,1
3731704,0
9160619,1
5900387,0
8957191,0
4980894,1
6523802,0
704694,0
5212804,0
5884698,0
9833557,0
445868,0
1869049,0
7693967,1
3948932,0
1602942,0
2881049,0
8251528,1
5039731,0
3361610,0
9594388,0
9507803,0
2790877,0
9996774,0
9923299,1
8122165,0
5685100,0
8527614,0
5009973,0
4872864,0
9547459,1
3682534,0
287820,1
911190,1
4597841,0
7962494,0
1794971,1
9206530,0
8642235,0
9094950,0
6997210,0
9449449,1
9704801,0
2191856,0
4193914,1
5683892,0
6245426,1
4507327,0
5284115,0
6095006,0
6884418,0
9749257,0
785034,0
7044092,0
4847663,0
7996837,0
7080192,0
9122689,0
8091680,0
5905616,0
2875740,0
9958608,0
8527649,0
4169104,0
3908457,0
505161,0
8455707,0
7950597,1
4297924,1
9101019,1
9714179,1
9367813,0
2114940,0
1878550,0
8275232,0
4995857,0
4089804,1
4419144,1
3122573,0
2388222,0
8886858,0
5633377,0
9532359,1
8718178,1
4081804,1
5650902,0
307715,0
3841250,0
3620263,1
3004003,1
278524,0
9315714,0
626268,0
6357095,0
9899962,0
7176179,0
7462503,0
2893282,0
1861226,0
8703523,0
8116118,1
9121078,0
4845562,0
253520,1
9146720,0
7604853,0
9936784,0
2870782,1
3529253,1
3675152,0
1872481,0
2199585,0
9209029,1
3868718,0
4727274,1
7848680,0
8310138,1
880880,1
5789875,1
8259205,0
2913708,0
8680842,0
5998745,0
9711179,1
5898324,0
3135156,0
5476745,1
4533158,0
5262625,1
686860,1
6110116,1
7435118,0
8631368,1
4012794,0
9140822,0
1085964,0
1884861,0
9409049,1
8706148,0
1940027,0
4348027,0
1837639,0
6330336,1
8295764,0
5997350,0
404426,0
1345073,0
3420243,1
5894679,0
6614759,0
8394460,0
8978798,1
3604063,1
6732381,0
5256786,0
6174751,0
5958595,1
8719869,0
7144566,0
1594951,1
939162,0
1645330,0
5703820,0
6795936,0
7059978,0
2338143,0
5050175,0
28958,0
322156,0
5194886,0
2240422,1
9681869,1
7239043,0
2215070,0
5881847,0
2337745,0
4861837,0
7253147,0
8497948,1
3007003,1
7326188,0
4004004,1
590861,0
1037338,0
5408886,0
6918562,0
169536,0
4353056,0
4095316,0
9221286,0
564650,1
7188776,0
9768286,0
7963328,0
5350482,0
2748472,1
9174719,1
4133199,0
2790972,1
9097909,1
9220769,0
2109914,0
5733920,0
343564,0
3958295,0
5604696,0
9759782,0
5702499,0
7736338,0
8385346,0
2455620,0
4557728,0
4651730,0
3377401,0
7964296,0
5431998,0
8211966,0
1320467,0
5429245,1
3619898,0
1047013,0
153916,0
6887886,1
4121214,1
4933958,0
8015863,0
9945059,0
684524,0
7898397,0
6385836,1
7199006,0
1395577,0
3792159,0
9990853,0
9114418,0
2892841,0
6231182,0
9009009,1
4837822,0
5751389,0
1523251,1
6571756,1
2238816,0
7369850,0
7553557,1
2470742,1
5978795,1
9741389,0
1088801,1
8017108,1
8773631,0
7597388,0
4654706,0
7685867,1
44696,0
6204026,1
9760321,0
6086338,0
1998145,0
5735618,0
4168614,1
822029,0
760670,1
222553,0
6011023,0
5942498,0
7623849,0
8564361,0
7762677,1
4955766,0
2666586,0
1937070,0
4540690,0
5318076,0
2896283,0
9977295,0
1638624,0
9793840,0
2850675,0
605060,1
8259810,0
972872,0
5056218,0
9173719,1
7976797,1
6647466,1
3003486,0
2512031,0
2199912,1
9799382,0
908110,0
5640465,1
2115112,1
784098,0
2577011,0
2159512,1
5932252,0
2070702,1
4337105,0
7804839,0
3537287,0
2556552,1
4894954,0
5322356,0
3492943,1
7590445,0
3024560,0
9537228,0
4114347,0
5830385,1
964308,0
3057260,0
792970,1
107663,0
4455338,0
6303195,0
7194091,0
7040614,0
5498450,0
948490,1
7224807,0
8445977,0
9119008,0
3544499,0
4806554,0
9748220,0
1601428,0
7391937,1
709070,1
7978797,1
6611225,0
7428545,0
2579752,1
9326239,1
2768794,0
8298292,0
4453544,1
9130404,0
6257168,0
1048401,1
2465269,0
2322020,0
8881373,0
5061715,0
7638857,0
3998702,0
4913154,0
9308519,0
9712622,0
4787144,0
6425337,0
6182876,0
3909279,0
7484732,0
1740471,1
1821588,0
6595609,0
3077608,0
3355011,0
6808498,0
7328846,0
5642465,1
2111365,0
7071707,1
5148415,1
1228579,0
2706716,0
5192351,0
3048403,1
8536816,0
567650,1
1034884,0
8078708,1
2542452,1
3493143,0
9722348,0
4924983,0
2940812,0
3853792,0
1774771,1
8242428,1
1466641,1
7836990,0
5127123,0
4576265,0
7916579,0
694251,0
4309044,0
8340876,0
4986966,0
2178744,0
3557081,0
9333339,1
7913907,0
8005480,0
5181815,1
6460646,1
2693962,1
2016537,0
8952598,1
1147202,0
5748322,0
2297805,0
1202021,1
777026,0
9837997,0
4454025,0
1289116,0
6258526,1
1123135,0
6017938,0
7546134,0
2904092,1
3259523,1
6562696,0
4258892,0
371158,0
3248190,0
8694901,0
6448665,0
5773113,0
8109018,1
7581161,0
8085144,0
9254389,0
7229758,0
1389831,1
2574849,0
3153126,0
2249355,0
4499956,0
7476112,0
643435,0
5459545,1
7252527,1
6927443,0
8093908,1
5251305,0
3717019,0
6778762,0
2659918,0
1727356,0
3922281,0
4099904,1
9174552,0
1158857,0
9283243,0
6258308,0
9946145,0
3802083,1
2843392,0
7581986,0
3721273,1
7551557,1
2592325,0
3651938,0
9654635,0
1224724,0
310355,0
9611662,0
4939108,0
5843628,0
2945968,0
6813099,0
2257920,0
5529055,0
9594153,0
72370,0
6841482,0
4181166,0
4649321,0
2881025,0
4614582,0
525250,1
3571966,0
7683011,0
1485533,0
5048405,1
6743199,0
5342435,1
1604585,0
877270,0
9702778,0
6113116,1
8664296,0
9463649,1
9411149,1
5054708,0
2333793,0
4920294,1
6583250,0
9321757,0
5445581,0
3424151,0
2318885,0
407140,0
5624879,0
2077359,0
8780878,1
4222224,1
6021828,0
5081183,0
7879131,0
3858437,0
8899106,0
1505051,1
4611164,1
5023205,1
2035376,0
6371689,0
4918998,0
2467891,0
6280093,0
5827285,1
1510179,0
4618048,0
242747,0
6140309,0
1122820,0
9353611,0
7314069,0
6850240,0
8671414,0
6816999,0
35333,0
1226124,0
5279778,0
5294800,0
1510151,1
6746072,0
3474743,1
6198064,0
9613544,0
1708108,0
8960765,0
5863335,0
2029772,0
5841002,0
4148392,0
5285275,0
9444675,0
6749557,0
450123,0
5797975,1
9726560,0
2330417,0
6652035,0
8808355,0
4536354,1
6311136,1
1240059,0
6906748,0
522571,0
5900934,0
2059511,0
3291769,0
6910035,0
3615163,1
3110009,0
7102909,0
9751579,1
5492951,0
4870989,0
4701649,0
1745080,0
8649468,1
1633656,0
9376820,0
3707560,0
6773287,0
9990509,0
2555552,1
4662664,1
5922910,0
5378407,0
7138476,0
2233594,0
7825287,1
4772477,0
1768671,1
4273523,0
8402452,0
249919,0
636936,0
9274729,1
6499679,0
3032409,0
973360,0
3661352,0
5647836,0
5307497,0
5865875,0
4199715,0
8810726,0
7726523,0
6475468,0
2561017,0
9320206,0
4845912,0
7403400,0
6435640,0
7387837,1
5946235,0
6259713,0
6735874,0
5550084,0
4423443,0
4924634,0
1472741,1
1948491,1
5747605,0
5452740,0
1779771,1
1796809,0
14781,0
413550,0
8694717,0
6033306,1
9687374,0
8577286,0
8290805,0
2879921,0
2429242,1
7441447,1
6631330,0
5566655,1
2860751,0
225019,0
2515985,0
889880,1
5806579,0
7465647,1
1559551,1
8967367,0
7307430,0
9553559,1
3989893,1
5730085,0
3554075,0
3566510,0
7413354,0
5244778,0
7236367,0
66081,0
9825522,0
78910,0
6650696,0
7791175,0
6153516,1
1849578,0
4139581,0
3242423,1
2169859,0
4714174,1
8178718,1
3497559,0
8197444,0
3701692,0
7967697,1
6978211,0
1793971,1
3706045,0
1775963,0
8856655,0
3082803,1
922508,0
2948589,0
23375,0
4286824,1
1548641,0
1539351,1
4451753,0
5412463,0
9366430,0
2448581,0
2239264,0
7030005,0
3535806,0
4781996,0
780118,0
6492946,1
5938692,0
8570758,1
5445891,0
7436038,0
516150,1
2508902,0
3016518,0
4602692,0
8718727,0
9051674,0
2911192,1
5659565,1
1982777,0
8212128,1
1667934,0
8846194,0
5493761,0
8856588,1
8177718,1
3740700,0
7983727,0
6643062,0
7555064,0
6597956,1
6771518,0
4737835,0
2803082,1
5611553,0
2788755,0
2550552,1
9378408,0
6596956,1
806080,1
1344484,0
116082,0
1173455,0
510150,1
2452542,1
1984290,0
963690,1
8375943,0
1028201,1
876780,1
8409048,1
9405537,0
8932153,0
2180004,0
4667001,0
5850714,0
7897829,0
764625,0
7757577,1
3005317,0
1431341,1
3836383,1
7065607,1
2515675,0
640940,0
8715472,0
998626,0
1646436,0
4309991,0
4380024,0
2092642,0
4638521,0
9959599,1
9255382,0
7270593,0
9273729,1
9536359,1
513406,0
9511175,0
8088502,0
9896989,1
5489728,0
2942145,0
7321287,0
4766674,1
3296923,1
6872786,1
5938395,1
3928293,1
8359541,0
8739685,0
3411143,1
5109015,1
2352855,0
9460765,0
2712172,1
922472,0
9244194,0
5532434,0
6885304,0
6297926,1
949559,0
2125712,0
6633369,0
8119620,0
1836625,0
7606990,0
4183814,1
2963656,0
979790,1
4523254,1
3972583,0
3046710,0
5035305,1
4401092,0
6100774,0
1017101,1
3129033,0
6015688,0
1235892,0
3084261,0
1604036,0
4213250,0
546232,0
5253879,0
5175108,0
1136311,1
7594193,0
1983572,0
5604065,1
3915178,0
4995233,0
2194912,1
5057497,0
4950594,1
2704072,1
13672,0
510176,0
920930,0
7591957,1
2229287,0
209051,0
1423241,1
9270420,0
9734557,0
1657561,1
7174717,1
6117520,0
4448207,0
9882889,1
4507054,1
2756437,0
8714556,0
6167429,0
6824905,0
959541,0
4988426,0
2142412,1
1410541,0
9807271,0
6357359,0
1506167,0
7916494,0
424289,0
8895198,0
1485841,1
5128424,0
7679767,1
251773,0
3707168,0
6252791,0
7289827,1
7666257,0
896668,0
3080803,1
5617424,0
6184816,1
1411141,1
4759283,0
5850585,1
2948492,1
2352532,1
1326657,0
2002002,1
897980,1
6095906,1
5818185,1
6266795,0
5242272,0
4763793,0
9855603,0
7238141,0
3878550,0
4995994,1
661985,0
3713926,0
9838882,0
7529257,1
6979870,0
8310277,0
7849487,1
1608061,1
4066384,0
9696168,0
6844927,0
1416051,0
7300075,0
6211126,1
726792,0
8473096,0
1158511,1
4303034,1
3503053,1
6489421,0
2472742,1
615841,0
1412141,1
4416675,0
7736822,0
1564084,0
1561306,0
6351921,0
6318573,0
2412782,0
4442805,0
9061450,0
7604067,1
5865685,1
718980,0
6444834,0
4631773,0
6587030,0
1789107,0
2641670,0
900352,0
6926898,0
1571751,1
8681761,0
233051,0
5635365,1
9637369,1
6485642,0
9647469,1
1664661,1
2922176,0
2440597,0
6763465,0
6711714,0
1063601,1
527935,0
8814188,1
9479320,0
4487844,1
4550243,0
489326,0
7212127,1
5271592,0
3209563,0
1284656,0
4578754,1
9524767,0
7357537,1
9396210,0
4321575,0
1648461,1
6545615,0
8000,1
1119735,0
8412372,0
2072438,0
5392832,0
8044657,0
8271728,1
2573251,0
2528649,0
5399835,0
221600,0
3566653,1
6635366,1
8959598,1
9046409,1
8686506,0
6034561,0
9609420,0
4581144,0
3449582,0
2592679,0
2991172,0
3335777,0
1636908,0
1037760,0
1327622,0
4605064,1
299278,0
8796883,0
3496943,1
221802,0
3678745,0
4690393,0
6300007,0
7278599,0
9810189,1
9740479,1
9896608,0
7282827,1
1752028,0
4477406,0
2401042,1
5009577,0
1206021,1
443385,0
65511,0
6362713,0
4963854,0
8950803,0
5271981,0
3176713,1
5564745,0
6613359,0
782699,0
4656564,1
8215392,0
8715287,0
2359823,0
204020,1
8942498,1
5947495,1
1105011,1
6154343,0
8437802,0
3535315,0
4298924,1
7664445,0
6536356,1
5558883,0
7918088,0
8275728,1
4657862,0
8380040,0
2986892,1
2060254,0
6399493,0
3322233,1
9153844,0
2486842,1
7000,1
1390463,0
5074888,0
5304035,1
583850,1
2259747,0
7597737,0
2445475,0
8999998,1
5671765,1
7328346,0
388183,0
7383943,0
600972,0
6096152,0
3103013,1
8842488,1
3521061,0
6210126,1
2220412,0
1988939,0
5161976,0
4068722,0
695326,0
7758577,1
2027202,1
5783239,0
942077,0
2502052,1
8087808,1
286380,0
8493415,0
5721673,0
5563192,0
1138109,0
2355593,0
8416740,0
1769193,0
5295932,0
4054523,0
4917281,0
441440,1
7525257,1
5058460,0
9283192,0
2355532,1
345446,0
5843958,0
7147447,0
9838389,1
2705374,0
369352,0
4358761,0
7745240,0
4529254,1
4986826,0
8135021,0
6457546,1
6705076,1
3642899,0
3798814,0
3747663,0
9470749,1
9326074,0
7062607,1
5764421,0
7387208,0
7280607,0
656376,0
2106012,1
6319593,0
2802365,0
3671763,1
8793978,1
8445448,1
9894467,0
2952592,1
3559235,0
5395697,0
184157,0
5353565,0
9349215,0
9214155,0
2993574,0
4964546,0
2122138,0
2681611,0
8012311,0
8883888,1
5913928,0
7370737,1
5090765,0
4674534,0
4005004,1
1960509,0
849381,0
2981892,1
358530,1
1368080,0
762670,1
1545,0
4634945,0
8155518,1
1203484,0
4018104,1
9133319,1
8068089,0
2070442,0
900402,0
8223095,0
9620162,0
3282137,0
5855225,0
692441,0
399856,0
4210421,0
9134485,0
2639011,0
7996309,0
4827463,0
7163617,1
4530163,0
1086542,0
8589437,0
9185841,0
4444271,0
170710,1
7742477,1
3547383,0
3112113,1
6923014,0
6198916,1
6554356,0
658864,0
860680,1
1259671,0
8898376,0
1953591,1
6954910,0
6675895,0
1716171,1
3424154,0
4671244,0
5881885,1
6780876,1
2061683,0
1951352,0
8165618,1
5676339,0
5045014,0
4637802,0
8906098,1
1760938,0
6097906,1
3115270,0
1294921,1
2253522,1
1295921,1
3831160,0
5747028,0
9866689,1
7977517,0
2053502,1
7994997,1
7818187,1
2349600,0
7873787,1
2423242,1
5861366,0
929290,1
5323976,0
2237322,1
4479078,0
4639853,0
9579326,0
1972170,0
6928296,1
4531255,0
9601356,0
1506560,0
6896110,0
2929543,0
4424244,1
672784,0
6691329,0
4494618,0
6190912,0
7370172,0
6199916,1
3663332,0
7989637,0
5629161,0
8759881,0
3082864,0
7741477,1
5043405,1
7988897,1
1235420,0
5787875,1
7696265,0
6152516,1
2138040,0
1238874,0
4060485,0
906090,1
6253330,0
8632710,0
5119430,0
5946744,0
8675684,0
7155517,1
6039306,1
8867114,0
3239323,1
9031494,0
5086682,0
5335470,0
8784214,0
9041773,0
1898078,0
6139905,0
8670356,0
6883491,0
529396,0
6065036,0
5718175,1
863851,0
7760677,1
8749292,0
6690373,0
7728991,0
4413144,1
5293880,0
9284744,0
9603078,0
5583855,1
7542589,0
3114342,0
9080809,1
985766,0
2706885,0
5734149,0
7087807,1
6890815,0
4571913,0
8734378,1
5109202,0
6975159,0
6946121,0
9868689,1
7137524,0
5606595,0
3694862,0
9398303,0
4671487,0
3079172,0
3142413,1
1192872,0
8641448,0
4992916,0
6791727,0
2419369,0
3789045,0
6229190,0
154770,0
5557555,1
9964590,0
4057605,0
9708820,0
3622725,0
8638249,0
6954965,0
2310811,0
3159888,0
8928146,0
3450074,0
3515632,0
2496238,0
6686866,1
1226026,0
1511868,0
2729805,0
626974,0
1096931,0
354097,0
9608786,0
1653763,0
1523265,0
6011106,1
7791264,0
12885,0
1037301,1
8467648,1
5713175,1
7295813,0
5649608,0
460128,0
1145728,0
1484317,0
8783327,0
3107013,1
4809084,1
1282943,0
795970,1
2176632,0
8407048,1
1943491,1
3227223,1
1163062,0
536569,0
1161065,0
8099140,0
7444822,0
4975794,1
7330502,0
2326282,0
2141441,0
2844468,0
107483,0
9814189,1
5900785,0
4369815,0
8055252,0
6057158,0
906654,0
5834385,1
5672765,1
4729627,0
6147060,0
4079269,0
2995710,0
1011997,0
7615167,1
3321402,0
5500076,0
8968698,1
8529258,1
8320921,0
8299125,0
3396933,1
6381084,0
9505631,0
7244512,0
8653379,0
8200965,0
9978807,0
2284822,1
7569373,0
1701008,0
4312535,0
382830,1
1086801,1
7327237,1
7715177,1
4156074,0
837522,0
8493049,0
1735371,1
1625776,0
1863681,1
4298133,0
8174122,0
2477219,0
6054957,0
9422457,0
5137085,0
3652861,0
4268800,0
699960,1
8351538,1
4877784,1
8141070,0
742039,0
3530353,1
5028205,1
5393935,1
2083576,0
5782113,0
9251529,1
1601061,1
7488847,1
2886515,0
6309036,1
1527314,0
5446577,0
5304194,0
9156952,0
2991158,0
286820,1
87232,0
3313133,1
5758506,0
9791298,0
3774124,0
5779775,1
234178,0
8243965,0
8168618,1
2314886,0
6589631,0
1833381,1
1665186,0
9239095,0
1197013,0
1590951,1
5956595,1
8380840,0
7152517,1
1470600,0
3897983,1
2346432,1
7453776,0
8049408,1
7376353,0
4771512,0
8020092,0
347430,1
3716609,0
83800,1
8008744,0
2271722,1
1458504,0
9812706,0
5648844,0
1755650,0
4784844,0
5552555,1
9228229,1
5308084,0
6361636,1
5823798,0
1460346,0
3769774,0
4676764,1
629276,0
8404667,0
9461209,0
7347437,1
9915548,0
9501416,0
2737187,0
1815880,0
3687407,0
3785645,0
7695365,0
9735298,0
828575,0
6544456,1
540011,0
4879844,0
4906736,0
4789874,1
1211121,1
3182920,0
6996996,1
3828502,0
2085802,1
5956367,0
1221986,0
3104013,1
5648369,0
8206599,0
5515714,0
7612108,0
7368373,0
9588485,0
4257321,0
1543854,0
1973773,0
1197729,0
9025551,0
6852586,1
9730581,0
4001004,1
9880889,1
5745475,1
2249422,1
7764171,0
6731376,1
9876498,0
2610557,0
1780871,1
5085531,0
4922356,0
2824282,1
6091757,0
8798431,0
9368858,0
9750579,1
2474247,0
5163342,0
7417619,0
5900963,0
1497955,0
9343292,0
2907047,0
562924,0
51317,0
2439670,0
4010104,1
7664190,0
9867689,1
7983897,1
1069476,0
5504055,1
805494,0
5147180,0
5112215,0
1279556,0
9285687,0
3338993,0
6879685,0
4217588,0
5012960,0
7359537,1
5489852,0
1815583,0
5258525,1
2009151,0
4334109,0
3121613,0
1633361,1
1488595,0
9967040,0
8280178,0
2618162,1
7105017,1
8168529,0
3297300,0
6401046,1
7717407,0
711875,0
3963127,0
4802515,0
535060,0
4627346,0
3954656,0
5354540,0
7173528,0
8801924,0
4424742,0
5575210,0
2143581,0
9379739,1
2188867,0
5905097,0
4194914,1
8268260,0
416884,0
4078681,0
4187422,0
6847257,0
7993631,0
5858308,0
7431927,0
2461637,0
5280825,1
7380219,0
6751159,0
4665926,0
2324498,0
847480,1
5585557,0
2804834,0
8930572,0
6543248,0
2859270,0
4408509,0
8479520,0
989890,1
7803387,0
7795781,0
6443197,0
726855,0
2066938,0
3370448,0
6106016,1
2899384,0
1871098,0
2662549,0
5058505,1
8063783,0
5074705,1
9901099,1
6975945,0
7167272,0
9383027,0
6699966,1
9298724,0
1986271,0
3093594,0
2762387,0
5843455,0
7352771,0
334951,0
2519688,0
3720604,0
5442445,1
8391037,0
2773772,1
6797752,0
6602405,0
1399136,0
5929295,1
4964090,0
2287003,0
4028889,0
1546451,1
18979,0
2981601,0
2370732,1
7975797,1
3678912,0
3843619,0
536746,0
443440,1
4996046,0
8604005,0
5667665,1
9255529,1
6611511,0
3100968,0
5446329,0
6646148,0
7476851,0
2783418,0
5094905,1
5492331,0
5036305,1
5943303,0
1937639,0
5951612,0
9672241,0
2365369,0
2040874,0
4287154,0
4019104,1
7069519,0
2922344,0
113378,0
4204024,1
1476741,1
56500,1
6575372,0
7469718,0
8215232,0
7110117,1
3756573,1
3038183,0
9273715,0
6609813,0
8595776,0
5235481,0
969509,0
3289796,0
9063385,0
274354,0
6242426,1
6971222,0
7834952,0
987427,0
8472748,1
2419142,1
3171532,0
3516073,0
8897988,1
2633646,0
1052501,1
7522361,0
9344520,0
4696964,1
461640,1
943821,0
9663923,0
6007691,0
4025719,0
2664402,0
7243427,1
3059556,0
5539751,0
6211498,0
9295309,0
3677972,0
2806082,1
7655349,0
3632363,1
7064941,0
6478308,0
725270,1
3238887,0
8064894,0
6255172,0
3777773,1
2257392,0
967000,0
9694969,1
8197010,0
5422245,1
8850588,1
5127834,0
219079,0
8478748,1
4383683,0
7456142,0
4724217,0
7069428,0
8801812,0
591950,1
9507475,0
1440940,0
2656562,1
6822846,0
1308271,0
1741631,0
4088804,1
9679463,0
1749747,0
4082826,0
5916195,1
8649285,0
1330006,0
9529259,1
6518652,0
1831381,1
7572757,1
5292993,0
5672034,0
230320,1
8172958,0
2992080,0
3637363,1
533344,0
2063602,1
6479778,0
2105012,1
5065088,0
8020608,0
7938162,0
3229223,1
5333455,0
7453002,0
3299975,0
7523046,0
3391334,0
1004988,0
4170589,0
4749474,1
3957526,0
3639559,0
1064508,0
36109,0
7501057,1
8292928,1
9098909,1
4897957,0
6847584,0
8633922,0
7497676,0
5384889,0
2816030,0
5168615,1
7401041,0
9624269,1
7381208,0
403040,1
7856587,1
4870266,0
4237891,0
8868964,0
9674293,0
7651191,0
8352693,0
9776090,0
6545456,1
5447253,0
8846922,0
3317905,0
6907817,0
4081261,0
3935117,0
714323,0
4946494,1
9241126,0
7621267,1
6435346,1
715686,0
8778841,0
8757578,1
1777970,0
2809082,1
4578731,0
5536917,0
5010105,1
7403186,0
1922652,0
775966,0
6337061,0
4625264,1
7030307,1
8873802,0
9820550,0
5353929,0
3098956,0
4024204,1
5783875,1
6056797,0
4380719,0
2789046,0
7054916,0
46400,1
6769394,0
7292927,1
629614,0
7622790,0
7489352,0
9343904,0
4474744,1
5982893,0
3185823,0
3317747,0
6631366,1
2551552,1
4348920,0
4690574,0
8584182,0
1729470,0
7069607,1
6070123,0
8794634,0
6962422,0
4873784,1
1936391,1
7295494,0
422240,1
7055586,0
2733372,1
7204117,0
8357051,0
9224389,0
8403696,0
3174579,0
2798994,0
7170478,0
5740104,0
3528388,0
9480779,0
7928297,1
8517950,0
1248484,0
9488168,0
6603437,0
4588512,0
9738379,1
109065,0
519150,1
2695269,0
9546375,0
4684014,0
2197912,1
7388837,1
2250848,0
9791475,0
5532496,0
7143417,1
4637834,0
6840749,0
9104666,0
126210,1
1691248,0
5282039,0
6274442,0
166504,0
9555317,0
7209027,1
4199119,0
4007314,0
6974565,0
2132020,0
204081,0
9408265,0
8392938,1
1848481,1
1185516,0
2351736,0
5326845,0
1589863,0
7549215,0
3292131,0
9303850,0
4166614,1
6493280,0
3464464,0
7568647,0
1003013,0
2667611,0
3972608,0
6978796,1
4635123,0
2807051,0
6605066,1
5846399,0
4428244,1
1316514,0
4140470,0
2798325,0
5282825,1
1386756,0
2436149,0
621260,1
5959230,0
9799537,0
1952591,1
7859587,1
3134255,0
5000751,0
4481054,0
2065689,0
8058121,0
5051035,0
924428,0
4824284,1
4024373,0
4391873,0
590054,0
4567336,0
1073701,1
6802086,1
8895082,0
9129258,0
2645244,0
4558030,0
1121321,0
6383499,0
7955597,1
5668665,1
8825288,1
3054888,0
5019699,0
9759526,0
7734377,1
6269626,1
9823104,0
131310,1
3004672,0
2830750,0
5223742,0
6212126,1
161573,0
3325803,0
5066331,0
7509057,1
4410508,0
2040402,1
3919463,0
4044420,0
2608497,0
3305572,0
1856792,0
2184303,0
1830236,0
4911659,0
4148414,1
4052445,0
3280823,1
3210123,1
5825252,0
4083171,0
1426645,0
2840482,1
3003032,0
9372739,1
9332179,0
3442024,0
1210979,0
6221732,0
6577540,0
763775,0
711006,0
2510113,0
8309839,0
2038725,0
9929908,0
9292655,0
5268820,0
6945838,0
5315573,0
5888820,0
4588854,1
6099439,0
3207366,0
7807087,1
9737739,0
341430,1
3310248,0
1679825,0
8041015,0
927778,0
7116239,0
4116753,0
6074353,0
7578653,0
9566872,0
6885886,1
1952519,0
3147413,1
8581507,0
3358533,1
4509662,0
5502099,0
465785,0
5795975,1
4273724,1
4351534,1
2420508,0
1625510,0
852653,0
4302540,0
8314138,1
9095504,0
5756380,0
4185038,0
9092570,0
5640903,0
9427274,0
892292,0
8740516,0
8018174,0
9683460,0
8136007,0
2274722,1
2914838,0
6869986,0
2106468,0
8131698,0
4301357,0
8006008,1
5065605,1
9884498,0
3646463,1
1560422,0
2638730,0
5238140,0
3931172,0
3775686,0
7072833,0
2812675,0
1450512,0
232320,1
7599957,1
6459941,0
8655311,0
3723172,0
373730,1
4851540,0
2393932,1
7994254,0
4118627,0
5781875,1
4956096,0
1328231,1
7534357,1
4355711,0
8750950,0
4684864,1
4886884,1
2784258,0
120318,0
3769673,1
3365015,0
3469643,1
6322236,1
3312736,0
2125024,0
1460080,0
402044,0
8354538,1
5369561,0
7311351,0
6790976,1
5368046,0
4441653,0
8590857,0
6462952,0
5089748,0
2792972,1
9913199,1
3672661,0
2868910,0
1345618,0
6283826,1
4036028,0
5896985,1
2776074,0
4708634,0
5023130,0
4780874,1
5302456,0
8237853,0
9652440,0
1796351,0
3138313,1
4945494,1
1452541,1
2074014,0
7080807,1
6982701,0
3686863,1
2526869,0
2638049,0
3122213,1
4903340,0
7419051,0
6981702,0
7600489,0
5785951,0
9708791,0
5805589,0
4851584,1
4621011,0
3264808,0
9387839,1
9066340,0
5444787,0
195434,0
6566032,0
4569230,0
4684581,0
6620266,1
380926,0
9689483,0
7860687,1
775770,1
2154644,0
3285000,0
9214129,1
3453543,1
7301871,0
9199919,1
3367126,0
9782879,1
1750597,0
3414682,0
7633367,1
3951566,0
3891693,0
1238464,0
7297308,0
517347,0
6120671,0
637360,1
9843489,1
3683002,0
8985816,0
793970,1
7668828,0
8229788,0
961690,1
8710016,0
4049830,0
7104017,1
8841488,1
9595525,0
732688,0
971240,0
4991853,0
9706085,0
6715176,1
4622750,0
911047,0
9016437,0
6352353,0
2361535,0
7395514,0
2363331,0
2358532,1
5625265,1
636360,1
7538710,0
8503181,0
6296191,0
9675363,0
3286823,1
9147918,0
9145771,0
7932573,0
8261626,0
5769911,0
777871,0
9139925,0
6349013,0
8267628,1
9067750,0
8009788,0
5688870,0
1267621,1
9837178,0
8128218,1
6094505,0
5374793,0
8430809,0
383746,0
573040,0
6453706,0
916190,1
6079016,0
6969696,1
5254720,0
6047546,0
604975,0
6130675,0
7158229,0
3884296,0
2111029,0
808917,0
1306277,0
6384836,1
3766751,0
412140,1
1145409,0
6950052,0
6439346,1
2920328,0
1648933,0
4391913,0
9453549,1
5596062,0
9026977,0
7504900,0
636249,0
1485163,0
8917198,1
6609066,1
1287821,1
6924996,0
2613823,0
5420561,0
8582858,1
7979794,0
1843322,0
6255959,0
8522258,1
4082666,0
4612164,1
9326975,0
9956599,1
9887020,0
3345433,1
2564254,0
7416138,0
2532169,0
3337565,0
138877,0
7209823,0
7175528,0
9638369,1
3295923,1
1201021,1
6111221,0
1940263,0
1208879,0
4305034,1
273037,0
8477419,0
7468588,0
7726479,0
6244474,0
3638527,0
7605927,0
7778693,0
1663635,0
5733273,0
9028209,1
8972871,0
9412976,0
2279931,0
9537707,0
6981896,1
1207021,1
5511717,0
4967538,0
9202594,0
5937172,0
5060945,0
7168026,0
4901094,1
3313820,0
4522254,1
6985098,0
5980662,0
9241014,0
7367263,0
4013577,0
2573009,0
4563169,0
1918507,0
4757396,0
2181150,0
1648325,0
8975798,1
9255784,0
3626398,0
4032504,0
9670407,0
4651212,0
8832388,1
2583949,0
7815298,0
5707227,0
6542887,0
4642464,1
5711370,0
1428984,0
418884,0
944490,1
6680221,0
835380,1
3915319,0
3678582,0
14753,0
3704715,0
1724271,1
8918198,1
4923294,1
2886882,1
7139824,0
7905714,0
7315251,0
4806845,0
2192640,0
3912657,0
4993388,0
7286080,0
4300586,0
9193919,1
3711173,1
2014360,0
3662663,1
3559047,0
7415047,0
5817525,0
5457643,0
531888,0
2414491,0
7848487,1
8923903,0
9414685,0
7800425,0
4640792,0
9947499,1
309472,0
3359203,0
1600050,0
3879783,1
5775122,0
5967581,0
9250013,0
1987891,1
1310131,1
6781314,0
5278031,0
8442994,0
9121891,0
4658253,0
9004009,1
9282727,0
2083895,0
1182811,1
8292412,0
8130204,0
1922440,0
402227,0
1543841,0
6453714,0
6344913,0
5810229,0
4959454,0
4612552,0
2330757,0
3164291,0
2436599,0
6009765,0
4196598,0
6498146,0
4137598,0
241785,0
8431237,0
7708029,0
5991783,0
6723979,0
3418955,0
783839,0
282152,0
291064,0
4075704,1
9735185,0
7886180,0
9153010,0
1775505,0
5984953,0
4637364,1
3509053,1
9374914,0
5125327,0
646213,0
3642185,0
4135135,0
4008713,0
7652597,0
5441445,1
5471745,1
3550543,0
3806508,0
3507143,0
3309033,1
3034946,0
730469,0
976367,0
2049510,0
5597955,1
9592959,1
3413143,1
745470,1
3887009,0
3952938,0
9183174,0
4649368,0
8733303,0
5923295,1
679304,0
2878215,0
8469419,0
3544916,0
5927889,0
3006003,1
8349828,0
3524393,0
3383937,0
3132313,1
5799266,0
1604982,0
5481476,0
7073477,0
4081152,0
3943351,0
2640462,1
4908155,0
785283,0
4548454,1
4148234,0
5216751,0
8074708,1
1222221,1
154510,1
7583060,0
6227226,1
5321379,0
7798977,1
9319519,0
4540187,0
3961403,0
6332386,0
8037349,0
5450794,0
5230325,1
5700075,1
9613861,0
4077681,0
6633768,0
857816,0
7477301,0
9614126,0
2183194,0
2654562,1
803423,0
7681722,0
8778778,1
1476012,0
1961981,0
1271764,0
4951872,0
2803210,0
4690964,1
3324127,0
2603062,1
1333726,0
1117111,1
4548778,0
5339816,0
4592950,0
2208188,0
3226487,0
8818188,1
8910463,0
7690338,0
1917282,0
9541459,1
8513048,0
1449504,0
3584411,0
3769728,0
2874085,0
9198775,0
4657800,0
1207971,0
8255528,1
4387003,0
5188033,0
8906791,0
6579623,0
7625517,0
948800,0
3318833,0
2454038,0
7679690,0
335147,0
8534358,1
4866155,0
7682867,1
9129444,0
8144418,1
9424265,0
3836195,0
4097904,1
6055272,0
7987897,1
1390008,0
7873765,0
4303832,0
4602159,0
1514358,0
7211754,0
7034935,0
9374983,0
5883210,0
6046924,0
3070442,0
3706160,0
6359536,1
2682573,0
9718480,0
37944,0
9376,0
2422775,0
6962696,1
6885889,0
7123538,0
9402080,0
820953,0
3765461,0
8330222,0
3504053,1
3168613,1
1286821,1
1324231,1
4012104,1
6213048,0
1904968,0
1637223,0
8879876,0
1046401,1
655371,0
6848486,1
4374734,1
6737125,0
3637606,0
2311827,0
9615176,0
2623667,0
5922295,1
3821125,0
3882313,0
6347411,0
4945158,0
2277904,0
3011589,0
9590959,1
9009478,0
6405362,0
6823286,1
4399934,1
993231,0
